Copyright 1986-2022 Xilinx, Inc. All Rights Reserved. Copyright 2022-2024 Advanced Micro Devices, Inc. All Rights Reserved.
---------------------------------------------------------------------------------------------------------------------------------------------------------------------------------------------------------------------------------------
| Tool Version : Vivado v.2024.1 (win64) Build 5076996 Wed May 22 18:37:14 MDT 2024
| Date         : Thu Dec 19 13:26:01 2024
| Host         : DESKTOP-6L1QCGQ running 64-bit major release  (build 9200)
| Command      : report_timing_summary -max_paths 10 -report_unconstrained -file Subsystem1_fil_timing_summary_routed.rpt -pb Subsystem1_fil_timing_summary_routed.pb -rpx Subsystem1_fil_timing_summary_routed.rpx -warn_on_violation
| Design       : Subsystem1_fil
| Device       : 7z010-clg400
| Speed File   : -1  PRODUCTION 1.12 2019-11-22
| Design State : Routed
---------------------------------------------------------------------------------------------------------------------------------------------------------------------------------------------------------------------------------------

Timing Summary Report

------------------------------------------------------------------------------------------------
| Timer Settings
| --------------
------------------------------------------------------------------------------------------------

  Enable Multi Corner Analysis               :  Yes
  Enable Pessimism Removal                   :  Yes
  Pessimism Removal Resolution               :  Nearest Common Node
  Enable Input Delay Default Clock           :  No
  Enable Preset / Clear Arcs                 :  No
  Disable Flight Delays                      :  No
  Ignore I/O Paths                           :  No
  Timing Early Launch at Borrowing Latches   :  No
  Borrow Time for Max Delay Exceptions       :  Yes
  Merge Timing Exceptions                    :  Yes
  Inter-SLR Compensation                     :  Conservative

  Corner  Analyze    Analyze    
  Name    Max Paths  Min Paths  
  ------  ---------  ---------  
  Slow    Yes        Yes        
  Fast    Yes        Yes        


------------------------------------------------------------------------------------------------
| Report Methodology
| ------------------
------------------------------------------------------------------------------------------------

Rule       Severity  Description                                             Violations  
---------  --------  ------------------------------------------------------  ----------  
TIMING-9   Warning   Unknown CDC Logic                                       1           
TIMING-24  Warning   Overridden Max delay datapath only                      6           
TIMING-28  Warning   Auto-derived clock referenced by a timing constraint    1           
XDCC-1     Warning   Scoped Clock constraint overwritten with the same name  1           
XDCC-7     Warning   Scoped Clock constraint overwritten on the same source  1           

Note: This report is based on the most recent report_methodology run and may not be up-to-date. Run report_methodology on the current design for the latest report.



check_timing report

Table of Contents
-----------------
1. checking no_clock (0)
2. checking constant_clock (0)
3. checking pulse_width_clock (0)
4. checking unconstrained_internal_endpoints (0)
5. checking no_input_delay (0)
6. checking no_output_delay (0)
7. checking multiple_clock (0)
8. checking generated_clocks (0)
9. checking loops (0)
10. checking partial_input_delay (0)
11. checking partial_output_delay (0)
12. checking latch_loops (0)

1. checking no_clock (0)
------------------------
 There are 0 register/latch pins with no clock.


2. checking constant_clock (0)
------------------------------
 There are 0 register/latch pins with constant_clock.


3. checking pulse_width_clock (0)
---------------------------------
 There are 0 register/latch pins which need pulse_width check


4. checking unconstrained_internal_endpoints (0)
------------------------------------------------
 There are 0 pins that are not constrained for maximum delay.

 There are 0 pins that are not constrained for maximum delay due to constant clock.


5. checking no_input_delay (0)
------------------------------
 There are 0 input ports with no input delay specified.

 There are 0 input ports with no input delay but user has a false path constraint.


6. checking no_output_delay (0)
-------------------------------
 There are 0 ports with no output delay specified.

 There are 0 ports with no output delay but user has a false path constraint

 There are 0 ports with no output delay but with a timing clock defined on it or propagating through it


7. checking multiple_clock (0)
------------------------------
 There are 0 register/latch pins with multiple clocks.


8. checking generated_clocks (0)
--------------------------------
 There are 0 generated clocks that are not connected to a clock source.


9. checking loops (0)
---------------------
 There are 0 combinational loops in the design.


10. checking partial_input_delay (0)
------------------------------------
 There are 0 input ports with partial input delay specified.


11. checking partial_output_delay (0)
-------------------------------------
 There are 0 ports with partial output delay specified.


12. checking latch_loops (0)
----------------------------
 There are 0 combinational latch loops in the design through latch input



------------------------------------------------------------------------------------------------
| Design Timing Summary
| ---------------------
------------------------------------------------------------------------------------------------

    WNS(ns)      TNS(ns)  TNS Failing Endpoints  TNS Total Endpoints      WHS(ns)      THS(ns)  THS Failing Endpoints  THS Total Endpoints     WPWS(ns)     TPWS(ns)  TPWS Failing Endpoints  TPWS Total Endpoints  
    -------      -------  ---------------------  -------------------      -------      -------  ---------------------  -------------------     --------     --------  ----------------------  --------------------  
      7.838        0.000                      0                42580        0.011        0.000                      0                42580        2.000        0.000                       0                 16532  


All user specified timing constraints are met.


------------------------------------------------------------------------------------------------
| Clock Summary
| -------------
------------------------------------------------------------------------------------------------

Clock                 Waveform(ns)         Period(ns)      Frequency(MHz)
-----                 ------------         ----------      --------------
TCK                   {0.000 7.576}        15.152          65.998          
sysclk                {0.000 4.000}        8.000           125.000         
  clk_out1_clk_wiz_0  {0.000 20.000}       40.000          25.000          
  clkfbout_clk_wiz_0  {0.000 20.000}       40.000          25.000          


------------------------------------------------------------------------------------------------
| Intra Clock Table
| -----------------
------------------------------------------------------------------------------------------------

Clock                     WNS(ns)      TNS(ns)  TNS Failing Endpoints  TNS Total Endpoints      WHS(ns)      THS(ns)  THS Failing Endpoints  THS Total Endpoints     WPWS(ns)     TPWS(ns)  TPWS Failing Endpoints  TPWS Total Endpoints  
-----                     -------      -------  ---------------------  -------------------      -------      -------  ---------------------  -------------------     --------     --------  ----------------------  --------------------  
TCK                         7.838        0.000                      0                  942        0.077        0.000                      0                  942        6.596        0.000                       0                   506  
sysclk                                                                                                                                                                  2.000        0.000                       0                     1  
  clk_out1_clk_wiz_0       19.177        0.000                      0                41638        0.011        0.000                      0                41638       18.750        0.000                       0                 16022  
  clkfbout_clk_wiz_0                                                                                                                                                   37.845        0.000                       0                     3  


------------------------------------------------------------------------------------------------
| Inter Clock Table
| -----------------
------------------------------------------------------------------------------------------------

From Clock    To Clock          WNS(ns)      TNS(ns)  TNS Failing Endpoints  TNS Total Endpoints      WHS(ns)      THS(ns)  THS Failing Endpoints  THS Total Endpoints  
----------    --------          -------      -------  ---------------------  -------------------      -------      -------  ---------------------  -------------------  


------------------------------------------------------------------------------------------------
| Other Path Groups Table
| -----------------------
------------------------------------------------------------------------------------------------

Path Group    From Clock    To Clock          WNS(ns)      TNS(ns)  TNS Failing Endpoints  TNS Total Endpoints      WHS(ns)      THS(ns)  THS Failing Endpoints  THS Total Endpoints  
----------    ----------    --------          -------      -------  ---------------------  -------------------      -------      -------  ---------------------  -------------------  


------------------------------------------------------------------------------------------------
| User Ignored Path Table
| -----------------------
------------------------------------------------------------------------------------------------

Path Group          From Clock          To Clock          
----------          ----------          --------          
(none)                                  TCK                 
(none)              TCK                 TCK                 
(none)              clk_out1_clk_wiz_0  TCK                 
(none)                                  clk_out1_clk_wiz_0  
(none)              TCK                 clk_out1_clk_wiz_0  


------------------------------------------------------------------------------------------------
| Unconstrained Path Table
| ------------------------
------------------------------------------------------------------------------------------------

Path Group          From Clock          To Clock          
----------          ----------          --------          
(none)              clkfbout_clk_wiz_0                      
(none)                                  TCK                 
(none)                                  clk_out1_clk_wiz_0  


------------------------------------------------------------------------------------------------
| Timing Details
| --------------
------------------------------------------------------------------------------------------------


---------------------------------------------------------------------------------------------------
From Clock:  TCK
  To Clock:  TCK

Setup :            0  Failing Endpoints,  Worst Slack        7.838ns,  Total Violation        0.000ns
Hold  :            0  Failing Endpoints,  Worst Slack        0.077ns,  Total Violation        0.000ns
PW    :            0  Failing Endpoints,  Worst Slack        6.596ns,  Total Violation        0.000ns
---------------------------------------------------------------------------------------------------


Max Delay Paths
--------------------------------------------------------------------------------------
Slack (MET) :             7.838ns  (required time - arrival time)
  Source:                 u_jtag_mac/user_rst_assert_reg/C
                            (rising edge-triggered cell FDRE clocked by TCK  {rise@0.000ns fall@7.576ns period=15.152ns})
  Destination:            u_jtag_mac/ver_act_rd_cnt_reg[5]/R
                            (rising edge-triggered cell FDRE clocked by TCK  {rise@0.000ns fall@7.576ns period=15.152ns})
  Path Group:             TCK
  Path Type:              Setup (Max at Slow Process Corner)
  Requirement:            15.152ns  (TCK rise@15.152ns - TCK rise@0.000ns)
  Data Path Delay:        6.686ns  (logic 0.828ns (12.385%)  route 5.858ns (87.615%))
  Logic Levels:           3  (LUT2=2 LUT6=1)
  Clock Path Skew:        -0.069ns (DCD - SCD + CPR)
    Destination Clock Delay (DCD):    2.996ns = ( 18.148 - 15.152 ) 
    Source Clock Delay      (SCD):    3.425ns
    Clock Pessimism Removal (CPR):    0.360ns
  Clock Uncertainty:      0.035ns  ((TSJ^2 + TIJ^2)^1/2 + DJ) / 2 + PE
    Total System Jitter     (TSJ):    0.071ns
    Total Input Jitter      (TIJ):    0.000ns
    Discrete Jitter          (DJ):    0.000ns
    Phase Error              (PE):    0.000ns

    Location             Delay type                Incr(ns)  Path(ns)    Netlist Resource(s)
  -------------------------------------------------------------------    -------------------
                         (clock TCK rise edge)        0.000     0.000 r  
    BSCAN_X0Y0           BSCANE2                      0.000     0.000 r  u_BSCANE2/TCK
                         net (fo=1, routed)           1.601     1.601    TCK
    BUFGCTRL_X0Y0        BUFG (Prop_bufg_I_O)         0.101     1.702 r  TCK_BUFG_inst/O
                         net (fo=505, routed)         1.723     3.425    u_jtag_mac/CLK
    SLICE_X3Y13          FDRE                                         r  u_jtag_mac/user_rst_assert_reg/C
  -------------------------------------------------------------------    -------------------
    SLICE_X3Y13          FDRE (Prop_fdre_C_Q)         0.456     3.881 r  u_jtag_mac/user_rst_assert_reg/Q
                         net (fo=66, routed)          2.399     6.280    u_jtag_mac/user_rst_assert
    SLICE_X41Y47         LUT2 (Prop_lut2_I0_O)        0.124     6.404 r  u_jtag_mac/empty_tmp_d1_i_1/O
                         net (fo=8129, routed)        2.180     8.585    u_jtag_mac/chif_reset
    SLICE_X2Y17          LUT2 (Prop_lut2_I0_O)        0.124     8.709 r  u_jtag_mac/act_rd_cnt[7]_i_6/O
                         net (fo=6, routed)           0.651     9.360    u_jtag_mac/act_rd_cnt[7]_i_6_n_0
    SLICE_X1Y17          LUT6 (Prop_lut6_I4_O)        0.124     9.484 r  u_jtag_mac/ver_act_rd_cnt[15]_i_1/O
                         net (fo=15, routed)          0.627    10.111    u_jtag_mac/ver_act_rd_cnt[15]_i_1_n_0
    SLICE_X0Y17          FDRE                                         r  u_jtag_mac/ver_act_rd_cnt_reg[5]/R
  -------------------------------------------------------------------    -------------------

                         (clock TCK rise edge)       15.152    15.152 r  
    BSCAN_X0Y0           BSCANE2                      0.000    15.152 r  u_BSCANE2/TCK
                         net (fo=1, routed)           1.366    16.518    TCK
    BUFGCTRL_X0Y0        BUFG (Prop_bufg_I_O)         0.091    16.609 r  TCK_BUFG_inst/O
                         net (fo=505, routed)         1.539    18.148    u_jtag_mac/CLK
    SLICE_X0Y17          FDRE                                         r  u_jtag_mac/ver_act_rd_cnt_reg[5]/C
                         clock pessimism              0.360    18.508    
                         clock uncertainty           -0.035    18.473    
    SLICE_X0Y17          FDRE (Setup_fdre_C_R)       -0.524    17.949    u_jtag_mac/ver_act_rd_cnt_reg[5]
  -------------------------------------------------------------------
                         required time                         17.949    
                         arrival time                         -10.111    
  -------------------------------------------------------------------
                         slack                                  7.838    

Slack (MET) :             7.838ns  (required time - arrival time)
  Source:                 u_jtag_mac/user_rst_assert_reg/C
                            (rising edge-triggered cell FDRE clocked by TCK  {rise@0.000ns fall@7.576ns period=15.152ns})
  Destination:            u_jtag_mac/ver_act_rd_cnt_reg[6]/R
                            (rising edge-triggered cell FDRE clocked by TCK  {rise@0.000ns fall@7.576ns period=15.152ns})
  Path Group:             TCK
  Path Type:              Setup (Max at Slow Process Corner)
  Requirement:            15.152ns  (TCK rise@15.152ns - TCK rise@0.000ns)
  Data Path Delay:        6.686ns  (logic 0.828ns (12.385%)  route 5.858ns (87.615%))
  Logic Levels:           3  (LUT2=2 LUT6=1)
  Clock Path Skew:        -0.069ns (DCD - SCD + CPR)
    Destination Clock Delay (DCD):    2.996ns = ( 18.148 - 15.152 ) 
    Source Clock Delay      (SCD):    3.425ns
    Clock Pessimism Removal (CPR):    0.360ns
  Clock Uncertainty:      0.035ns  ((TSJ^2 + TIJ^2)^1/2 + DJ) / 2 + PE
    Total System Jitter     (TSJ):    0.071ns
    Total Input Jitter      (TIJ):    0.000ns
    Discrete Jitter          (DJ):    0.000ns
    Phase Error              (PE):    0.000ns

    Location             Delay type                Incr(ns)  Path(ns)    Netlist Resource(s)
  -------------------------------------------------------------------    -------------------
                         (clock TCK rise edge)        0.000     0.000 r  
    BSCAN_X0Y0           BSCANE2                      0.000     0.000 r  u_BSCANE2/TCK
                         net (fo=1, routed)           1.601     1.601    TCK
    BUFGCTRL_X0Y0        BUFG (Prop_bufg_I_O)         0.101     1.702 r  TCK_BUFG_inst/O
                         net (fo=505, routed)         1.723     3.425    u_jtag_mac/CLK
    SLICE_X3Y13          FDRE                                         r  u_jtag_mac/user_rst_assert_reg/C
  -------------------------------------------------------------------    -------------------
    SLICE_X3Y13          FDRE (Prop_fdre_C_Q)         0.456     3.881 r  u_jtag_mac/user_rst_assert_reg/Q
                         net (fo=66, routed)          2.399     6.280    u_jtag_mac/user_rst_assert
    SLICE_X41Y47         LUT2 (Prop_lut2_I0_O)        0.124     6.404 r  u_jtag_mac/empty_tmp_d1_i_1/O
                         net (fo=8129, routed)        2.180     8.585    u_jtag_mac/chif_reset
    SLICE_X2Y17          LUT2 (Prop_lut2_I0_O)        0.124     8.709 r  u_jtag_mac/act_rd_cnt[7]_i_6/O
                         net (fo=6, routed)           0.651     9.360    u_jtag_mac/act_rd_cnt[7]_i_6_n_0
    SLICE_X1Y17          LUT6 (Prop_lut6_I4_O)        0.124     9.484 r  u_jtag_mac/ver_act_rd_cnt[15]_i_1/O
                         net (fo=15, routed)          0.627    10.111    u_jtag_mac/ver_act_rd_cnt[15]_i_1_n_0
    SLICE_X0Y17          FDRE                                         r  u_jtag_mac/ver_act_rd_cnt_reg[6]/R
  -------------------------------------------------------------------    -------------------

                         (clock TCK rise edge)       15.152    15.152 r  
    BSCAN_X0Y0           BSCANE2                      0.000    15.152 r  u_BSCANE2/TCK
                         net (fo=1, routed)           1.366    16.518    TCK
    BUFGCTRL_X0Y0        BUFG (Prop_bufg_I_O)         0.091    16.609 r  TCK_BUFG_inst/O
                         net (fo=505, routed)         1.539    18.148    u_jtag_mac/CLK
    SLICE_X0Y17          FDRE                                         r  u_jtag_mac/ver_act_rd_cnt_reg[6]/C
                         clock pessimism              0.360    18.508    
                         clock uncertainty           -0.035    18.473    
    SLICE_X0Y17          FDRE (Setup_fdre_C_R)       -0.524    17.949    u_jtag_mac/ver_act_rd_cnt_reg[6]
  -------------------------------------------------------------------
                         required time                         17.949    
                         arrival time                         -10.111    
  -------------------------------------------------------------------
                         slack                                  7.838    

Slack (MET) :             7.838ns  (required time - arrival time)
  Source:                 u_jtag_mac/user_rst_assert_reg/C
                            (rising edge-triggered cell FDRE clocked by TCK  {rise@0.000ns fall@7.576ns period=15.152ns})
  Destination:            u_jtag_mac/ver_act_rd_cnt_reg[7]/R
                            (rising edge-triggered cell FDRE clocked by TCK  {rise@0.000ns fall@7.576ns period=15.152ns})
  Path Group:             TCK
  Path Type:              Setup (Max at Slow Process Corner)
  Requirement:            15.152ns  (TCK rise@15.152ns - TCK rise@0.000ns)
  Data Path Delay:        6.686ns  (logic 0.828ns (12.385%)  route 5.858ns (87.615%))
  Logic Levels:           3  (LUT2=2 LUT6=1)
  Clock Path Skew:        -0.069ns (DCD - SCD + CPR)
    Destination Clock Delay (DCD):    2.996ns = ( 18.148 - 15.152 ) 
    Source Clock Delay      (SCD):    3.425ns
    Clock Pessimism Removal (CPR):    0.360ns
  Clock Uncertainty:      0.035ns  ((TSJ^2 + TIJ^2)^1/2 + DJ) / 2 + PE
    Total System Jitter     (TSJ):    0.071ns
    Total Input Jitter      (TIJ):    0.000ns
    Discrete Jitter          (DJ):    0.000ns
    Phase Error              (PE):    0.000ns

    Location             Delay type                Incr(ns)  Path(ns)    Netlist Resource(s)
  -------------------------------------------------------------------    -------------------
                         (clock TCK rise edge)        0.000     0.000 r  
    BSCAN_X0Y0           BSCANE2                      0.000     0.000 r  u_BSCANE2/TCK
                         net (fo=1, routed)           1.601     1.601    TCK
    BUFGCTRL_X0Y0        BUFG (Prop_bufg_I_O)         0.101     1.702 r  TCK_BUFG_inst/O
                         net (fo=505, routed)         1.723     3.425    u_jtag_mac/CLK
    SLICE_X3Y13          FDRE                                         r  u_jtag_mac/user_rst_assert_reg/C
  -------------------------------------------------------------------    -------------------
    SLICE_X3Y13          FDRE (Prop_fdre_C_Q)         0.456     3.881 r  u_jtag_mac/user_rst_assert_reg/Q
                         net (fo=66, routed)          2.399     6.280    u_jtag_mac/user_rst_assert
    SLICE_X41Y47         LUT2 (Prop_lut2_I0_O)        0.124     6.404 r  u_jtag_mac/empty_tmp_d1_i_1/O
                         net (fo=8129, routed)        2.180     8.585    u_jtag_mac/chif_reset
    SLICE_X2Y17          LUT2 (Prop_lut2_I0_O)        0.124     8.709 r  u_jtag_mac/act_rd_cnt[7]_i_6/O
                         net (fo=6, routed)           0.651     9.360    u_jtag_mac/act_rd_cnt[7]_i_6_n_0
    SLICE_X1Y17          LUT6 (Prop_lut6_I4_O)        0.124     9.484 r  u_jtag_mac/ver_act_rd_cnt[15]_i_1/O
                         net (fo=15, routed)          0.627    10.111    u_jtag_mac/ver_act_rd_cnt[15]_i_1_n_0
    SLICE_X0Y17          FDRE                                         r  u_jtag_mac/ver_act_rd_cnt_reg[7]/R
  -------------------------------------------------------------------    -------------------

                         (clock TCK rise edge)       15.152    15.152 r  
    BSCAN_X0Y0           BSCANE2                      0.000    15.152 r  u_BSCANE2/TCK
                         net (fo=1, routed)           1.366    16.518    TCK
    BUFGCTRL_X0Y0        BUFG (Prop_bufg_I_O)         0.091    16.609 r  TCK_BUFG_inst/O
                         net (fo=505, routed)         1.539    18.148    u_jtag_mac/CLK
    SLICE_X0Y17          FDRE                                         r  u_jtag_mac/ver_act_rd_cnt_reg[7]/C
                         clock pessimism              0.360    18.508    
                         clock uncertainty           -0.035    18.473    
    SLICE_X0Y17          FDRE (Setup_fdre_C_R)       -0.524    17.949    u_jtag_mac/ver_act_rd_cnt_reg[7]
  -------------------------------------------------------------------
                         required time                         17.949    
                         arrival time                         -10.111    
  -------------------------------------------------------------------
                         slack                                  7.838    

Slack (MET) :             7.838ns  (required time - arrival time)
  Source:                 u_jtag_mac/user_rst_assert_reg/C
                            (rising edge-triggered cell FDRE clocked by TCK  {rise@0.000ns fall@7.576ns period=15.152ns})
  Destination:            u_jtag_mac/ver_act_rd_cnt_reg[8]/R
                            (rising edge-triggered cell FDRE clocked by TCK  {rise@0.000ns fall@7.576ns period=15.152ns})
  Path Group:             TCK
  Path Type:              Setup (Max at Slow Process Corner)
  Requirement:            15.152ns  (TCK rise@15.152ns - TCK rise@0.000ns)
  Data Path Delay:        6.686ns  (logic 0.828ns (12.385%)  route 5.858ns (87.615%))
  Logic Levels:           3  (LUT2=2 LUT6=1)
  Clock Path Skew:        -0.069ns (DCD - SCD + CPR)
    Destination Clock Delay (DCD):    2.996ns = ( 18.148 - 15.152 ) 
    Source Clock Delay      (SCD):    3.425ns
    Clock Pessimism Removal (CPR):    0.360ns
  Clock Uncertainty:      0.035ns  ((TSJ^2 + TIJ^2)^1/2 + DJ) / 2 + PE
    Total System Jitter     (TSJ):    0.071ns
    Total Input Jitter      (TIJ):    0.000ns
    Discrete Jitter          (DJ):    0.000ns
    Phase Error              (PE):    0.000ns

    Location             Delay type                Incr(ns)  Path(ns)    Netlist Resource(s)
  -------------------------------------------------------------------    -------------------
                         (clock TCK rise edge)        0.000     0.000 r  
    BSCAN_X0Y0           BSCANE2                      0.000     0.000 r  u_BSCANE2/TCK
                         net (fo=1, routed)           1.601     1.601    TCK
    BUFGCTRL_X0Y0        BUFG (Prop_bufg_I_O)         0.101     1.702 r  TCK_BUFG_inst/O
                         net (fo=505, routed)         1.723     3.425    u_jtag_mac/CLK
    SLICE_X3Y13          FDRE                                         r  u_jtag_mac/user_rst_assert_reg/C
  -------------------------------------------------------------------    -------------------
    SLICE_X3Y13          FDRE (Prop_fdre_C_Q)         0.456     3.881 r  u_jtag_mac/user_rst_assert_reg/Q
                         net (fo=66, routed)          2.399     6.280    u_jtag_mac/user_rst_assert
    SLICE_X41Y47         LUT2 (Prop_lut2_I0_O)        0.124     6.404 r  u_jtag_mac/empty_tmp_d1_i_1/O
                         net (fo=8129, routed)        2.180     8.585    u_jtag_mac/chif_reset
    SLICE_X2Y17          LUT2 (Prop_lut2_I0_O)        0.124     8.709 r  u_jtag_mac/act_rd_cnt[7]_i_6/O
                         net (fo=6, routed)           0.651     9.360    u_jtag_mac/act_rd_cnt[7]_i_6_n_0
    SLICE_X1Y17          LUT6 (Prop_lut6_I4_O)        0.124     9.484 r  u_jtag_mac/ver_act_rd_cnt[15]_i_1/O
                         net (fo=15, routed)          0.627    10.111    u_jtag_mac/ver_act_rd_cnt[15]_i_1_n_0
    SLICE_X0Y17          FDRE                                         r  u_jtag_mac/ver_act_rd_cnt_reg[8]/R
  -------------------------------------------------------------------    -------------------

                         (clock TCK rise edge)       15.152    15.152 r  
    BSCAN_X0Y0           BSCANE2                      0.000    15.152 r  u_BSCANE2/TCK
                         net (fo=1, routed)           1.366    16.518    TCK
    BUFGCTRL_X0Y0        BUFG (Prop_bufg_I_O)         0.091    16.609 r  TCK_BUFG_inst/O
                         net (fo=505, routed)         1.539    18.148    u_jtag_mac/CLK
    SLICE_X0Y17          FDRE                                         r  u_jtag_mac/ver_act_rd_cnt_reg[8]/C
                         clock pessimism              0.360    18.508    
                         clock uncertainty           -0.035    18.473    
    SLICE_X0Y17          FDRE (Setup_fdre_C_R)       -0.524    17.949    u_jtag_mac/ver_act_rd_cnt_reg[8]
  -------------------------------------------------------------------
                         required time                         17.949    
                         arrival time                         -10.111    
  -------------------------------------------------------------------
                         slack                                  7.838    

Slack (MET) :             7.949ns  (required time - arrival time)
  Source:                 u_jtag_mac/user_rst_assert_reg/C
                            (rising edge-triggered cell FDRE clocked by TCK  {rise@0.000ns fall@7.576ns period=15.152ns})
  Destination:            u_jtag_mac/ver_act_rd_cnt_reg[13]/R
                            (rising edge-triggered cell FDRE clocked by TCK  {rise@0.000ns fall@7.576ns period=15.152ns})
  Path Group:             TCK
  Path Type:              Setup (Max at Slow Process Corner)
  Requirement:            15.152ns  (TCK rise@15.152ns - TCK rise@0.000ns)
  Data Path Delay:        6.572ns  (logic 0.828ns (12.600%)  route 5.744ns (87.400%))
  Logic Levels:           3  (LUT2=2 LUT6=1)
  Clock Path Skew:        -0.072ns (DCD - SCD + CPR)
    Destination Clock Delay (DCD):    2.993ns = ( 18.145 - 15.152 ) 
    Source Clock Delay      (SCD):    3.425ns
    Clock Pessimism Removal (CPR):    0.360ns
  Clock Uncertainty:      0.035ns  ((TSJ^2 + TIJ^2)^1/2 + DJ) / 2 + PE
    Total System Jitter     (TSJ):    0.071ns
    Total Input Jitter      (TIJ):    0.000ns
    Discrete Jitter          (DJ):    0.000ns
    Phase Error              (PE):    0.000ns

    Location             Delay type                Incr(ns)  Path(ns)    Netlist Resource(s)
  -------------------------------------------------------------------    -------------------
                         (clock TCK rise edge)        0.000     0.000 r  
    BSCAN_X0Y0           BSCANE2                      0.000     0.000 r  u_BSCANE2/TCK
                         net (fo=1, routed)           1.601     1.601    TCK
    BUFGCTRL_X0Y0        BUFG (Prop_bufg_I_O)         0.101     1.702 r  TCK_BUFG_inst/O
                         net (fo=505, routed)         1.723     3.425    u_jtag_mac/CLK
    SLICE_X3Y13          FDRE                                         r  u_jtag_mac/user_rst_assert_reg/C
  -------------------------------------------------------------------    -------------------
    SLICE_X3Y13          FDRE (Prop_fdre_C_Q)         0.456     3.881 r  u_jtag_mac/user_rst_assert_reg/Q
                         net (fo=66, routed)          2.399     6.280    u_jtag_mac/user_rst_assert
    SLICE_X41Y47         LUT2 (Prop_lut2_I0_O)        0.124     6.404 r  u_jtag_mac/empty_tmp_d1_i_1/O
                         net (fo=8129, routed)        2.180     8.585    u_jtag_mac/chif_reset
    SLICE_X2Y17          LUT2 (Prop_lut2_I0_O)        0.124     8.709 r  u_jtag_mac/act_rd_cnt[7]_i_6/O
                         net (fo=6, routed)           0.651     9.360    u_jtag_mac/act_rd_cnt[7]_i_6_n_0
    SLICE_X1Y17          LUT6 (Prop_lut6_I4_O)        0.124     9.484 r  u_jtag_mac/ver_act_rd_cnt[15]_i_1/O
                         net (fo=15, routed)          0.513     9.997    u_jtag_mac/ver_act_rd_cnt[15]_i_1_n_0
    SLICE_X0Y19          FDRE                                         r  u_jtag_mac/ver_act_rd_cnt_reg[13]/R
  -------------------------------------------------------------------    -------------------

                         (clock TCK rise edge)       15.152    15.152 r  
    BSCAN_X0Y0           BSCANE2                      0.000    15.152 r  u_BSCANE2/TCK
                         net (fo=1, routed)           1.366    16.518    TCK
    BUFGCTRL_X0Y0        BUFG (Prop_bufg_I_O)         0.091    16.609 r  TCK_BUFG_inst/O
                         net (fo=505, routed)         1.536    18.145    u_jtag_mac/CLK
    SLICE_X0Y19          FDRE                                         r  u_jtag_mac/ver_act_rd_cnt_reg[13]/C
                         clock pessimism              0.360    18.505    
                         clock uncertainty           -0.035    18.470    
    SLICE_X0Y19          FDRE (Setup_fdre_C_R)       -0.524    17.946    u_jtag_mac/ver_act_rd_cnt_reg[13]
  -------------------------------------------------------------------
                         required time                         17.946    
                         arrival time                          -9.997    
  -------------------------------------------------------------------
                         slack                                  7.949    

Slack (MET) :             7.949ns  (required time - arrival time)
  Source:                 u_jtag_mac/user_rst_assert_reg/C
                            (rising edge-triggered cell FDRE clocked by TCK  {rise@0.000ns fall@7.576ns period=15.152ns})
  Destination:            u_jtag_mac/ver_act_rd_cnt_reg[14]/R
                            (rising edge-triggered cell FDRE clocked by TCK  {rise@0.000ns fall@7.576ns period=15.152ns})
  Path Group:             TCK
  Path Type:              Setup (Max at Slow Process Corner)
  Requirement:            15.152ns  (TCK rise@15.152ns - TCK rise@0.000ns)
  Data Path Delay:        6.572ns  (logic 0.828ns (12.600%)  route 5.744ns (87.400%))
  Logic Levels:           3  (LUT2=2 LUT6=1)
  Clock Path Skew:        -0.072ns (DCD - SCD + CPR)
    Destination Clock Delay (DCD):    2.993ns = ( 18.145 - 15.152 ) 
    Source Clock Delay      (SCD):    3.425ns
    Clock Pessimism Removal (CPR):    0.360ns
  Clock Uncertainty:      0.035ns  ((TSJ^2 + TIJ^2)^1/2 + DJ) / 2 + PE
    Total System Jitter     (TSJ):    0.071ns
    Total Input Jitter      (TIJ):    0.000ns
    Discrete Jitter          (DJ):    0.000ns
    Phase Error              (PE):    0.000ns

    Location             Delay type                Incr(ns)  Path(ns)    Netlist Resource(s)
  -------------------------------------------------------------------    -------------------
                         (clock TCK rise edge)        0.000     0.000 r  
    BSCAN_X0Y0           BSCANE2                      0.000     0.000 r  u_BSCANE2/TCK
                         net (fo=1, routed)           1.601     1.601    TCK
    BUFGCTRL_X0Y0        BUFG (Prop_bufg_I_O)         0.101     1.702 r  TCK_BUFG_inst/O
                         net (fo=505, routed)         1.723     3.425    u_jtag_mac/CLK
    SLICE_X3Y13          FDRE                                         r  u_jtag_mac/user_rst_assert_reg/C
  -------------------------------------------------------------------    -------------------
    SLICE_X3Y13          FDRE (Prop_fdre_C_Q)         0.456     3.881 r  u_jtag_mac/user_rst_assert_reg/Q
                         net (fo=66, routed)          2.399     6.280    u_jtag_mac/user_rst_assert
    SLICE_X41Y47         LUT2 (Prop_lut2_I0_O)        0.124     6.404 r  u_jtag_mac/empty_tmp_d1_i_1/O
                         net (fo=8129, routed)        2.180     8.585    u_jtag_mac/chif_reset
    SLICE_X2Y17          LUT2 (Prop_lut2_I0_O)        0.124     8.709 r  u_jtag_mac/act_rd_cnt[7]_i_6/O
                         net (fo=6, routed)           0.651     9.360    u_jtag_mac/act_rd_cnt[7]_i_6_n_0
    SLICE_X1Y17          LUT6 (Prop_lut6_I4_O)        0.124     9.484 r  u_jtag_mac/ver_act_rd_cnt[15]_i_1/O
                         net (fo=15, routed)          0.513     9.997    u_jtag_mac/ver_act_rd_cnt[15]_i_1_n_0
    SLICE_X0Y19          FDRE                                         r  u_jtag_mac/ver_act_rd_cnt_reg[14]/R
  -------------------------------------------------------------------    -------------------

                         (clock TCK rise edge)       15.152    15.152 r  
    BSCAN_X0Y0           BSCANE2                      0.000    15.152 r  u_BSCANE2/TCK
                         net (fo=1, routed)           1.366    16.518    TCK
    BUFGCTRL_X0Y0        BUFG (Prop_bufg_I_O)         0.091    16.609 r  TCK_BUFG_inst/O
                         net (fo=505, routed)         1.536    18.145    u_jtag_mac/CLK
    SLICE_X0Y19          FDRE                                         r  u_jtag_mac/ver_act_rd_cnt_reg[14]/C
                         clock pessimism              0.360    18.505    
                         clock uncertainty           -0.035    18.470    
    SLICE_X0Y19          FDRE (Setup_fdre_C_R)       -0.524    17.946    u_jtag_mac/ver_act_rd_cnt_reg[14]
  -------------------------------------------------------------------
                         required time                         17.946    
                         arrival time                          -9.997    
  -------------------------------------------------------------------
                         slack                                  7.949    

Slack (MET) :             7.949ns  (required time - arrival time)
  Source:                 u_jtag_mac/user_rst_assert_reg/C
                            (rising edge-triggered cell FDRE clocked by TCK  {rise@0.000ns fall@7.576ns period=15.152ns})
  Destination:            u_jtag_mac/ver_act_rd_cnt_reg[15]/R
                            (rising edge-triggered cell FDRE clocked by TCK  {rise@0.000ns fall@7.576ns period=15.152ns})
  Path Group:             TCK
  Path Type:              Setup (Max at Slow Process Corner)
  Requirement:            15.152ns  (TCK rise@15.152ns - TCK rise@0.000ns)
  Data Path Delay:        6.572ns  (logic 0.828ns (12.600%)  route 5.744ns (87.400%))
  Logic Levels:           3  (LUT2=2 LUT6=1)
  Clock Path Skew:        -0.072ns (DCD - SCD + CPR)
    Destination Clock Delay (DCD):    2.993ns = ( 18.145 - 15.152 ) 
    Source Clock Delay      (SCD):    3.425ns
    Clock Pessimism Removal (CPR):    0.360ns
  Clock Uncertainty:      0.035ns  ((TSJ^2 + TIJ^2)^1/2 + DJ) / 2 + PE
    Total System Jitter     (TSJ):    0.071ns
    Total Input Jitter      (TIJ):    0.000ns
    Discrete Jitter          (DJ):    0.000ns
    Phase Error              (PE):    0.000ns

    Location             Delay type                Incr(ns)  Path(ns)    Netlist Resource(s)
  -------------------------------------------------------------------    -------------------
                         (clock TCK rise edge)        0.000     0.000 r  
    BSCAN_X0Y0           BSCANE2                      0.000     0.000 r  u_BSCANE2/TCK
                         net (fo=1, routed)           1.601     1.601    TCK
    BUFGCTRL_X0Y0        BUFG (Prop_bufg_I_O)         0.101     1.702 r  TCK_BUFG_inst/O
                         net (fo=505, routed)         1.723     3.425    u_jtag_mac/CLK
    SLICE_X3Y13          FDRE                                         r  u_jtag_mac/user_rst_assert_reg/C
  -------------------------------------------------------------------    -------------------
    SLICE_X3Y13          FDRE (Prop_fdre_C_Q)         0.456     3.881 r  u_jtag_mac/user_rst_assert_reg/Q
                         net (fo=66, routed)          2.399     6.280    u_jtag_mac/user_rst_assert
    SLICE_X41Y47         LUT2 (Prop_lut2_I0_O)        0.124     6.404 r  u_jtag_mac/empty_tmp_d1_i_1/O
                         net (fo=8129, routed)        2.180     8.585    u_jtag_mac/chif_reset
    SLICE_X2Y17          LUT2 (Prop_lut2_I0_O)        0.124     8.709 r  u_jtag_mac/act_rd_cnt[7]_i_6/O
                         net (fo=6, routed)           0.651     9.360    u_jtag_mac/act_rd_cnt[7]_i_6_n_0
    SLICE_X1Y17          LUT6 (Prop_lut6_I4_O)        0.124     9.484 r  u_jtag_mac/ver_act_rd_cnt[15]_i_1/O
                         net (fo=15, routed)          0.513     9.997    u_jtag_mac/ver_act_rd_cnt[15]_i_1_n_0
    SLICE_X0Y19          FDRE                                         r  u_jtag_mac/ver_act_rd_cnt_reg[15]/R
  -------------------------------------------------------------------    -------------------

                         (clock TCK rise edge)       15.152    15.152 r  
    BSCAN_X0Y0           BSCANE2                      0.000    15.152 r  u_BSCANE2/TCK
                         net (fo=1, routed)           1.366    16.518    TCK
    BUFGCTRL_X0Y0        BUFG (Prop_bufg_I_O)         0.091    16.609 r  TCK_BUFG_inst/O
                         net (fo=505, routed)         1.536    18.145    u_jtag_mac/CLK
    SLICE_X0Y19          FDRE                                         r  u_jtag_mac/ver_act_rd_cnt_reg[15]/C
                         clock pessimism              0.360    18.505    
                         clock uncertainty           -0.035    18.470    
    SLICE_X0Y19          FDRE (Setup_fdre_C_R)       -0.524    17.946    u_jtag_mac/ver_act_rd_cnt_reg[15]
  -------------------------------------------------------------------
                         required time                         17.946    
                         arrival time                          -9.997    
  -------------------------------------------------------------------
                         slack                                  7.949    

Slack (MET) :             7.960ns  (required time - arrival time)
  Source:                 u_jtag_mac/user_rst_assert_reg/C
                            (rising edge-triggered cell FDRE clocked by TCK  {rise@0.000ns fall@7.576ns period=15.152ns})
  Destination:            u_jtag_mac/ver_act_rd_cnt_reg[1]/R
                            (rising edge-triggered cell FDRE clocked by TCK  {rise@0.000ns fall@7.576ns period=15.152ns})
  Path Group:             TCK
  Path Type:              Setup (Max at Slow Process Corner)
  Requirement:            15.152ns  (TCK rise@15.152ns - TCK rise@0.000ns)
  Data Path Delay:        6.564ns  (logic 0.828ns (12.614%)  route 5.736ns (87.386%))
  Logic Levels:           3  (LUT2=2 LUT6=1)
  Clock Path Skew:        -0.068ns (DCD - SCD + CPR)
    Destination Clock Delay (DCD):    2.997ns = ( 18.149 - 15.152 ) 
    Source Clock Delay      (SCD):    3.425ns
    Clock Pessimism Removal (CPR):    0.360ns
  Clock Uncertainty:      0.035ns  ((TSJ^2 + TIJ^2)^1/2 + DJ) / 2 + PE
    Total System Jitter     (TSJ):    0.071ns
    Total Input Jitter      (TIJ):    0.000ns
    Discrete Jitter          (DJ):    0.000ns
    Phase Error              (PE):    0.000ns

    Location             Delay type                Incr(ns)  Path(ns)    Netlist Resource(s)
  -------------------------------------------------------------------    -------------------
                         (clock TCK rise edge)        0.000     0.000 r  
    BSCAN_X0Y0           BSCANE2                      0.000     0.000 r  u_BSCANE2/TCK
                         net (fo=1, routed)           1.601     1.601    TCK
    BUFGCTRL_X0Y0        BUFG (Prop_bufg_I_O)         0.101     1.702 r  TCK_BUFG_inst/O
                         net (fo=505, routed)         1.723     3.425    u_jtag_mac/CLK
    SLICE_X3Y13          FDRE                                         r  u_jtag_mac/user_rst_assert_reg/C
  -------------------------------------------------------------------    -------------------
    SLICE_X3Y13          FDRE (Prop_fdre_C_Q)         0.456     3.881 r  u_jtag_mac/user_rst_assert_reg/Q
                         net (fo=66, routed)          2.399     6.280    u_jtag_mac/user_rst_assert
    SLICE_X41Y47         LUT2 (Prop_lut2_I0_O)        0.124     6.404 r  u_jtag_mac/empty_tmp_d1_i_1/O
                         net (fo=8129, routed)        2.180     8.585    u_jtag_mac/chif_reset
    SLICE_X2Y17          LUT2 (Prop_lut2_I0_O)        0.124     8.709 r  u_jtag_mac/act_rd_cnt[7]_i_6/O
                         net (fo=6, routed)           0.651     9.360    u_jtag_mac/act_rd_cnt[7]_i_6_n_0
    SLICE_X1Y17          LUT6 (Prop_lut6_I4_O)        0.124     9.484 r  u_jtag_mac/ver_act_rd_cnt[15]_i_1/O
                         net (fo=15, routed)          0.506     9.989    u_jtag_mac/ver_act_rd_cnt[15]_i_1_n_0
    SLICE_X0Y16          FDRE                                         r  u_jtag_mac/ver_act_rd_cnt_reg[1]/R
  -------------------------------------------------------------------    -------------------

                         (clock TCK rise edge)       15.152    15.152 r  
    BSCAN_X0Y0           BSCANE2                      0.000    15.152 r  u_BSCANE2/TCK
                         net (fo=1, routed)           1.366    16.518    TCK
    BUFGCTRL_X0Y0        BUFG (Prop_bufg_I_O)         0.091    16.609 r  TCK_BUFG_inst/O
                         net (fo=505, routed)         1.540    18.149    u_jtag_mac/CLK
    SLICE_X0Y16          FDRE                                         r  u_jtag_mac/ver_act_rd_cnt_reg[1]/C
                         clock pessimism              0.360    18.509    
                         clock uncertainty           -0.035    18.474    
    SLICE_X0Y16          FDRE (Setup_fdre_C_R)       -0.524    17.950    u_jtag_mac/ver_act_rd_cnt_reg[1]
  -------------------------------------------------------------------
                         required time                         17.950    
                         arrival time                          -9.989    
  -------------------------------------------------------------------
                         slack                                  7.960    

Slack (MET) :             7.960ns  (required time - arrival time)
  Source:                 u_jtag_mac/user_rst_assert_reg/C
                            (rising edge-triggered cell FDRE clocked by TCK  {rise@0.000ns fall@7.576ns period=15.152ns})
  Destination:            u_jtag_mac/ver_act_rd_cnt_reg[2]/R
                            (rising edge-triggered cell FDRE clocked by TCK  {rise@0.000ns fall@7.576ns period=15.152ns})
  Path Group:             TCK
  Path Type:              Setup (Max at Slow Process Corner)
  Requirement:            15.152ns  (TCK rise@15.152ns - TCK rise@0.000ns)
  Data Path Delay:        6.564ns  (logic 0.828ns (12.614%)  route 5.736ns (87.386%))
  Logic Levels:           3  (LUT2=2 LUT6=1)
  Clock Path Skew:        -0.068ns (DCD - SCD + CPR)
    Destination Clock Delay (DCD):    2.997ns = ( 18.149 - 15.152 ) 
    Source Clock Delay      (SCD):    3.425ns
    Clock Pessimism Removal (CPR):    0.360ns
  Clock Uncertainty:      0.035ns  ((TSJ^2 + TIJ^2)^1/2 + DJ) / 2 + PE
    Total System Jitter     (TSJ):    0.071ns
    Total Input Jitter      (TIJ):    0.000ns
    Discrete Jitter          (DJ):    0.000ns
    Phase Error              (PE):    0.000ns

    Location             Delay type                Incr(ns)  Path(ns)    Netlist Resource(s)
  -------------------------------------------------------------------    -------------------
                         (clock TCK rise edge)        0.000     0.000 r  
    BSCAN_X0Y0           BSCANE2                      0.000     0.000 r  u_BSCANE2/TCK
                         net (fo=1, routed)           1.601     1.601    TCK
    BUFGCTRL_X0Y0        BUFG (Prop_bufg_I_O)         0.101     1.702 r  TCK_BUFG_inst/O
                         net (fo=505, routed)         1.723     3.425    u_jtag_mac/CLK
    SLICE_X3Y13          FDRE                                         r  u_jtag_mac/user_rst_assert_reg/C
  -------------------------------------------------------------------    -------------------
    SLICE_X3Y13          FDRE (Prop_fdre_C_Q)         0.456     3.881 r  u_jtag_mac/user_rst_assert_reg/Q
                         net (fo=66, routed)          2.399     6.280    u_jtag_mac/user_rst_assert
    SLICE_X41Y47         LUT2 (Prop_lut2_I0_O)        0.124     6.404 r  u_jtag_mac/empty_tmp_d1_i_1/O
                         net (fo=8129, routed)        2.180     8.585    u_jtag_mac/chif_reset
    SLICE_X2Y17          LUT2 (Prop_lut2_I0_O)        0.124     8.709 r  u_jtag_mac/act_rd_cnt[7]_i_6/O
                         net (fo=6, routed)           0.651     9.360    u_jtag_mac/act_rd_cnt[7]_i_6_n_0
    SLICE_X1Y17          LUT6 (Prop_lut6_I4_O)        0.124     9.484 r  u_jtag_mac/ver_act_rd_cnt[15]_i_1/O
                         net (fo=15, routed)          0.506     9.989    u_jtag_mac/ver_act_rd_cnt[15]_i_1_n_0
    SLICE_X0Y16          FDRE                                         r  u_jtag_mac/ver_act_rd_cnt_reg[2]/R
  -------------------------------------------------------------------    -------------------

                         (clock TCK rise edge)       15.152    15.152 r  
    BSCAN_X0Y0           BSCANE2                      0.000    15.152 r  u_BSCANE2/TCK
                         net (fo=1, routed)           1.366    16.518    TCK
    BUFGCTRL_X0Y0        BUFG (Prop_bufg_I_O)         0.091    16.609 r  TCK_BUFG_inst/O
                         net (fo=505, routed)         1.540    18.149    u_jtag_mac/CLK
    SLICE_X0Y16          FDRE                                         r  u_jtag_mac/ver_act_rd_cnt_reg[2]/C
                         clock pessimism              0.360    18.509    
                         clock uncertainty           -0.035    18.474    
    SLICE_X0Y16          FDRE (Setup_fdre_C_R)       -0.524    17.950    u_jtag_mac/ver_act_rd_cnt_reg[2]
  -------------------------------------------------------------------
                         required time                         17.950    
                         arrival time                          -9.989    
  -------------------------------------------------------------------
                         slack                                  7.960    

Slack (MET) :             7.960ns  (required time - arrival time)
  Source:                 u_jtag_mac/user_rst_assert_reg/C
                            (rising edge-triggered cell FDRE clocked by TCK  {rise@0.000ns fall@7.576ns period=15.152ns})
  Destination:            u_jtag_mac/ver_act_rd_cnt_reg[3]/R
                            (rising edge-triggered cell FDRE clocked by TCK  {rise@0.000ns fall@7.576ns period=15.152ns})
  Path Group:             TCK
  Path Type:              Setup (Max at Slow Process Corner)
  Requirement:            15.152ns  (TCK rise@15.152ns - TCK rise@0.000ns)
  Data Path Delay:        6.564ns  (logic 0.828ns (12.614%)  route 5.736ns (87.386%))
  Logic Levels:           3  (LUT2=2 LUT6=1)
  Clock Path Skew:        -0.068ns (DCD - SCD + CPR)
    Destination Clock Delay (DCD):    2.997ns = ( 18.149 - 15.152 ) 
    Source Clock Delay      (SCD):    3.425ns
    Clock Pessimism Removal (CPR):    0.360ns
  Clock Uncertainty:      0.035ns  ((TSJ^2 + TIJ^2)^1/2 + DJ) / 2 + PE
    Total System Jitter     (TSJ):    0.071ns
    Total Input Jitter      (TIJ):    0.000ns
    Discrete Jitter          (DJ):    0.000ns
    Phase Error              (PE):    0.000ns

    Location             Delay type                Incr(ns)  Path(ns)    Netlist Resource(s)
  -------------------------------------------------------------------    -------------------
                         (clock TCK rise edge)        0.000     0.000 r  
    BSCAN_X0Y0           BSCANE2                      0.000     0.000 r  u_BSCANE2/TCK
                         net (fo=1, routed)           1.601     1.601    TCK
    BUFGCTRL_X0Y0        BUFG (Prop_bufg_I_O)         0.101     1.702 r  TCK_BUFG_inst/O
                         net (fo=505, routed)         1.723     3.425    u_jtag_mac/CLK
    SLICE_X3Y13          FDRE                                         r  u_jtag_mac/user_rst_assert_reg/C
  -------------------------------------------------------------------    -------------------
    SLICE_X3Y13          FDRE (Prop_fdre_C_Q)         0.456     3.881 r  u_jtag_mac/user_rst_assert_reg/Q
                         net (fo=66, routed)          2.399     6.280    u_jtag_mac/user_rst_assert
    SLICE_X41Y47         LUT2 (Prop_lut2_I0_O)        0.124     6.404 r  u_jtag_mac/empty_tmp_d1_i_1/O
                         net (fo=8129, routed)        2.180     8.585    u_jtag_mac/chif_reset
    SLICE_X2Y17          LUT2 (Prop_lut2_I0_O)        0.124     8.709 r  u_jtag_mac/act_rd_cnt[7]_i_6/O
                         net (fo=6, routed)           0.651     9.360    u_jtag_mac/act_rd_cnt[7]_i_6_n_0
    SLICE_X1Y17          LUT6 (Prop_lut6_I4_O)        0.124     9.484 r  u_jtag_mac/ver_act_rd_cnt[15]_i_1/O
                         net (fo=15, routed)          0.506     9.989    u_jtag_mac/ver_act_rd_cnt[15]_i_1_n_0
    SLICE_X0Y16          FDRE                                         r  u_jtag_mac/ver_act_rd_cnt_reg[3]/R
  -------------------------------------------------------------------    -------------------

                         (clock TCK rise edge)       15.152    15.152 r  
    BSCAN_X0Y0           BSCANE2                      0.000    15.152 r  u_BSCANE2/TCK
                         net (fo=1, routed)           1.366    16.518    TCK
    BUFGCTRL_X0Y0        BUFG (Prop_bufg_I_O)         0.091    16.609 r  TCK_BUFG_inst/O
                         net (fo=505, routed)         1.540    18.149    u_jtag_mac/CLK
    SLICE_X0Y16          FDRE                                         r  u_jtag_mac/ver_act_rd_cnt_reg[3]/C
                         clock pessimism              0.360    18.509    
                         clock uncertainty           -0.035    18.474    
    SLICE_X0Y16          FDRE (Setup_fdre_C_R)       -0.524    17.950    u_jtag_mac/ver_act_rd_cnt_reg[3]
  -------------------------------------------------------------------
                         required time                         17.950    
                         arrival time                          -9.989    
  -------------------------------------------------------------------
                         slack                                  7.960    





Min Delay Paths
--------------------------------------------------------------------------------------
Slack (MET) :             0.077ns  (arrival time - required time)
  Source:                 u_jtag_mac/data_buffer_reg[6]/C
                            (rising edge-triggered cell FDRE clocked by TCK  {rise@0.000ns fall@7.576ns period=15.152ns})
  Destination:            u_jtag_mac/u_simcycle_fifo/u_simcycle_fifo/U0/inst_fifo_gen/gconvfifo.rf/grf.rf/gntv_or_sync_fifo.mem/gbm.gbmg.gbmga.ngecc.bmg/inst_blk_mem_gen/gnbram.gnativebmg.native_blk_mem_gen/valid.cstr/ramloop[0].ram.r/prim_noinit.ram/DEVICE_7SERIES.NO_BMM_INFO.SDP.WIDE_PRIM18.ram/DIADI[10]
                            (rising edge-triggered cell RAMB18E1 clocked by TCK  {rise@0.000ns fall@7.576ns period=15.152ns})
  Path Group:             TCK
  Path Type:              Hold (Min at Fast Process Corner)
  Requirement:            0.000ns  (TCK rise@0.000ns - TCK rise@0.000ns)
  Data Path Delay:        0.436ns  (logic 0.164ns (37.633%)  route 0.272ns (62.367%))
  Logic Levels:           0  
  Clock Path Skew:        0.062ns (DCD - SCD - CPR)
    Destination Clock Delay (DCD):    1.588ns
    Source Clock Delay      (SCD):    1.175ns
    Clock Pessimism Removal (CPR):    0.351ns

    Location             Delay type                Incr(ns)  Path(ns)    Netlist Resource(s)
  -------------------------------------------------------------------    -------------------
                         (clock TCK rise edge)        0.000     0.000 r  
    BSCAN_X0Y0           BSCANE2                      0.000     0.000 r  u_BSCANE2/TCK
                         net (fo=1, routed)           0.589     0.589    TCK
    BUFGCTRL_X0Y0        BUFG (Prop_bufg_I_O)         0.026     0.615 r  TCK_BUFG_inst/O
                         net (fo=505, routed)         0.560     1.175    u_jtag_mac/CLK
    SLICE_X6Y17          FDRE                                         r  u_jtag_mac/data_buffer_reg[6]/C
  -------------------------------------------------------------------    -------------------
    SLICE_X6Y17          FDRE (Prop_fdre_C_Q)         0.164     1.339 r  u_jtag_mac/data_buffer_reg[6]/Q
                         net (fo=4, routed)           0.272     1.610    u_jtag_mac/u_simcycle_fifo/u_simcycle_fifo/U0/inst_fifo_gen/gconvfifo.rf/grf.rf/gntv_or_sync_fifo.mem/gbm.gbmg.gbmga.ngecc.bmg/inst_blk_mem_gen/gnbram.gnativebmg.native_blk_mem_gen/valid.cstr/ramloop[0].ram.r/prim_noinit.ram/din[6]
    RAMB18_X0Y4          RAMB18E1                                     r  u_jtag_mac/u_simcycle_fifo/u_simcycle_fifo/U0/inst_fifo_gen/gconvfifo.rf/grf.rf/gntv_or_sync_fifo.mem/gbm.gbmg.gbmga.ngecc.bmg/inst_blk_mem_gen/gnbram.gnativebmg.native_blk_mem_gen/valid.cstr/ramloop[0].ram.r/prim_noinit.ram/DEVICE_7SERIES.NO_BMM_INFO.SDP.WIDE_PRIM18.ram/DIADI[10]
  -------------------------------------------------------------------    -------------------

                         (clock TCK rise edge)        0.000     0.000 r  
    BSCAN_X0Y0           BSCANE2                      0.000     0.000 r  u_BSCANE2/TCK
                         net (fo=1, routed)           0.685     0.685    TCK
    BUFGCTRL_X0Y0        BUFG (Prop_bufg_I_O)         0.029     0.714 r  TCK_BUFG_inst/O
                         net (fo=505, routed)         0.874     1.588    u_jtag_mac/u_simcycle_fifo/u_simcycle_fifo/U0/inst_fifo_gen/gconvfifo.rf/grf.rf/gntv_or_sync_fifo.mem/gbm.gbmg.gbmga.ngecc.bmg/inst_blk_mem_gen/gnbram.gnativebmg.native_blk_mem_gen/valid.cstr/ramloop[0].ram.r/prim_noinit.ram/wr_clk
    RAMB18_X0Y4          RAMB18E1                                     r  u_jtag_mac/u_simcycle_fifo/u_simcycle_fifo/U0/inst_fifo_gen/gconvfifo.rf/grf.rf/gntv_or_sync_fifo.mem/gbm.gbmg.gbmga.ngecc.bmg/inst_blk_mem_gen/gnbram.gnativebmg.native_blk_mem_gen/valid.cstr/ramloop[0].ram.r/prim_noinit.ram/DEVICE_7SERIES.NO_BMM_INFO.SDP.WIDE_PRIM18.ram/CLKBWRCLK
                         clock pessimism             -0.351     1.237    
    RAMB18_X0Y4          RAMB18E1 (Hold_ramb18e1_CLKBWRCLK_DIADI[10])
                                                      0.296     1.533    u_jtag_mac/u_simcycle_fifo/u_simcycle_fifo/U0/inst_fifo_gen/gconvfifo.rf/grf.rf/gntv_or_sync_fifo.mem/gbm.gbmg.gbmga.ngecc.bmg/inst_blk_mem_gen/gnbram.gnativebmg.native_blk_mem_gen/valid.cstr/ramloop[0].ram.r/prim_noinit.ram/DEVICE_7SERIES.NO_BMM_INFO.SDP.WIDE_PRIM18.ram
  -------------------------------------------------------------------
                         required time                         -1.533    
                         arrival time                           1.610    
  -------------------------------------------------------------------
                         slack                                  0.077    

Slack (MET) :             0.121ns  (arrival time - required time)
  Source:                 u_jtag_mac/u_post_chif_fifo/u_jtag_mac_fifo/U0/inst_fifo_gen/gconvfifo.rf/grf.rf/gntv_or_sync_fifo.gcx.clkx/wr_pntr_cdc_inst/dest_graysync_ff_reg[0][9]/C
                            (rising edge-triggered cell FDRE clocked by TCK  {rise@0.000ns fall@7.576ns period=15.152ns})
  Destination:            u_jtag_mac/u_post_chif_fifo/u_jtag_mac_fifo/U0/inst_fifo_gen/gconvfifo.rf/grf.rf/gntv_or_sync_fifo.gcx.clkx/wr_pntr_cdc_inst/dest_graysync_ff_reg[1][9]/D
                            (rising edge-triggered cell FDRE clocked by TCK  {rise@0.000ns fall@7.576ns period=15.152ns})
  Path Group:             TCK
  Path Type:              Hold (Min at Fast Process Corner)
  Requirement:            0.000ns  (TCK rise@0.000ns - TCK rise@0.000ns)
  Data Path Delay:        0.197ns  (logic 0.141ns (71.611%)  route 0.056ns (28.389%))
  Logic Levels:           0  
  Clock Path Skew:        0.000ns (DCD - SCD - CPR)
    Destination Clock Delay (DCD):    1.555ns
    Source Clock Delay      (SCD):    1.190ns
    Clock Pessimism Removal (CPR):    0.365ns

    Location             Delay type                Incr(ns)  Path(ns)    Netlist Resource(s)
  -------------------------------------------------------------------    -------------------
                         (clock TCK rise edge)        0.000     0.000 r  
    BSCAN_X0Y0           BSCANE2                      0.000     0.000 r  u_BSCANE2/TCK
                         net (fo=1, routed)           0.589     0.589    TCK
    BUFGCTRL_X0Y0        BUFG (Prop_bufg_I_O)         0.026     0.615 r  TCK_BUFG_inst/O
                         net (fo=505, routed)         0.575     1.190    u_jtag_mac/u_post_chif_fifo/u_jtag_mac_fifo/U0/inst_fifo_gen/gconvfifo.rf/grf.rf/gntv_or_sync_fifo.gcx.clkx/wr_pntr_cdc_inst/dest_clk
    SLICE_X5Y28          FDRE                                         r  u_jtag_mac/u_post_chif_fifo/u_jtag_mac_fifo/U0/inst_fifo_gen/gconvfifo.rf/grf.rf/gntv_or_sync_fifo.gcx.clkx/wr_pntr_cdc_inst/dest_graysync_ff_reg[0][9]/C
  -------------------------------------------------------------------    -------------------
    SLICE_X5Y28          FDRE (Prop_fdre_C_Q)         0.141     1.331 r  u_jtag_mac/u_post_chif_fifo/u_jtag_mac_fifo/U0/inst_fifo_gen/gconvfifo.rf/grf.rf/gntv_or_sync_fifo.gcx.clkx/wr_pntr_cdc_inst/dest_graysync_ff_reg[0][9]/Q
                         net (fo=1, routed)           0.056     1.387    u_jtag_mac/u_post_chif_fifo/u_jtag_mac_fifo/U0/inst_fifo_gen/gconvfifo.rf/grf.rf/gntv_or_sync_fifo.gcx.clkx/wr_pntr_cdc_inst/dest_graysync_ff[0][9]
    SLICE_X5Y28          FDRE                                         r  u_jtag_mac/u_post_chif_fifo/u_jtag_mac_fifo/U0/inst_fifo_gen/gconvfifo.rf/grf.rf/gntv_or_sync_fifo.gcx.clkx/wr_pntr_cdc_inst/dest_graysync_ff_reg[1][9]/D
  -------------------------------------------------------------------    -------------------

                         (clock TCK rise edge)        0.000     0.000 r  
    BSCAN_X0Y0           BSCANE2                      0.000     0.000 r  u_BSCANE2/TCK
                         net (fo=1, routed)           0.685     0.685    TCK
    BUFGCTRL_X0Y0        BUFG (Prop_bufg_I_O)         0.029     0.714 r  TCK_BUFG_inst/O
                         net (fo=505, routed)         0.841     1.555    u_jtag_mac/u_post_chif_fifo/u_jtag_mac_fifo/U0/inst_fifo_gen/gconvfifo.rf/grf.rf/gntv_or_sync_fifo.gcx.clkx/wr_pntr_cdc_inst/dest_clk
    SLICE_X5Y28          FDRE                                         r  u_jtag_mac/u_post_chif_fifo/u_jtag_mac_fifo/U0/inst_fifo_gen/gconvfifo.rf/grf.rf/gntv_or_sync_fifo.gcx.clkx/wr_pntr_cdc_inst/dest_graysync_ff_reg[1][9]/C
                         clock pessimism             -0.365     1.190    
    SLICE_X5Y28          FDRE (Hold_fdre_C_D)         0.076     1.266    u_jtag_mac/u_post_chif_fifo/u_jtag_mac_fifo/U0/inst_fifo_gen/gconvfifo.rf/grf.rf/gntv_or_sync_fifo.gcx.clkx/wr_pntr_cdc_inst/dest_graysync_ff_reg[1][9]
  -------------------------------------------------------------------
                         required time                         -1.266    
                         arrival time                           1.387    
  -------------------------------------------------------------------
                         slack                                  0.121    

Slack (MET) :             0.122ns  (arrival time - required time)
  Source:                 u_jtag_mac/u_pre_chif_fifo/u_jtag_mac_fifo/U0/inst_fifo_gen/gconvfifo.rf/grf.rf/gntv_or_sync_fifo.gcx.clkx/rd_pntr_cdc_inst/dest_graysync_ff_reg[0][6]/C
                            (rising edge-triggered cell FDRE clocked by TCK  {rise@0.000ns fall@7.576ns period=15.152ns})
  Destination:            u_jtag_mac/u_pre_chif_fifo/u_jtag_mac_fifo/U0/inst_fifo_gen/gconvfifo.rf/grf.rf/gntv_or_sync_fifo.gcx.clkx/rd_pntr_cdc_inst/dest_graysync_ff_reg[1][6]/D
                            (rising edge-triggered cell FDRE clocked by TCK  {rise@0.000ns fall@7.576ns period=15.152ns})
  Path Group:             TCK
  Path Type:              Hold (Min at Fast Process Corner)
  Requirement:            0.000ns  (TCK rise@0.000ns - TCK rise@0.000ns)
  Data Path Delay:        0.197ns  (logic 0.141ns (71.611%)  route 0.056ns (28.389%))
  Logic Levels:           0  
  Clock Path Skew:        0.000ns (DCD - SCD - CPR)
    Destination Clock Delay (DCD):    1.538ns
    Source Clock Delay      (SCD):    1.173ns
    Clock Pessimism Removal (CPR):    0.365ns

    Location             Delay type                Incr(ns)  Path(ns)    Netlist Resource(s)
  -------------------------------------------------------------------    -------------------
                         (clock TCK rise edge)        0.000     0.000 r  
    BSCAN_X0Y0           BSCANE2                      0.000     0.000 r  u_BSCANE2/TCK
                         net (fo=1, routed)           0.589     0.589    TCK
    BUFGCTRL_X0Y0        BUFG (Prop_bufg_I_O)         0.026     0.615 r  TCK_BUFG_inst/O
                         net (fo=505, routed)         0.558     1.173    u_jtag_mac/u_pre_chif_fifo/u_jtag_mac_fifo/U0/inst_fifo_gen/gconvfifo.rf/grf.rf/gntv_or_sync_fifo.gcx.clkx/rd_pntr_cdc_inst/dest_clk
    SLICE_X13Y19         FDRE                                         r  u_jtag_mac/u_pre_chif_fifo/u_jtag_mac_fifo/U0/inst_fifo_gen/gconvfifo.rf/grf.rf/gntv_or_sync_fifo.gcx.clkx/rd_pntr_cdc_inst/dest_graysync_ff_reg[0][6]/C
  -------------------------------------------------------------------    -------------------
    SLICE_X13Y19         FDRE (Prop_fdre_C_Q)         0.141     1.314 r  u_jtag_mac/u_pre_chif_fifo/u_jtag_mac_fifo/U0/inst_fifo_gen/gconvfifo.rf/grf.rf/gntv_or_sync_fifo.gcx.clkx/rd_pntr_cdc_inst/dest_graysync_ff_reg[0][6]/Q
                         net (fo=1, routed)           0.056     1.370    u_jtag_mac/u_pre_chif_fifo/u_jtag_mac_fifo/U0/inst_fifo_gen/gconvfifo.rf/grf.rf/gntv_or_sync_fifo.gcx.clkx/rd_pntr_cdc_inst/dest_graysync_ff[0][6]
    SLICE_X13Y19         FDRE                                         r  u_jtag_mac/u_pre_chif_fifo/u_jtag_mac_fifo/U0/inst_fifo_gen/gconvfifo.rf/grf.rf/gntv_or_sync_fifo.gcx.clkx/rd_pntr_cdc_inst/dest_graysync_ff_reg[1][6]/D
  -------------------------------------------------------------------    -------------------

                         (clock TCK rise edge)        0.000     0.000 r  
    BSCAN_X0Y0           BSCANE2                      0.000     0.000 r  u_BSCANE2/TCK
                         net (fo=1, routed)           0.685     0.685    TCK
    BUFGCTRL_X0Y0        BUFG (Prop_bufg_I_O)         0.029     0.714 r  TCK_BUFG_inst/O
                         net (fo=505, routed)         0.824     1.538    u_jtag_mac/u_pre_chif_fifo/u_jtag_mac_fifo/U0/inst_fifo_gen/gconvfifo.rf/grf.rf/gntv_or_sync_fifo.gcx.clkx/rd_pntr_cdc_inst/dest_clk
    SLICE_X13Y19         FDRE                                         r  u_jtag_mac/u_pre_chif_fifo/u_jtag_mac_fifo/U0/inst_fifo_gen/gconvfifo.rf/grf.rf/gntv_or_sync_fifo.gcx.clkx/rd_pntr_cdc_inst/dest_graysync_ff_reg[1][6]/C
                         clock pessimism             -0.365     1.173    
    SLICE_X13Y19         FDRE (Hold_fdre_C_D)         0.075     1.248    u_jtag_mac/u_pre_chif_fifo/u_jtag_mac_fifo/U0/inst_fifo_gen/gconvfifo.rf/grf.rf/gntv_or_sync_fifo.gcx.clkx/rd_pntr_cdc_inst/dest_graysync_ff_reg[1][6]
  -------------------------------------------------------------------
                         required time                         -1.248    
                         arrival time                           1.370    
  -------------------------------------------------------------------
                         slack                                  0.122    

Slack (MET) :             0.122ns  (arrival time - required time)
  Source:                 u_jtag_mac/u_simcycle_fifo/u_simcycle_fifo/U0/inst_fifo_gen/gconvfifo.rf/grf.rf/gntv_or_sync_fifo.gcx.clkx/rd_pntr_cdc_inst/dest_graysync_ff_reg[0][0]/C
                            (rising edge-triggered cell FDRE clocked by TCK  {rise@0.000ns fall@7.576ns period=15.152ns})
  Destination:            u_jtag_mac/u_simcycle_fifo/u_simcycle_fifo/U0/inst_fifo_gen/gconvfifo.rf/grf.rf/gntv_or_sync_fifo.gcx.clkx/rd_pntr_cdc_inst/dest_graysync_ff_reg[1][0]/D
                            (rising edge-triggered cell FDRE clocked by TCK  {rise@0.000ns fall@7.576ns period=15.152ns})
  Path Group:             TCK
  Path Type:              Hold (Min at Fast Process Corner)
  Requirement:            0.000ns  (TCK rise@0.000ns - TCK rise@0.000ns)
  Data Path Delay:        0.197ns  (logic 0.141ns (71.611%)  route 0.056ns (28.389%))
  Logic Levels:           0  
  Clock Path Skew:        0.000ns (DCD - SCD - CPR)
    Destination Clock Delay (DCD):    1.547ns
    Source Clock Delay      (SCD):    1.180ns
    Clock Pessimism Removal (CPR):    0.367ns

    Location             Delay type                Incr(ns)  Path(ns)    Netlist Resource(s)
  -------------------------------------------------------------------    -------------------
                         (clock TCK rise edge)        0.000     0.000 r  
    BSCAN_X0Y0           BSCANE2                      0.000     0.000 r  u_BSCANE2/TCK
                         net (fo=1, routed)           0.589     0.589    TCK
    BUFGCTRL_X0Y0        BUFG (Prop_bufg_I_O)         0.026     0.615 r  TCK_BUFG_inst/O
                         net (fo=505, routed)         0.565     1.180    u_jtag_mac/u_simcycle_fifo/u_simcycle_fifo/U0/inst_fifo_gen/gconvfifo.rf/grf.rf/gntv_or_sync_fifo.gcx.clkx/rd_pntr_cdc_inst/dest_clk
    SLICE_X7Y9           FDRE                                         r  u_jtag_mac/u_simcycle_fifo/u_simcycle_fifo/U0/inst_fifo_gen/gconvfifo.rf/grf.rf/gntv_or_sync_fifo.gcx.clkx/rd_pntr_cdc_inst/dest_graysync_ff_reg[0][0]/C
  -------------------------------------------------------------------    -------------------
    SLICE_X7Y9           FDRE (Prop_fdre_C_Q)         0.141     1.321 r  u_jtag_mac/u_simcycle_fifo/u_simcycle_fifo/U0/inst_fifo_gen/gconvfifo.rf/grf.rf/gntv_or_sync_fifo.gcx.clkx/rd_pntr_cdc_inst/dest_graysync_ff_reg[0][0]/Q
                         net (fo=1, routed)           0.056     1.377    u_jtag_mac/u_simcycle_fifo/u_simcycle_fifo/U0/inst_fifo_gen/gconvfifo.rf/grf.rf/gntv_or_sync_fifo.gcx.clkx/rd_pntr_cdc_inst/dest_graysync_ff[0][0]
    SLICE_X7Y9           FDRE                                         r  u_jtag_mac/u_simcycle_fifo/u_simcycle_fifo/U0/inst_fifo_gen/gconvfifo.rf/grf.rf/gntv_or_sync_fifo.gcx.clkx/rd_pntr_cdc_inst/dest_graysync_ff_reg[1][0]/D
  -------------------------------------------------------------------    -------------------

                         (clock TCK rise edge)        0.000     0.000 r  
    BSCAN_X0Y0           BSCANE2                      0.000     0.000 r  u_BSCANE2/TCK
                         net (fo=1, routed)           0.685     0.685    TCK
    BUFGCTRL_X0Y0        BUFG (Prop_bufg_I_O)         0.029     0.714 r  TCK_BUFG_inst/O
                         net (fo=505, routed)         0.833     1.547    u_jtag_mac/u_simcycle_fifo/u_simcycle_fifo/U0/inst_fifo_gen/gconvfifo.rf/grf.rf/gntv_or_sync_fifo.gcx.clkx/rd_pntr_cdc_inst/dest_clk
    SLICE_X7Y9           FDRE                                         r  u_jtag_mac/u_simcycle_fifo/u_simcycle_fifo/U0/inst_fifo_gen/gconvfifo.rf/grf.rf/gntv_or_sync_fifo.gcx.clkx/rd_pntr_cdc_inst/dest_graysync_ff_reg[1][0]/C
                         clock pessimism             -0.367     1.180    
    SLICE_X7Y9           FDRE (Hold_fdre_C_D)         0.075     1.255    u_jtag_mac/u_simcycle_fifo/u_simcycle_fifo/U0/inst_fifo_gen/gconvfifo.rf/grf.rf/gntv_or_sync_fifo.gcx.clkx/rd_pntr_cdc_inst/dest_graysync_ff_reg[1][0]
  -------------------------------------------------------------------
                         required time                         -1.255    
                         arrival time                           1.377    
  -------------------------------------------------------------------
                         slack                                  0.122    

Slack (MET) :             0.122ns  (arrival time - required time)
  Source:                 u_jtag_mac/u_post_chif_fifo/u_jtag_mac_fifo/U0/inst_fifo_gen/gconvfifo.rf/grf.rf/gntv_or_sync_fifo.gcx.clkx/wr_pntr_cdc_inst/dest_graysync_ff_reg[0][3]/C
                            (rising edge-triggered cell FDRE clocked by TCK  {rise@0.000ns fall@7.576ns period=15.152ns})
  Destination:            u_jtag_mac/u_post_chif_fifo/u_jtag_mac_fifo/U0/inst_fifo_gen/gconvfifo.rf/grf.rf/gntv_or_sync_fifo.gcx.clkx/wr_pntr_cdc_inst/dest_graysync_ff_reg[1][3]/D
                            (rising edge-triggered cell FDRE clocked by TCK  {rise@0.000ns fall@7.576ns period=15.152ns})
  Path Group:             TCK
  Path Type:              Hold (Min at Fast Process Corner)
  Requirement:            0.000ns  (TCK rise@0.000ns - TCK rise@0.000ns)
  Data Path Delay:        0.197ns  (logic 0.141ns (71.611%)  route 0.056ns (28.389%))
  Logic Levels:           0  
  Clock Path Skew:        0.000ns (DCD - SCD - CPR)
    Destination Clock Delay (DCD):    1.552ns
    Source Clock Delay      (SCD):    1.188ns
    Clock Pessimism Removal (CPR):    0.364ns

    Location             Delay type                Incr(ns)  Path(ns)    Netlist Resource(s)
  -------------------------------------------------------------------    -------------------
                         (clock TCK rise edge)        0.000     0.000 r  
    BSCAN_X0Y0           BSCANE2                      0.000     0.000 r  u_BSCANE2/TCK
                         net (fo=1, routed)           0.589     0.589    TCK
    BUFGCTRL_X0Y0        BUFG (Prop_bufg_I_O)         0.026     0.615 r  TCK_BUFG_inst/O
                         net (fo=505, routed)         0.573     1.188    u_jtag_mac/u_post_chif_fifo/u_jtag_mac_fifo/U0/inst_fifo_gen/gconvfifo.rf/grf.rf/gntv_or_sync_fifo.gcx.clkx/wr_pntr_cdc_inst/dest_clk
    SLICE_X5Y26          FDRE                                         r  u_jtag_mac/u_post_chif_fifo/u_jtag_mac_fifo/U0/inst_fifo_gen/gconvfifo.rf/grf.rf/gntv_or_sync_fifo.gcx.clkx/wr_pntr_cdc_inst/dest_graysync_ff_reg[0][3]/C
  -------------------------------------------------------------------    -------------------
    SLICE_X5Y26          FDRE (Prop_fdre_C_Q)         0.141     1.329 r  u_jtag_mac/u_post_chif_fifo/u_jtag_mac_fifo/U0/inst_fifo_gen/gconvfifo.rf/grf.rf/gntv_or_sync_fifo.gcx.clkx/wr_pntr_cdc_inst/dest_graysync_ff_reg[0][3]/Q
                         net (fo=1, routed)           0.056     1.385    u_jtag_mac/u_post_chif_fifo/u_jtag_mac_fifo/U0/inst_fifo_gen/gconvfifo.rf/grf.rf/gntv_or_sync_fifo.gcx.clkx/wr_pntr_cdc_inst/dest_graysync_ff[0][3]
    SLICE_X5Y26          FDRE                                         r  u_jtag_mac/u_post_chif_fifo/u_jtag_mac_fifo/U0/inst_fifo_gen/gconvfifo.rf/grf.rf/gntv_or_sync_fifo.gcx.clkx/wr_pntr_cdc_inst/dest_graysync_ff_reg[1][3]/D
  -------------------------------------------------------------------    -------------------

                         (clock TCK rise edge)        0.000     0.000 r  
    BSCAN_X0Y0           BSCANE2                      0.000     0.000 r  u_BSCANE2/TCK
                         net (fo=1, routed)           0.685     0.685    TCK
    BUFGCTRL_X0Y0        BUFG (Prop_bufg_I_O)         0.029     0.714 r  TCK_BUFG_inst/O
                         net (fo=505, routed)         0.838     1.552    u_jtag_mac/u_post_chif_fifo/u_jtag_mac_fifo/U0/inst_fifo_gen/gconvfifo.rf/grf.rf/gntv_or_sync_fifo.gcx.clkx/wr_pntr_cdc_inst/dest_clk
    SLICE_X5Y26          FDRE                                         r  u_jtag_mac/u_post_chif_fifo/u_jtag_mac_fifo/U0/inst_fifo_gen/gconvfifo.rf/grf.rf/gntv_or_sync_fifo.gcx.clkx/wr_pntr_cdc_inst/dest_graysync_ff_reg[1][3]/C
                         clock pessimism             -0.364     1.188    
    SLICE_X5Y26          FDRE (Hold_fdre_C_D)         0.075     1.263    u_jtag_mac/u_post_chif_fifo/u_jtag_mac_fifo/U0/inst_fifo_gen/gconvfifo.rf/grf.rf/gntv_or_sync_fifo.gcx.clkx/wr_pntr_cdc_inst/dest_graysync_ff_reg[1][3]
  -------------------------------------------------------------------
                         required time                         -1.263    
                         arrival time                           1.385    
  -------------------------------------------------------------------
                         slack                                  0.122    

Slack (MET) :             0.122ns  (arrival time - required time)
  Source:                 u_jtag_mac/u_post_chif_fifo/u_jtag_mac_fifo/U0/inst_fifo_gen/gconvfifo.rf/grf.rf/rstblk/ngwrdrst.grst.g7serrst.gsckt_wrst.gic_rst.xpm_cdc_sync_rst_inst_wrst/syncstages_ff_reg[0]/C
                            (rising edge-triggered cell FDRE clocked by TCK  {rise@0.000ns fall@7.576ns period=15.152ns})
  Destination:            u_jtag_mac/u_post_chif_fifo/u_jtag_mac_fifo/U0/inst_fifo_gen/gconvfifo.rf/grf.rf/rstblk/ngwrdrst.grst.g7serrst.gsckt_wrst.gic_rst.xpm_cdc_sync_rst_inst_wrst/syncstages_ff_reg[1]/D
                            (rising edge-triggered cell FDRE clocked by TCK  {rise@0.000ns fall@7.576ns period=15.152ns})
  Path Group:             TCK
  Path Type:              Hold (Min at Fast Process Corner)
  Requirement:            0.000ns  (TCK rise@0.000ns - TCK rise@0.000ns)
  Data Path Delay:        0.197ns  (logic 0.141ns (71.611%)  route 0.056ns (28.389%))
  Logic Levels:           0  
  Clock Path Skew:        0.000ns (DCD - SCD - CPR)
    Destination Clock Delay (DCD):    1.552ns
    Source Clock Delay      (SCD):    1.188ns
    Clock Pessimism Removal (CPR):    0.364ns

    Location             Delay type                Incr(ns)  Path(ns)    Netlist Resource(s)
  -------------------------------------------------------------------    -------------------
                         (clock TCK rise edge)        0.000     0.000 r  
    BSCAN_X0Y0           BSCANE2                      0.000     0.000 r  u_BSCANE2/TCK
                         net (fo=1, routed)           0.589     0.589    TCK
    BUFGCTRL_X0Y0        BUFG (Prop_bufg_I_O)         0.026     0.615 r  TCK_BUFG_inst/O
                         net (fo=505, routed)         0.573     1.188    u_jtag_mac/u_post_chif_fifo/u_jtag_mac_fifo/U0/inst_fifo_gen/gconvfifo.rf/grf.rf/rstblk/ngwrdrst.grst.g7serrst.gsckt_wrst.gic_rst.xpm_cdc_sync_rst_inst_wrst/dest_clk
    SLICE_X3Y26          FDRE                                         r  u_jtag_mac/u_post_chif_fifo/u_jtag_mac_fifo/U0/inst_fifo_gen/gconvfifo.rf/grf.rf/rstblk/ngwrdrst.grst.g7serrst.gsckt_wrst.gic_rst.xpm_cdc_sync_rst_inst_wrst/syncstages_ff_reg[0]/C
  -------------------------------------------------------------------    -------------------
    SLICE_X3Y26          FDRE (Prop_fdre_C_Q)         0.141     1.329 r  u_jtag_mac/u_post_chif_fifo/u_jtag_mac_fifo/U0/inst_fifo_gen/gconvfifo.rf/grf.rf/rstblk/ngwrdrst.grst.g7serrst.gsckt_wrst.gic_rst.xpm_cdc_sync_rst_inst_wrst/syncstages_ff_reg[0]/Q
                         net (fo=1, routed)           0.056     1.385    u_jtag_mac/u_post_chif_fifo/u_jtag_mac_fifo/U0/inst_fifo_gen/gconvfifo.rf/grf.rf/rstblk/ngwrdrst.grst.g7serrst.gsckt_wrst.gic_rst.xpm_cdc_sync_rst_inst_wrst/syncstages_ff[0]
    SLICE_X3Y26          FDRE                                         r  u_jtag_mac/u_post_chif_fifo/u_jtag_mac_fifo/U0/inst_fifo_gen/gconvfifo.rf/grf.rf/rstblk/ngwrdrst.grst.g7serrst.gsckt_wrst.gic_rst.xpm_cdc_sync_rst_inst_wrst/syncstages_ff_reg[1]/D
  -------------------------------------------------------------------    -------------------

                         (clock TCK rise edge)        0.000     0.000 r  
    BSCAN_X0Y0           BSCANE2                      0.000     0.000 r  u_BSCANE2/TCK
                         net (fo=1, routed)           0.685     0.685    TCK
    BUFGCTRL_X0Y0        BUFG (Prop_bufg_I_O)         0.029     0.714 r  TCK_BUFG_inst/O
                         net (fo=505, routed)         0.838     1.552    u_jtag_mac/u_post_chif_fifo/u_jtag_mac_fifo/U0/inst_fifo_gen/gconvfifo.rf/grf.rf/rstblk/ngwrdrst.grst.g7serrst.gsckt_wrst.gic_rst.xpm_cdc_sync_rst_inst_wrst/dest_clk
    SLICE_X3Y26          FDRE                                         r  u_jtag_mac/u_post_chif_fifo/u_jtag_mac_fifo/U0/inst_fifo_gen/gconvfifo.rf/grf.rf/rstblk/ngwrdrst.grst.g7serrst.gsckt_wrst.gic_rst.xpm_cdc_sync_rst_inst_wrst/syncstages_ff_reg[1]/C
                         clock pessimism             -0.364     1.188    
    SLICE_X3Y26          FDRE (Hold_fdre_C_D)         0.075     1.263    u_jtag_mac/u_post_chif_fifo/u_jtag_mac_fifo/U0/inst_fifo_gen/gconvfifo.rf/grf.rf/rstblk/ngwrdrst.grst.g7serrst.gsckt_wrst.gic_rst.xpm_cdc_sync_rst_inst_wrst/syncstages_ff_reg[1]
  -------------------------------------------------------------------
                         required time                         -1.263    
                         arrival time                           1.385    
  -------------------------------------------------------------------
                         slack                                  0.122    

Slack (MET) :             0.122ns  (arrival time - required time)
  Source:                 u_jtag_mac/u_pre_chif_fifo/u_jtag_mac_fifo/U0/inst_fifo_gen/gconvfifo.rf/grf.rf/gntv_or_sync_fifo.gcx.clkx/rd_pntr_cdc_inst/dest_graysync_ff_reg[0][11]/C
                            (rising edge-triggered cell FDRE clocked by TCK  {rise@0.000ns fall@7.576ns period=15.152ns})
  Destination:            u_jtag_mac/u_pre_chif_fifo/u_jtag_mac_fifo/U0/inst_fifo_gen/gconvfifo.rf/grf.rf/gntv_or_sync_fifo.gcx.clkx/rd_pntr_cdc_inst/dest_graysync_ff_reg[1][11]/D
                            (rising edge-triggered cell FDRE clocked by TCK  {rise@0.000ns fall@7.576ns period=15.152ns})
  Path Group:             TCK
  Path Type:              Hold (Min at Fast Process Corner)
  Requirement:            0.000ns  (TCK rise@0.000ns - TCK rise@0.000ns)
  Data Path Delay:        0.197ns  (logic 0.141ns (71.611%)  route 0.056ns (28.389%))
  Logic Levels:           0  
  Clock Path Skew:        0.000ns (DCD - SCD - CPR)
    Destination Clock Delay (DCD):    1.534ns
    Source Clock Delay      (SCD):    1.169ns
    Clock Pessimism Removal (CPR):    0.365ns

    Location             Delay type                Incr(ns)  Path(ns)    Netlist Resource(s)
  -------------------------------------------------------------------    -------------------
                         (clock TCK rise edge)        0.000     0.000 r  
    BSCAN_X0Y0           BSCANE2                      0.000     0.000 r  u_BSCANE2/TCK
                         net (fo=1, routed)           0.589     0.589    TCK
    BUFGCTRL_X0Y0        BUFG (Prop_bufg_I_O)         0.026     0.615 r  TCK_BUFG_inst/O
                         net (fo=505, routed)         0.554     1.169    u_jtag_mac/u_pre_chif_fifo/u_jtag_mac_fifo/U0/inst_fifo_gen/gconvfifo.rf/grf.rf/gntv_or_sync_fifo.gcx.clkx/rd_pntr_cdc_inst/dest_clk
    SLICE_X15Y20         FDRE                                         r  u_jtag_mac/u_pre_chif_fifo/u_jtag_mac_fifo/U0/inst_fifo_gen/gconvfifo.rf/grf.rf/gntv_or_sync_fifo.gcx.clkx/rd_pntr_cdc_inst/dest_graysync_ff_reg[0][11]/C
  -------------------------------------------------------------------    -------------------
    SLICE_X15Y20         FDRE (Prop_fdre_C_Q)         0.141     1.310 r  u_jtag_mac/u_pre_chif_fifo/u_jtag_mac_fifo/U0/inst_fifo_gen/gconvfifo.rf/grf.rf/gntv_or_sync_fifo.gcx.clkx/rd_pntr_cdc_inst/dest_graysync_ff_reg[0][11]/Q
                         net (fo=1, routed)           0.056     1.366    u_jtag_mac/u_pre_chif_fifo/u_jtag_mac_fifo/U0/inst_fifo_gen/gconvfifo.rf/grf.rf/gntv_or_sync_fifo.gcx.clkx/rd_pntr_cdc_inst/dest_graysync_ff[0][11]
    SLICE_X15Y20         FDRE                                         r  u_jtag_mac/u_pre_chif_fifo/u_jtag_mac_fifo/U0/inst_fifo_gen/gconvfifo.rf/grf.rf/gntv_or_sync_fifo.gcx.clkx/rd_pntr_cdc_inst/dest_graysync_ff_reg[1][11]/D
  -------------------------------------------------------------------    -------------------

                         (clock TCK rise edge)        0.000     0.000 r  
    BSCAN_X0Y0           BSCANE2                      0.000     0.000 r  u_BSCANE2/TCK
                         net (fo=1, routed)           0.685     0.685    TCK
    BUFGCTRL_X0Y0        BUFG (Prop_bufg_I_O)         0.029     0.714 r  TCK_BUFG_inst/O
                         net (fo=505, routed)         0.820     1.534    u_jtag_mac/u_pre_chif_fifo/u_jtag_mac_fifo/U0/inst_fifo_gen/gconvfifo.rf/grf.rf/gntv_or_sync_fifo.gcx.clkx/rd_pntr_cdc_inst/dest_clk
    SLICE_X15Y20         FDRE                                         r  u_jtag_mac/u_pre_chif_fifo/u_jtag_mac_fifo/U0/inst_fifo_gen/gconvfifo.rf/grf.rf/gntv_or_sync_fifo.gcx.clkx/rd_pntr_cdc_inst/dest_graysync_ff_reg[1][11]/C
                         clock pessimism             -0.365     1.169    
    SLICE_X15Y20         FDRE (Hold_fdre_C_D)         0.075     1.244    u_jtag_mac/u_pre_chif_fifo/u_jtag_mac_fifo/U0/inst_fifo_gen/gconvfifo.rf/grf.rf/gntv_or_sync_fifo.gcx.clkx/rd_pntr_cdc_inst/dest_graysync_ff_reg[1][11]
  -------------------------------------------------------------------
                         required time                         -1.244    
                         arrival time                           1.366    
  -------------------------------------------------------------------
                         slack                                  0.122    

Slack (MET) :             0.122ns  (arrival time - required time)
  Source:                 u_jtag_mac/u_simcycle_fifo/u_simcycle_fifo/U0/inst_fifo_gen/gconvfifo.rf/grf.rf/gntv_or_sync_fifo.gcx.clkx/rd_pntr_cdc_inst/dest_graysync_ff_reg[0][1]/C
                            (rising edge-triggered cell FDRE clocked by TCK  {rise@0.000ns fall@7.576ns period=15.152ns})
  Destination:            u_jtag_mac/u_simcycle_fifo/u_simcycle_fifo/U0/inst_fifo_gen/gconvfifo.rf/grf.rf/gntv_or_sync_fifo.gcx.clkx/rd_pntr_cdc_inst/dest_graysync_ff_reg[1][1]/D
                            (rising edge-triggered cell FDRE clocked by TCK  {rise@0.000ns fall@7.576ns period=15.152ns})
  Path Group:             TCK
  Path Type:              Hold (Min at Fast Process Corner)
  Requirement:            0.000ns  (TCK rise@0.000ns - TCK rise@0.000ns)
  Data Path Delay:        0.197ns  (logic 0.141ns (71.611%)  route 0.056ns (28.389%))
  Logic Levels:           0  
  Clock Path Skew:        0.000ns (DCD - SCD - CPR)
    Destination Clock Delay (DCD):    1.565ns
    Source Clock Delay      (SCD):    1.198ns
    Clock Pessimism Removal (CPR):    0.367ns

    Location             Delay type                Incr(ns)  Path(ns)    Netlist Resource(s)
  -------------------------------------------------------------------    -------------------
                         (clock TCK rise edge)        0.000     0.000 r  
    BSCAN_X0Y0           BSCANE2                      0.000     0.000 r  u_BSCANE2/TCK
                         net (fo=1, routed)           0.589     0.589    TCK
    BUFGCTRL_X0Y0        BUFG (Prop_bufg_I_O)         0.026     0.615 r  TCK_BUFG_inst/O
                         net (fo=505, routed)         0.583     1.198    u_jtag_mac/u_simcycle_fifo/u_simcycle_fifo/U0/inst_fifo_gen/gconvfifo.rf/grf.rf/gntv_or_sync_fifo.gcx.clkx/rd_pntr_cdc_inst/dest_clk
    SLICE_X5Y10          FDRE                                         r  u_jtag_mac/u_simcycle_fifo/u_simcycle_fifo/U0/inst_fifo_gen/gconvfifo.rf/grf.rf/gntv_or_sync_fifo.gcx.clkx/rd_pntr_cdc_inst/dest_graysync_ff_reg[0][1]/C
  -------------------------------------------------------------------    -------------------
    SLICE_X5Y10          FDRE (Prop_fdre_C_Q)         0.141     1.339 r  u_jtag_mac/u_simcycle_fifo/u_simcycle_fifo/U0/inst_fifo_gen/gconvfifo.rf/grf.rf/gntv_or_sync_fifo.gcx.clkx/rd_pntr_cdc_inst/dest_graysync_ff_reg[0][1]/Q
                         net (fo=1, routed)           0.056     1.395    u_jtag_mac/u_simcycle_fifo/u_simcycle_fifo/U0/inst_fifo_gen/gconvfifo.rf/grf.rf/gntv_or_sync_fifo.gcx.clkx/rd_pntr_cdc_inst/dest_graysync_ff[0][1]
    SLICE_X5Y10          FDRE                                         r  u_jtag_mac/u_simcycle_fifo/u_simcycle_fifo/U0/inst_fifo_gen/gconvfifo.rf/grf.rf/gntv_or_sync_fifo.gcx.clkx/rd_pntr_cdc_inst/dest_graysync_ff_reg[1][1]/D
  -------------------------------------------------------------------    -------------------

                         (clock TCK rise edge)        0.000     0.000 r  
    BSCAN_X0Y0           BSCANE2                      0.000     0.000 r  u_BSCANE2/TCK
                         net (fo=1, routed)           0.685     0.685    TCK
    BUFGCTRL_X0Y0        BUFG (Prop_bufg_I_O)         0.029     0.714 r  TCK_BUFG_inst/O
                         net (fo=505, routed)         0.851     1.565    u_jtag_mac/u_simcycle_fifo/u_simcycle_fifo/U0/inst_fifo_gen/gconvfifo.rf/grf.rf/gntv_or_sync_fifo.gcx.clkx/rd_pntr_cdc_inst/dest_clk
    SLICE_X5Y10          FDRE                                         r  u_jtag_mac/u_simcycle_fifo/u_simcycle_fifo/U0/inst_fifo_gen/gconvfifo.rf/grf.rf/gntv_or_sync_fifo.gcx.clkx/rd_pntr_cdc_inst/dest_graysync_ff_reg[1][1]/C
                         clock pessimism             -0.367     1.198    
    SLICE_X5Y10          FDRE (Hold_fdre_C_D)         0.075     1.273    u_jtag_mac/u_simcycle_fifo/u_simcycle_fifo/U0/inst_fifo_gen/gconvfifo.rf/grf.rf/gntv_or_sync_fifo.gcx.clkx/rd_pntr_cdc_inst/dest_graysync_ff_reg[1][1]
  -------------------------------------------------------------------
                         required time                         -1.273    
                         arrival time                           1.395    
  -------------------------------------------------------------------
                         slack                                  0.122    

Slack (MET) :             0.122ns  (arrival time - required time)
  Source:                 u_jtag_mac/u_simcycle_fifo/u_simcycle_fifo/U0/inst_fifo_gen/gconvfifo.rf/grf.rf/gntv_or_sync_fifo.gcx.clkx/rd_pntr_cdc_inst/dest_graysync_ff_reg[0][3]/C
                            (rising edge-triggered cell FDRE clocked by TCK  {rise@0.000ns fall@7.576ns period=15.152ns})
  Destination:            u_jtag_mac/u_simcycle_fifo/u_simcycle_fifo/U0/inst_fifo_gen/gconvfifo.rf/grf.rf/gntv_or_sync_fifo.gcx.clkx/rd_pntr_cdc_inst/dest_graysync_ff_reg[1][3]/D
                            (rising edge-triggered cell FDRE clocked by TCK  {rise@0.000ns fall@7.576ns period=15.152ns})
  Path Group:             TCK
  Path Type:              Hold (Min at Fast Process Corner)
  Requirement:            0.000ns  (TCK rise@0.000ns - TCK rise@0.000ns)
  Data Path Delay:        0.197ns  (logic 0.141ns (71.611%)  route 0.056ns (28.389%))
  Logic Levels:           0  
  Clock Path Skew:        0.000ns (DCD - SCD - CPR)
    Destination Clock Delay (DCD):    1.565ns
    Source Clock Delay      (SCD):    1.198ns
    Clock Pessimism Removal (CPR):    0.367ns

    Location             Delay type                Incr(ns)  Path(ns)    Netlist Resource(s)
  -------------------------------------------------------------------    -------------------
                         (clock TCK rise edge)        0.000     0.000 r  
    BSCAN_X0Y0           BSCANE2                      0.000     0.000 r  u_BSCANE2/TCK
                         net (fo=1, routed)           0.589     0.589    TCK
    BUFGCTRL_X0Y0        BUFG (Prop_bufg_I_O)         0.026     0.615 r  TCK_BUFG_inst/O
                         net (fo=505, routed)         0.583     1.198    u_jtag_mac/u_simcycle_fifo/u_simcycle_fifo/U0/inst_fifo_gen/gconvfifo.rf/grf.rf/gntv_or_sync_fifo.gcx.clkx/rd_pntr_cdc_inst/dest_clk
    SLICE_X3Y11          FDRE                                         r  u_jtag_mac/u_simcycle_fifo/u_simcycle_fifo/U0/inst_fifo_gen/gconvfifo.rf/grf.rf/gntv_or_sync_fifo.gcx.clkx/rd_pntr_cdc_inst/dest_graysync_ff_reg[0][3]/C
  -------------------------------------------------------------------    -------------------
    SLICE_X3Y11          FDRE (Prop_fdre_C_Q)         0.141     1.339 r  u_jtag_mac/u_simcycle_fifo/u_simcycle_fifo/U0/inst_fifo_gen/gconvfifo.rf/grf.rf/gntv_or_sync_fifo.gcx.clkx/rd_pntr_cdc_inst/dest_graysync_ff_reg[0][3]/Q
                         net (fo=1, routed)           0.056     1.395    u_jtag_mac/u_simcycle_fifo/u_simcycle_fifo/U0/inst_fifo_gen/gconvfifo.rf/grf.rf/gntv_or_sync_fifo.gcx.clkx/rd_pntr_cdc_inst/dest_graysync_ff[0][3]
    SLICE_X3Y11          FDRE                                         r  u_jtag_mac/u_simcycle_fifo/u_simcycle_fifo/U0/inst_fifo_gen/gconvfifo.rf/grf.rf/gntv_or_sync_fifo.gcx.clkx/rd_pntr_cdc_inst/dest_graysync_ff_reg[1][3]/D
  -------------------------------------------------------------------    -------------------

                         (clock TCK rise edge)        0.000     0.000 r  
    BSCAN_X0Y0           BSCANE2                      0.000     0.000 r  u_BSCANE2/TCK
                         net (fo=1, routed)           0.685     0.685    TCK
    BUFGCTRL_X0Y0        BUFG (Prop_bufg_I_O)         0.029     0.714 r  TCK_BUFG_inst/O
                         net (fo=505, routed)         0.851     1.565    u_jtag_mac/u_simcycle_fifo/u_simcycle_fifo/U0/inst_fifo_gen/gconvfifo.rf/grf.rf/gntv_or_sync_fifo.gcx.clkx/rd_pntr_cdc_inst/dest_clk
    SLICE_X3Y11          FDRE                                         r  u_jtag_mac/u_simcycle_fifo/u_simcycle_fifo/U0/inst_fifo_gen/gconvfifo.rf/grf.rf/gntv_or_sync_fifo.gcx.clkx/rd_pntr_cdc_inst/dest_graysync_ff_reg[1][3]/C
                         clock pessimism             -0.367     1.198    
    SLICE_X3Y11          FDRE (Hold_fdre_C_D)         0.075     1.273    u_jtag_mac/u_simcycle_fifo/u_simcycle_fifo/U0/inst_fifo_gen/gconvfifo.rf/grf.rf/gntv_or_sync_fifo.gcx.clkx/rd_pntr_cdc_inst/dest_graysync_ff_reg[1][3]
  -------------------------------------------------------------------
                         required time                         -1.273    
                         arrival time                           1.395    
  -------------------------------------------------------------------
                         slack                                  0.122    

Slack (MET) :             0.125ns  (arrival time - required time)
  Source:                 u_jtag_mac/cs_d2_reg[6]/C
                            (rising edge-triggered cell FDRE clocked by TCK  {rise@0.000ns fall@7.576ns period=15.152ns})
  Destination:            u_jtag_mac/cs_d3_reg[6]/D
                            (rising edge-triggered cell FDRE clocked by TCK  {rise@0.000ns fall@7.576ns period=15.152ns})
  Path Group:             TCK
  Path Type:              Hold (Min at Fast Process Corner)
  Requirement:            0.000ns  (TCK rise@0.000ns - TCK rise@0.000ns)
  Data Path Delay:        0.203ns  (logic 0.141ns (69.572%)  route 0.062ns (30.428%))
  Logic Levels:           0  
  Clock Path Skew:        0.000ns (DCD - SCD - CPR)
    Destination Clock Delay (DCD):    1.563ns
    Source Clock Delay      (SCD):    1.197ns
    Clock Pessimism Removal (CPR):    0.366ns

    Location             Delay type                Incr(ns)  Path(ns)    Netlist Resource(s)
  -------------------------------------------------------------------    -------------------
                         (clock TCK rise edge)        0.000     0.000 r  
    BSCAN_X0Y0           BSCANE2                      0.000     0.000 r  u_BSCANE2/TCK
                         net (fo=1, routed)           0.589     0.589    TCK
    BUFGCTRL_X0Y0        BUFG (Prop_bufg_I_O)         0.026     0.615 r  TCK_BUFG_inst/O
                         net (fo=505, routed)         0.582     1.197    u_jtag_mac/CLK
    SLICE_X2Y12          FDRE                                         r  u_jtag_mac/cs_d2_reg[6]/C
  -------------------------------------------------------------------    -------------------
    SLICE_X2Y12          FDRE (Prop_fdre_C_Q)         0.141     1.338 r  u_jtag_mac/cs_d2_reg[6]/Q
                         net (fo=1, routed)           0.062     1.399    u_jtag_mac/cs_d2[6]
    SLICE_X2Y12          FDRE                                         r  u_jtag_mac/cs_d3_reg[6]/D
  -------------------------------------------------------------------    -------------------

                         (clock TCK rise edge)        0.000     0.000 r  
    BSCAN_X0Y0           BSCANE2                      0.000     0.000 r  u_BSCANE2/TCK
                         net (fo=1, routed)           0.685     0.685    TCK
    BUFGCTRL_X0Y0        BUFG (Prop_bufg_I_O)         0.029     0.714 r  TCK_BUFG_inst/O
                         net (fo=505, routed)         0.849     1.563    u_jtag_mac/CLK
    SLICE_X2Y12          FDRE                                         r  u_jtag_mac/cs_d3_reg[6]/C
                         clock pessimism             -0.366     1.197    
    SLICE_X2Y12          FDRE (Hold_fdre_C_D)         0.078     1.275    u_jtag_mac/cs_d3_reg[6]
  -------------------------------------------------------------------
                         required time                         -1.275    
                         arrival time                           1.399    
  -------------------------------------------------------------------
                         slack                                  0.125    





Pulse Width Checks
--------------------------------------------------------------------------------------
Clock Name:         TCK
Waveform(ns):       { 0.000 7.576 }
Period(ns):         15.152
Sources:            { u_BSCANE2/TCK }

Check Type        Corner  Lib Pin             Reference Pin  Required(ns)  Actual(ns)  Slack(ns)  Location       Pin
Min Period        n/a     RAMB36E1/CLKBWRCLK  n/a            2.576         15.152      12.576     RAMB36_X0Y5    u_jtag_mac/u_post_chif_fifo/u_jtag_mac_fifo/U0/inst_fifo_gen/gconvfifo.rf/grf.rf/gntv_or_sync_fifo.mem/gbm.gbmg.gbmga.ngecc.bmg/inst_blk_mem_gen/gnbram.gnativebmg.native_blk_mem_gen/valid.cstr/ramloop[0].ram.r/prim_noinit.ram/DEVICE_7SERIES.NO_BMM_INFO.SDP.SIMPLE_PRIM36.ram/CLKBWRCLK
Min Period        n/a     RAMB36E1/CLKARDCLK  n/a            2.576         15.152      12.576     RAMB36_X0Y4    u_jtag_mac/u_pre_chif_fifo/u_jtag_mac_fifo/U0/inst_fifo_gen/gconvfifo.rf/grf.rf/gntv_or_sync_fifo.mem/gbm.gbmg.gbmga.ngecc.bmg/inst_blk_mem_gen/gnbram.gnativebmg.native_blk_mem_gen/valid.cstr/ramloop[0].ram.r/prim_noinit.ram/DEVICE_7SERIES.NO_BMM_INFO.SDP.SIMPLE_PRIM36.ram/CLKARDCLK
Min Period        n/a     RAMB18E1/CLKBWRCLK  n/a            2.576         15.152      12.576     RAMB18_X0Y4    u_jtag_mac/u_simcycle_fifo/u_simcycle_fifo/U0/inst_fifo_gen/gconvfifo.rf/grf.rf/gntv_or_sync_fifo.mem/gbm.gbmg.gbmga.ngecc.bmg/inst_blk_mem_gen/gnbram.gnativebmg.native_blk_mem_gen/valid.cstr/ramloop[0].ram.r/prim_noinit.ram/DEVICE_7SERIES.NO_BMM_INFO.SDP.WIDE_PRIM18.ram/CLKBWRCLK
Min Period        n/a     BUFG/I              n/a            2.155         15.152      12.997     BUFGCTRL_X0Y0  TCK_BUFG_inst/I
Min Period        n/a     FDSE/C              n/a            1.000         15.152      14.152     SLICE_X7Y16    u_jtag_mac/FSM_onehot_cs_reg[0]/C
Min Period        n/a     FDRE/C              n/a            1.000         15.152      14.152     SLICE_X3Y14    u_jtag_mac/FSM_onehot_cs_reg[10]/C
Min Period        n/a     FDRE/C              n/a            1.000         15.152      14.152     SLICE_X4Y15    u_jtag_mac/FSM_onehot_cs_reg[11]/C
Min Period        n/a     FDRE/C              n/a            1.000         15.152      14.152     SLICE_X5Y16    u_jtag_mac/FSM_onehot_cs_reg[12]/C
Min Period        n/a     FDRE/C              n/a            1.000         15.152      14.152     SLICE_X5Y15    u_jtag_mac/FSM_onehot_cs_reg[13]/C
Min Period        n/a     FDRE/C              n/a            1.000         15.152      14.152     SLICE_X3Y17    u_jtag_mac/FSM_onehot_cs_reg[14]/C
Low Pulse Width   Slow    SRL16E/CLK          n/a            0.980         7.576       6.596      SLICE_X8Y31    u_jtag_mac/u_post_chif_fifo/u_jtag_mac_fifo/U0/inst_fifo_gen/gconvfifo.rf/grf.rf/gntv_or_sync_fifo.mem/gbm.gbmg.gbmga.ngecc.bmg/inst_blk_mem_gen/gnbram.gnativebmg.native_blk_mem_gen/valid.cstr/ramloop[0].ram.r/SAFETY_CKT_GEN.RSTB_SHFT_REG_reg[3]_srl3/CLK
Low Pulse Width   Fast    SRL16E/CLK          n/a            0.980         7.576       6.596      SLICE_X8Y31    u_jtag_mac/u_post_chif_fifo/u_jtag_mac_fifo/U0/inst_fifo_gen/gconvfifo.rf/grf.rf/gntv_or_sync_fifo.mem/gbm.gbmg.gbmga.ngecc.bmg/inst_blk_mem_gen/gnbram.gnativebmg.native_blk_mem_gen/valid.cstr/ramloop[0].ram.r/SAFETY_CKT_GEN.RSTB_SHFT_REG_reg[3]_srl3/CLK
Low Pulse Width   Slow    SRL16E/CLK          n/a            0.980         7.576       6.596      SLICE_X4Y24    u_jtag_mac/u_pre_chif_fifo/u_jtag_mac_fifo/U0/inst_fifo_gen/gconvfifo.rf/grf.rf/gntv_or_sync_fifo.mem/gbm.gbmg.gbmga.ngecc.bmg/inst_blk_mem_gen/gnbram.gnativebmg.native_blk_mem_gen/valid.cstr/ramloop[0].ram.r/SAFETY_CKT_GEN.RSTA_SHFT_REG_reg[3]_srl3/CLK
Low Pulse Width   Fast    SRL16E/CLK          n/a            0.980         7.576       6.596      SLICE_X4Y24    u_jtag_mac/u_pre_chif_fifo/u_jtag_mac_fifo/U0/inst_fifo_gen/gconvfifo.rf/grf.rf/gntv_or_sync_fifo.mem/gbm.gbmg.gbmga.ngecc.bmg/inst_blk_mem_gen/gnbram.gnativebmg.native_blk_mem_gen/valid.cstr/ramloop[0].ram.r/SAFETY_CKT_GEN.RSTA_SHFT_REG_reg[3]_srl3/CLK
Low Pulse Width   Slow    SRL16E/CLK          n/a            0.980         7.576       6.596      SLICE_X4Y10    u_jtag_mac/u_simcycle_fifo/u_simcycle_fifo/U0/inst_fifo_gen/gconvfifo.rf/grf.rf/gntv_or_sync_fifo.mem/gbm.gbmg.gbmga.ngecc.bmg/inst_blk_mem_gen/gnbram.gnativebmg.native_blk_mem_gen/valid.cstr/ramloop[0].ram.r/SAFETY_CKT_GEN.ENA_NO_REG.ENA_dly_reg_srl2/CLK
Low Pulse Width   Fast    SRL16E/CLK          n/a            0.980         7.576       6.596      SLICE_X4Y10    u_jtag_mac/u_simcycle_fifo/u_simcycle_fifo/U0/inst_fifo_gen/gconvfifo.rf/grf.rf/gntv_or_sync_fifo.mem/gbm.gbmg.gbmga.ngecc.bmg/inst_blk_mem_gen/gnbram.gnativebmg.native_blk_mem_gen/valid.cstr/ramloop[0].ram.r/SAFETY_CKT_GEN.ENA_NO_REG.ENA_dly_reg_srl2/CLK
Low Pulse Width   Slow    SRL16E/CLK          n/a            0.980         7.576       6.596      SLICE_X4Y10    u_jtag_mac/u_simcycle_fifo/u_simcycle_fifo/U0/inst_fifo_gen/gconvfifo.rf/grf.rf/gntv_or_sync_fifo.mem/gbm.gbmg.gbmga.ngecc.bmg/inst_blk_mem_gen/gnbram.gnativebmg.native_blk_mem_gen/valid.cstr/ramloop[0].ram.r/SAFETY_CKT_GEN.RSTA_SHFT_REG_reg[3]_srl3/CLK
Low Pulse Width   Fast    SRL16E/CLK          n/a            0.980         7.576       6.596      SLICE_X4Y10    u_jtag_mac/u_simcycle_fifo/u_simcycle_fifo/U0/inst_fifo_gen/gconvfifo.rf/grf.rf/gntv_or_sync_fifo.mem/gbm.gbmg.gbmga.ngecc.bmg/inst_blk_mem_gen/gnbram.gnativebmg.native_blk_mem_gen/valid.cstr/ramloop[0].ram.r/SAFETY_CKT_GEN.RSTA_SHFT_REG_reg[3]_srl3/CLK
Low Pulse Width   Slow    FDSE/C              n/a            0.500         7.576       7.076      SLICE_X7Y16    u_jtag_mac/FSM_onehot_cs_reg[0]/C
Low Pulse Width   Fast    FDSE/C              n/a            0.500         7.576       7.076      SLICE_X7Y16    u_jtag_mac/FSM_onehot_cs_reg[0]/C
High Pulse Width  Slow    SRL16E/CLK          n/a            0.980         7.576       6.596      SLICE_X8Y31    u_jtag_mac/u_post_chif_fifo/u_jtag_mac_fifo/U0/inst_fifo_gen/gconvfifo.rf/grf.rf/gntv_or_sync_fifo.mem/gbm.gbmg.gbmga.ngecc.bmg/inst_blk_mem_gen/gnbram.gnativebmg.native_blk_mem_gen/valid.cstr/ramloop[0].ram.r/SAFETY_CKT_GEN.RSTB_SHFT_REG_reg[3]_srl3/CLK
High Pulse Width  Fast    SRL16E/CLK          n/a            0.980         7.576       6.596      SLICE_X8Y31    u_jtag_mac/u_post_chif_fifo/u_jtag_mac_fifo/U0/inst_fifo_gen/gconvfifo.rf/grf.rf/gntv_or_sync_fifo.mem/gbm.gbmg.gbmga.ngecc.bmg/inst_blk_mem_gen/gnbram.gnativebmg.native_blk_mem_gen/valid.cstr/ramloop[0].ram.r/SAFETY_CKT_GEN.RSTB_SHFT_REG_reg[3]_srl3/CLK
High Pulse Width  Slow    SRL16E/CLK          n/a            0.980         7.576       6.596      SLICE_X4Y24    u_jtag_mac/u_pre_chif_fifo/u_jtag_mac_fifo/U0/inst_fifo_gen/gconvfifo.rf/grf.rf/gntv_or_sync_fifo.mem/gbm.gbmg.gbmga.ngecc.bmg/inst_blk_mem_gen/gnbram.gnativebmg.native_blk_mem_gen/valid.cstr/ramloop[0].ram.r/SAFETY_CKT_GEN.RSTA_SHFT_REG_reg[3]_srl3/CLK
High Pulse Width  Fast    SRL16E/CLK          n/a            0.980         7.576       6.596      SLICE_X4Y24    u_jtag_mac/u_pre_chif_fifo/u_jtag_mac_fifo/U0/inst_fifo_gen/gconvfifo.rf/grf.rf/gntv_or_sync_fifo.mem/gbm.gbmg.gbmga.ngecc.bmg/inst_blk_mem_gen/gnbram.gnativebmg.native_blk_mem_gen/valid.cstr/ramloop[0].ram.r/SAFETY_CKT_GEN.RSTA_SHFT_REG_reg[3]_srl3/CLK
High Pulse Width  Slow    SRL16E/CLK          n/a            0.980         7.576       6.596      SLICE_X4Y10    u_jtag_mac/u_simcycle_fifo/u_simcycle_fifo/U0/inst_fifo_gen/gconvfifo.rf/grf.rf/gntv_or_sync_fifo.mem/gbm.gbmg.gbmga.ngecc.bmg/inst_blk_mem_gen/gnbram.gnativebmg.native_blk_mem_gen/valid.cstr/ramloop[0].ram.r/SAFETY_CKT_GEN.ENA_NO_REG.ENA_dly_reg_srl2/CLK
High Pulse Width  Fast    SRL16E/CLK          n/a            0.980         7.576       6.596      SLICE_X4Y10    u_jtag_mac/u_simcycle_fifo/u_simcycle_fifo/U0/inst_fifo_gen/gconvfifo.rf/grf.rf/gntv_or_sync_fifo.mem/gbm.gbmg.gbmga.ngecc.bmg/inst_blk_mem_gen/gnbram.gnativebmg.native_blk_mem_gen/valid.cstr/ramloop[0].ram.r/SAFETY_CKT_GEN.ENA_NO_REG.ENA_dly_reg_srl2/CLK
High Pulse Width  Slow    SRL16E/CLK          n/a            0.980         7.576       6.596      SLICE_X4Y10    u_jtag_mac/u_simcycle_fifo/u_simcycle_fifo/U0/inst_fifo_gen/gconvfifo.rf/grf.rf/gntv_or_sync_fifo.mem/gbm.gbmg.gbmga.ngecc.bmg/inst_blk_mem_gen/gnbram.gnativebmg.native_blk_mem_gen/valid.cstr/ramloop[0].ram.r/SAFETY_CKT_GEN.RSTA_SHFT_REG_reg[3]_srl3/CLK
High Pulse Width  Fast    SRL16E/CLK          n/a            0.980         7.576       6.596      SLICE_X4Y10    u_jtag_mac/u_simcycle_fifo/u_simcycle_fifo/U0/inst_fifo_gen/gconvfifo.rf/grf.rf/gntv_or_sync_fifo.mem/gbm.gbmg.gbmga.ngecc.bmg/inst_blk_mem_gen/gnbram.gnativebmg.native_blk_mem_gen/valid.cstr/ramloop[0].ram.r/SAFETY_CKT_GEN.RSTA_SHFT_REG_reg[3]_srl3/CLK
High Pulse Width  Slow    FDSE/C              n/a            0.500         7.576       7.076      SLICE_X7Y16    u_jtag_mac/FSM_onehot_cs_reg[0]/C
High Pulse Width  Fast    FDSE/C              n/a            0.500         7.576       7.076      SLICE_X7Y16    u_jtag_mac/FSM_onehot_cs_reg[0]/C



---------------------------------------------------------------------------------------------------
From Clock:  sysclk
  To Clock:  sysclk

Setup :           NA  Failing Endpoints,  Worst Slack           NA  ,  Total Violation           NA
Hold  :           NA  Failing Endpoints,  Worst Slack           NA  ,  Total Violation           NA
PW    :            0  Failing Endpoints,  Worst Slack        2.000ns,  Total Violation        0.000ns
---------------------------------------------------------------------------------------------------


Pulse Width Checks
--------------------------------------------------------------------------------------
Clock Name:         sysclk
Waveform(ns):       { 0.000 4.000 }
Period(ns):         8.000
Sources:            { sysclk }

Check Type        Corner  Lib Pin            Reference Pin  Required(ns)  Actual(ns)  Slack(ns)  Location         Pin
Min Period        n/a     MMCME2_ADV/CLKIN1  n/a            1.249         8.000       6.751      MMCME2_ADV_X0Y1  u_clk_wiz_0/inst/mmcm_adv_inst/CLKIN1
Max Period        n/a     MMCME2_ADV/CLKIN1  n/a            100.000       8.000       92.000     MMCME2_ADV_X0Y1  u_clk_wiz_0/inst/mmcm_adv_inst/CLKIN1
Low Pulse Width   Slow    MMCME2_ADV/CLKIN1  n/a            2.000         4.000       2.000      MMCME2_ADV_X0Y1  u_clk_wiz_0/inst/mmcm_adv_inst/CLKIN1
Low Pulse Width   Fast    MMCME2_ADV/CLKIN1  n/a            2.000         4.000       2.000      MMCME2_ADV_X0Y1  u_clk_wiz_0/inst/mmcm_adv_inst/CLKIN1
High Pulse Width  Slow    MMCME2_ADV/CLKIN1  n/a            2.000         4.000       2.000      MMCME2_ADV_X0Y1  u_clk_wiz_0/inst/mmcm_adv_inst/CLKIN1
High Pulse Width  Fast    MMCME2_ADV/CLKIN1  n/a            2.000         4.000       2.000      MMCME2_ADV_X0Y1  u_clk_wiz_0/inst/mmcm_adv_inst/CLKIN1



---------------------------------------------------------------------------------------------------
From Clock:  clk_out1_clk_wiz_0
  To Clock:  clk_out1_clk_wiz_0

Setup :            0  Failing Endpoints,  Worst Slack       19.177ns,  Total Violation        0.000ns
Hold  :            0  Failing Endpoints,  Worst Slack        0.011ns,  Total Violation        0.000ns
PW    :            0  Failing Endpoints,  Worst Slack       18.750ns,  Total Violation        0.000ns
---------------------------------------------------------------------------------------------------


Max Delay Paths
--------------------------------------------------------------------------------------
Slack (MET) :             19.177ns  (required time - arrival time)
  Source:                 u_mwfil_chiftop/u_mwfil_chifcore/u_controller/LOCKEDSTEP_CTRL.dut_enable_int_reg/C
                            (rising edge-triggered cell FDRE clocked by clk_out1_clk_wiz_0  {rise@0.000ns fall@20.000ns period=40.000ns})
  Destination:            u_mwfil_chiftop/u_dut/u_Subsystem1/FFT_1_1/SDF1_1_1_1/Radix22ButterflyG1_btf1_re_reg_reg[12]/CE
                            (rising edge-triggered cell FDRE clocked by clk_out1_clk_wiz_0  {rise@0.000ns fall@20.000ns period=40.000ns})
  Path Group:             clk_out1_clk_wiz_0
  Path Type:              Setup (Max at Slow Process Corner)
  Requirement:            40.000ns  (clk_out1_clk_wiz_0 rise@40.000ns - clk_out1_clk_wiz_0 rise@0.000ns)
  Data Path Delay:        20.448ns  (logic 0.642ns (3.140%)  route 19.806ns (96.860%))
  Logic Levels:           1  (LUT2=1)
  Clock Path Skew:        -0.045ns (DCD - SCD + CPR)
    Destination Clock Delay (DCD):    -1.325ns = ( 38.675 - 40.000 ) 
    Source Clock Delay      (SCD):    -0.692ns
    Clock Pessimism Removal (CPR):    0.588ns
  Clock Uncertainty:      0.160ns  ((TSJ^2 + DJ^2)^1/2) / 2 + PE
    Total System Jitter     (TSJ):    0.071ns
    Discrete Jitter          (DJ):    0.313ns
    Phase Error              (PE):    0.000ns

    Location             Delay type                Incr(ns)  Path(ns)    Netlist Resource(s)
  -------------------------------------------------------------------    -------------------
                         (clock clk_out1_clk_wiz_0 rise edge)
                                                      0.000     0.000 r  
    L16                                               0.000     0.000 r  sysclk (IN)
                         net (fo=0)                   0.000     0.000    u_clk_wiz_0/inst/clk_in1
    L16                  IBUF (Prop_ibuf_I_O)         1.491     1.491 r  u_clk_wiz_0/inst/clkin1_ibufg/O
                         net (fo=1, routed)           1.285     2.776    u_clk_wiz_0/inst/clk_in1_clk_wiz_0
    MMCME2_ADV_X0Y1      MMCME2_ADV (Prop_mmcme2_adv_CLKIN1_CLKOUT0)
                                                     -6.996    -4.220 r  u_clk_wiz_0/inst/mmcm_adv_inst/CLKOUT0
                         net (fo=1, routed)           1.760    -2.460    u_clk_wiz_0/inst/clk_out1_clk_wiz_0
    BUFGCTRL_X0Y16       BUFG (Prop_bufg_I_O)         0.101    -2.359 r  u_clk_wiz_0/inst/clkout1_buf/O
                         net (fo=16020, routed)       1.667    -0.692    u_mwfil_chiftop/u_mwfil_chifcore/u_controller/clk_out1
    SLICE_X8Y27          FDRE                                         r  u_mwfil_chiftop/u_mwfil_chifcore/u_controller/LOCKEDSTEP_CTRL.dut_enable_int_reg/C
  -------------------------------------------------------------------    -------------------
    SLICE_X8Y27          FDRE (Prop_fdre_C_Q)         0.518    -0.174 r  u_mwfil_chiftop/u_mwfil_chifcore/u_controller/LOCKEDSTEP_CTRL.dut_enable_int_reg/Q
                         net (fo=762, routed)         5.669     5.495    u_mwfil_chiftop/u_dut/u_Subsystem1/Subsystem1_tc/dut_clkenb
    SLICE_X29Y48         LUT2 (Prop_lut2_I1_O)        0.124     5.619 r  u_mwfil_chiftop/u_dut/u_Subsystem1/Subsystem1_tc/delayMatch_reg[2]_i_1/O
                         net (fo=7480, routed)       14.138    19.757    u_mwfil_chiftop/u_dut/u_Subsystem1/FFT_1_1/SDF1_1_1_1/enb_1_4_0
    SLICE_X6Y10          FDRE                                         r  u_mwfil_chiftop/u_dut/u_Subsystem1/FFT_1_1/SDF1_1_1_1/Radix22ButterflyG1_btf1_re_reg_reg[12]/CE
  -------------------------------------------------------------------    -------------------

                         (clock clk_out1_clk_wiz_0 rise edge)
                                                     40.000    40.000 r  
    L16                                               0.000    40.000 r  sysclk (IN)
                         net (fo=0)                   0.000    40.000    u_clk_wiz_0/inst/clk_in1
    L16                  IBUF (Prop_ibuf_I_O)         1.421    41.421 r  u_clk_wiz_0/inst/clkin1_ibufg/O
                         net (fo=1, routed)           1.162    42.583    u_clk_wiz_0/inst/clk_in1_clk_wiz_0
    MMCME2_ADV_X0Y1      MMCME2_ADV (Prop_mmcme2_adv_CLKIN1_CLKOUT0)
                                                     -7.105    35.478 r  u_clk_wiz_0/inst/mmcm_adv_inst/CLKOUT0
                         net (fo=1, routed)           1.599    37.077    u_clk_wiz_0/inst/clk_out1_clk_wiz_0
    BUFGCTRL_X0Y16       BUFG (Prop_bufg_I_O)         0.091    37.168 r  u_clk_wiz_0/inst/clkout1_buf/O
                         net (fo=16020, routed)       1.507    38.675    u_mwfil_chiftop/u_dut/u_Subsystem1/FFT_1_1/SDF1_1_1_1/clk_out1
    SLICE_X6Y10          FDRE                                         r  u_mwfil_chiftop/u_dut/u_Subsystem1/FFT_1_1/SDF1_1_1_1/Radix22ButterflyG1_btf1_re_reg_reg[12]/C
                         clock pessimism              0.588    39.263    
                         clock uncertainty           -0.160    39.103    
    SLICE_X6Y10          FDRE (Setup_fdre_C_CE)      -0.169    38.934    u_mwfil_chiftop/u_dut/u_Subsystem1/FFT_1_1/SDF1_1_1_1/Radix22ButterflyG1_btf1_re_reg_reg[12]
  -------------------------------------------------------------------
                         required time                         38.934    
                         arrival time                         -19.757    
  -------------------------------------------------------------------
                         slack                                 19.177    

Slack (MET) :             19.282ns  (required time - arrival time)
  Source:                 u_mwfil_chiftop/u_mwfil_chifcore/u_controller/LOCKEDSTEP_CTRL.dut_enable_int_reg/C
                            (rising edge-triggered cell FDRE clocked by clk_out1_clk_wiz_0  {rise@0.000ns fall@20.000ns period=40.000ns})
  Destination:            u_mwfil_chiftop/u_dut/u_Subsystem1/FFT_1_1/SDF1_1_1_1/dinXTwdl_re_reg[2]/CE
                            (rising edge-triggered cell FDRE clocked by clk_out1_clk_wiz_0  {rise@0.000ns fall@20.000ns period=40.000ns})
  Path Group:             clk_out1_clk_wiz_0
  Path Type:              Setup (Max at Slow Process Corner)
  Requirement:            40.000ns  (clk_out1_clk_wiz_0 rise@40.000ns - clk_out1_clk_wiz_0 rise@0.000ns)
  Data Path Delay:        20.305ns  (logic 0.642ns (3.162%)  route 19.663ns (96.838%))
  Logic Levels:           1  (LUT2=1)
  Clock Path Skew:        -0.047ns (DCD - SCD + CPR)
    Destination Clock Delay (DCD):    -1.327ns = ( 38.673 - 40.000 ) 
    Source Clock Delay      (SCD):    -0.692ns
    Clock Pessimism Removal (CPR):    0.588ns
  Clock Uncertainty:      0.160ns  ((TSJ^2 + DJ^2)^1/2) / 2 + PE
    Total System Jitter     (TSJ):    0.071ns
    Discrete Jitter          (DJ):    0.313ns
    Phase Error              (PE):    0.000ns

    Location             Delay type                Incr(ns)  Path(ns)    Netlist Resource(s)
  -------------------------------------------------------------------    -------------------
                         (clock clk_out1_clk_wiz_0 rise edge)
                                                      0.000     0.000 r  
    L16                                               0.000     0.000 r  sysclk (IN)
                         net (fo=0)                   0.000     0.000    u_clk_wiz_0/inst/clk_in1
    L16                  IBUF (Prop_ibuf_I_O)         1.491     1.491 r  u_clk_wiz_0/inst/clkin1_ibufg/O
                         net (fo=1, routed)           1.285     2.776    u_clk_wiz_0/inst/clk_in1_clk_wiz_0
    MMCME2_ADV_X0Y1      MMCME2_ADV (Prop_mmcme2_adv_CLKIN1_CLKOUT0)
                                                     -6.996    -4.220 r  u_clk_wiz_0/inst/mmcm_adv_inst/CLKOUT0
                         net (fo=1, routed)           1.760    -2.460    u_clk_wiz_0/inst/clk_out1_clk_wiz_0
    BUFGCTRL_X0Y16       BUFG (Prop_bufg_I_O)         0.101    -2.359 r  u_clk_wiz_0/inst/clkout1_buf/O
                         net (fo=16020, routed)       1.667    -0.692    u_mwfil_chiftop/u_mwfil_chifcore/u_controller/clk_out1
    SLICE_X8Y27          FDRE                                         r  u_mwfil_chiftop/u_mwfil_chifcore/u_controller/LOCKEDSTEP_CTRL.dut_enable_int_reg/C
  -------------------------------------------------------------------    -------------------
    SLICE_X8Y27          FDRE (Prop_fdre_C_Q)         0.518    -0.174 r  u_mwfil_chiftop/u_mwfil_chifcore/u_controller/LOCKEDSTEP_CTRL.dut_enable_int_reg/Q
                         net (fo=762, routed)         5.669     5.495    u_mwfil_chiftop/u_dut/u_Subsystem1/Subsystem1_tc/dut_clkenb
    SLICE_X29Y48         LUT2 (Prop_lut2_I1_O)        0.124     5.619 r  u_mwfil_chiftop/u_dut/u_Subsystem1/Subsystem1_tc/delayMatch_reg[2]_i_1/O
                         net (fo=7480, routed)       13.994    19.614    u_mwfil_chiftop/u_dut/u_Subsystem1/FFT_1_1/SDF1_1_1_1/enb_1_4_0
    SLICE_X7Y12          FDRE                                         r  u_mwfil_chiftop/u_dut/u_Subsystem1/FFT_1_1/SDF1_1_1_1/dinXTwdl_re_reg[2]/CE
  -------------------------------------------------------------------    -------------------

                         (clock clk_out1_clk_wiz_0 rise edge)
                                                     40.000    40.000 r  
    L16                                               0.000    40.000 r  sysclk (IN)
                         net (fo=0)                   0.000    40.000    u_clk_wiz_0/inst/clk_in1
    L16                  IBUF (Prop_ibuf_I_O)         1.421    41.421 r  u_clk_wiz_0/inst/clkin1_ibufg/O
                         net (fo=1, routed)           1.162    42.583    u_clk_wiz_0/inst/clk_in1_clk_wiz_0
    MMCME2_ADV_X0Y1      MMCME2_ADV (Prop_mmcme2_adv_CLKIN1_CLKOUT0)
                                                     -7.105    35.478 r  u_clk_wiz_0/inst/mmcm_adv_inst/CLKOUT0
                         net (fo=1, routed)           1.599    37.077    u_clk_wiz_0/inst/clk_out1_clk_wiz_0
    BUFGCTRL_X0Y16       BUFG (Prop_bufg_I_O)         0.091    37.168 r  u_clk_wiz_0/inst/clkout1_buf/O
                         net (fo=16020, routed)       1.505    38.673    u_mwfil_chiftop/u_dut/u_Subsystem1/FFT_1_1/SDF1_1_1_1/clk_out1
    SLICE_X7Y12          FDRE                                         r  u_mwfil_chiftop/u_dut/u_Subsystem1/FFT_1_1/SDF1_1_1_1/dinXTwdl_re_reg[2]/C
                         clock pessimism              0.588    39.261    
                         clock uncertainty           -0.160    39.101    
    SLICE_X7Y12          FDRE (Setup_fdre_C_CE)      -0.205    38.896    u_mwfil_chiftop/u_dut/u_Subsystem1/FFT_1_1/SDF1_1_1_1/dinXTwdl_re_reg[2]
  -------------------------------------------------------------------
                         required time                         38.896    
                         arrival time                         -19.614    
  -------------------------------------------------------------------
                         slack                                 19.282    

Slack (MET) :             19.282ns  (required time - arrival time)
  Source:                 u_mwfil_chiftop/u_mwfil_chifcore/u_controller/LOCKEDSTEP_CTRL.dut_enable_int_reg/C
                            (rising edge-triggered cell FDRE clocked by clk_out1_clk_wiz_0  {rise@0.000ns fall@20.000ns period=40.000ns})
  Destination:            u_mwfil_chiftop/u_dut/u_Subsystem1/FFT_1_1/SDF1_1_1_1/dinXTwdl_re_reg[3]/CE
                            (rising edge-triggered cell FDRE clocked by clk_out1_clk_wiz_0  {rise@0.000ns fall@20.000ns period=40.000ns})
  Path Group:             clk_out1_clk_wiz_0
  Path Type:              Setup (Max at Slow Process Corner)
  Requirement:            40.000ns  (clk_out1_clk_wiz_0 rise@40.000ns - clk_out1_clk_wiz_0 rise@0.000ns)
  Data Path Delay:        20.305ns  (logic 0.642ns (3.162%)  route 19.663ns (96.838%))
  Logic Levels:           1  (LUT2=1)
  Clock Path Skew:        -0.047ns (DCD - SCD + CPR)
    Destination Clock Delay (DCD):    -1.327ns = ( 38.673 - 40.000 ) 
    Source Clock Delay      (SCD):    -0.692ns
    Clock Pessimism Removal (CPR):    0.588ns
  Clock Uncertainty:      0.160ns  ((TSJ^2 + DJ^2)^1/2) / 2 + PE
    Total System Jitter     (TSJ):    0.071ns
    Discrete Jitter          (DJ):    0.313ns
    Phase Error              (PE):    0.000ns

    Location             Delay type                Incr(ns)  Path(ns)    Netlist Resource(s)
  -------------------------------------------------------------------    -------------------
                         (clock clk_out1_clk_wiz_0 rise edge)
                                                      0.000     0.000 r  
    L16                                               0.000     0.000 r  sysclk (IN)
                         net (fo=0)                   0.000     0.000    u_clk_wiz_0/inst/clk_in1
    L16                  IBUF (Prop_ibuf_I_O)         1.491     1.491 r  u_clk_wiz_0/inst/clkin1_ibufg/O
                         net (fo=1, routed)           1.285     2.776    u_clk_wiz_0/inst/clk_in1_clk_wiz_0
    MMCME2_ADV_X0Y1      MMCME2_ADV (Prop_mmcme2_adv_CLKIN1_CLKOUT0)
                                                     -6.996    -4.220 r  u_clk_wiz_0/inst/mmcm_adv_inst/CLKOUT0
                         net (fo=1, routed)           1.760    -2.460    u_clk_wiz_0/inst/clk_out1_clk_wiz_0
    BUFGCTRL_X0Y16       BUFG (Prop_bufg_I_O)         0.101    -2.359 r  u_clk_wiz_0/inst/clkout1_buf/O
                         net (fo=16020, routed)       1.667    -0.692    u_mwfil_chiftop/u_mwfil_chifcore/u_controller/clk_out1
    SLICE_X8Y27          FDRE                                         r  u_mwfil_chiftop/u_mwfil_chifcore/u_controller/LOCKEDSTEP_CTRL.dut_enable_int_reg/C
  -------------------------------------------------------------------    -------------------
    SLICE_X8Y27          FDRE (Prop_fdre_C_Q)         0.518    -0.174 r  u_mwfil_chiftop/u_mwfil_chifcore/u_controller/LOCKEDSTEP_CTRL.dut_enable_int_reg/Q
                         net (fo=762, routed)         5.669     5.495    u_mwfil_chiftop/u_dut/u_Subsystem1/Subsystem1_tc/dut_clkenb
    SLICE_X29Y48         LUT2 (Prop_lut2_I1_O)        0.124     5.619 r  u_mwfil_chiftop/u_dut/u_Subsystem1/Subsystem1_tc/delayMatch_reg[2]_i_1/O
                         net (fo=7480, routed)       13.994    19.614    u_mwfil_chiftop/u_dut/u_Subsystem1/FFT_1_1/SDF1_1_1_1/enb_1_4_0
    SLICE_X7Y12          FDRE                                         r  u_mwfil_chiftop/u_dut/u_Subsystem1/FFT_1_1/SDF1_1_1_1/dinXTwdl_re_reg[3]/CE
  -------------------------------------------------------------------    -------------------

                         (clock clk_out1_clk_wiz_0 rise edge)
                                                     40.000    40.000 r  
    L16                                               0.000    40.000 r  sysclk (IN)
                         net (fo=0)                   0.000    40.000    u_clk_wiz_0/inst/clk_in1
    L16                  IBUF (Prop_ibuf_I_O)         1.421    41.421 r  u_clk_wiz_0/inst/clkin1_ibufg/O
                         net (fo=1, routed)           1.162    42.583    u_clk_wiz_0/inst/clk_in1_clk_wiz_0
    MMCME2_ADV_X0Y1      MMCME2_ADV (Prop_mmcme2_adv_CLKIN1_CLKOUT0)
                                                     -7.105    35.478 r  u_clk_wiz_0/inst/mmcm_adv_inst/CLKOUT0
                         net (fo=1, routed)           1.599    37.077    u_clk_wiz_0/inst/clk_out1_clk_wiz_0
    BUFGCTRL_X0Y16       BUFG (Prop_bufg_I_O)         0.091    37.168 r  u_clk_wiz_0/inst/clkout1_buf/O
                         net (fo=16020, routed)       1.505    38.673    u_mwfil_chiftop/u_dut/u_Subsystem1/FFT_1_1/SDF1_1_1_1/clk_out1
    SLICE_X7Y12          FDRE                                         r  u_mwfil_chiftop/u_dut/u_Subsystem1/FFT_1_1/SDF1_1_1_1/dinXTwdl_re_reg[3]/C
                         clock pessimism              0.588    39.261    
                         clock uncertainty           -0.160    39.101    
    SLICE_X7Y12          FDRE (Setup_fdre_C_CE)      -0.205    38.896    u_mwfil_chiftop/u_dut/u_Subsystem1/FFT_1_1/SDF1_1_1_1/dinXTwdl_re_reg[3]
  -------------------------------------------------------------------
                         required time                         38.896    
                         arrival time                         -19.614    
  -------------------------------------------------------------------
                         slack                                 19.282    

Slack (MET) :             19.282ns  (required time - arrival time)
  Source:                 u_mwfil_chiftop/u_mwfil_chifcore/u_controller/LOCKEDSTEP_CTRL.dut_enable_int_reg/C
                            (rising edge-triggered cell FDRE clocked by clk_out1_clk_wiz_0  {rise@0.000ns fall@20.000ns period=40.000ns})
  Destination:            u_mwfil_chiftop/u_dut/u_Subsystem1/FFT_1_1/SDF1_1_1_1/dinXTwdl_re_reg[5]/CE
                            (rising edge-triggered cell FDRE clocked by clk_out1_clk_wiz_0  {rise@0.000ns fall@20.000ns period=40.000ns})
  Path Group:             clk_out1_clk_wiz_0
  Path Type:              Setup (Max at Slow Process Corner)
  Requirement:            40.000ns  (clk_out1_clk_wiz_0 rise@40.000ns - clk_out1_clk_wiz_0 rise@0.000ns)
  Data Path Delay:        20.305ns  (logic 0.642ns (3.162%)  route 19.663ns (96.838%))
  Logic Levels:           1  (LUT2=1)
  Clock Path Skew:        -0.047ns (DCD - SCD + CPR)
    Destination Clock Delay (DCD):    -1.327ns = ( 38.673 - 40.000 ) 
    Source Clock Delay      (SCD):    -0.692ns
    Clock Pessimism Removal (CPR):    0.588ns
  Clock Uncertainty:      0.160ns  ((TSJ^2 + DJ^2)^1/2) / 2 + PE
    Total System Jitter     (TSJ):    0.071ns
    Discrete Jitter          (DJ):    0.313ns
    Phase Error              (PE):    0.000ns

    Location             Delay type                Incr(ns)  Path(ns)    Netlist Resource(s)
  -------------------------------------------------------------------    -------------------
                         (clock clk_out1_clk_wiz_0 rise edge)
                                                      0.000     0.000 r  
    L16                                               0.000     0.000 r  sysclk (IN)
                         net (fo=0)                   0.000     0.000    u_clk_wiz_0/inst/clk_in1
    L16                  IBUF (Prop_ibuf_I_O)         1.491     1.491 r  u_clk_wiz_0/inst/clkin1_ibufg/O
                         net (fo=1, routed)           1.285     2.776    u_clk_wiz_0/inst/clk_in1_clk_wiz_0
    MMCME2_ADV_X0Y1      MMCME2_ADV (Prop_mmcme2_adv_CLKIN1_CLKOUT0)
                                                     -6.996    -4.220 r  u_clk_wiz_0/inst/mmcm_adv_inst/CLKOUT0
                         net (fo=1, routed)           1.760    -2.460    u_clk_wiz_0/inst/clk_out1_clk_wiz_0
    BUFGCTRL_X0Y16       BUFG (Prop_bufg_I_O)         0.101    -2.359 r  u_clk_wiz_0/inst/clkout1_buf/O
                         net (fo=16020, routed)       1.667    -0.692    u_mwfil_chiftop/u_mwfil_chifcore/u_controller/clk_out1
    SLICE_X8Y27          FDRE                                         r  u_mwfil_chiftop/u_mwfil_chifcore/u_controller/LOCKEDSTEP_CTRL.dut_enable_int_reg/C
  -------------------------------------------------------------------    -------------------
    SLICE_X8Y27          FDRE (Prop_fdre_C_Q)         0.518    -0.174 r  u_mwfil_chiftop/u_mwfil_chifcore/u_controller/LOCKEDSTEP_CTRL.dut_enable_int_reg/Q
                         net (fo=762, routed)         5.669     5.495    u_mwfil_chiftop/u_dut/u_Subsystem1/Subsystem1_tc/dut_clkenb
    SLICE_X29Y48         LUT2 (Prop_lut2_I1_O)        0.124     5.619 r  u_mwfil_chiftop/u_dut/u_Subsystem1/Subsystem1_tc/delayMatch_reg[2]_i_1/O
                         net (fo=7480, routed)       13.994    19.614    u_mwfil_chiftop/u_dut/u_Subsystem1/FFT_1_1/SDF1_1_1_1/enb_1_4_0
    SLICE_X7Y12          FDRE                                         r  u_mwfil_chiftop/u_dut/u_Subsystem1/FFT_1_1/SDF1_1_1_1/dinXTwdl_re_reg[5]/CE
  -------------------------------------------------------------------    -------------------

                         (clock clk_out1_clk_wiz_0 rise edge)
                                                     40.000    40.000 r  
    L16                                               0.000    40.000 r  sysclk (IN)
                         net (fo=0)                   0.000    40.000    u_clk_wiz_0/inst/clk_in1
    L16                  IBUF (Prop_ibuf_I_O)         1.421    41.421 r  u_clk_wiz_0/inst/clkin1_ibufg/O
                         net (fo=1, routed)           1.162    42.583    u_clk_wiz_0/inst/clk_in1_clk_wiz_0
    MMCME2_ADV_X0Y1      MMCME2_ADV (Prop_mmcme2_adv_CLKIN1_CLKOUT0)
                                                     -7.105    35.478 r  u_clk_wiz_0/inst/mmcm_adv_inst/CLKOUT0
                         net (fo=1, routed)           1.599    37.077    u_clk_wiz_0/inst/clk_out1_clk_wiz_0
    BUFGCTRL_X0Y16       BUFG (Prop_bufg_I_O)         0.091    37.168 r  u_clk_wiz_0/inst/clkout1_buf/O
                         net (fo=16020, routed)       1.505    38.673    u_mwfil_chiftop/u_dut/u_Subsystem1/FFT_1_1/SDF1_1_1_1/clk_out1
    SLICE_X7Y12          FDRE                                         r  u_mwfil_chiftop/u_dut/u_Subsystem1/FFT_1_1/SDF1_1_1_1/dinXTwdl_re_reg[5]/C
                         clock pessimism              0.588    39.261    
                         clock uncertainty           -0.160    39.101    
    SLICE_X7Y12          FDRE (Setup_fdre_C_CE)      -0.205    38.896    u_mwfil_chiftop/u_dut/u_Subsystem1/FFT_1_1/SDF1_1_1_1/dinXTwdl_re_reg[5]
  -------------------------------------------------------------------
                         required time                         38.896    
                         arrival time                         -19.614    
  -------------------------------------------------------------------
                         slack                                 19.282    

Slack (MET) :             19.282ns  (required time - arrival time)
  Source:                 u_mwfil_chiftop/u_mwfil_chifcore/u_controller/LOCKEDSTEP_CTRL.dut_enable_int_reg/C
                            (rising edge-triggered cell FDRE clocked by clk_out1_clk_wiz_0  {rise@0.000ns fall@20.000ns period=40.000ns})
  Destination:            u_mwfil_chiftop/u_dut/u_Subsystem1/FFT_1_1/SDF1_1_1_1/dinXTwdl_re_reg[7]/CE
                            (rising edge-triggered cell FDRE clocked by clk_out1_clk_wiz_0  {rise@0.000ns fall@20.000ns period=40.000ns})
  Path Group:             clk_out1_clk_wiz_0
  Path Type:              Setup (Max at Slow Process Corner)
  Requirement:            40.000ns  (clk_out1_clk_wiz_0 rise@40.000ns - clk_out1_clk_wiz_0 rise@0.000ns)
  Data Path Delay:        20.305ns  (logic 0.642ns (3.162%)  route 19.663ns (96.838%))
  Logic Levels:           1  (LUT2=1)
  Clock Path Skew:        -0.047ns (DCD - SCD + CPR)
    Destination Clock Delay (DCD):    -1.327ns = ( 38.673 - 40.000 ) 
    Source Clock Delay      (SCD):    -0.692ns
    Clock Pessimism Removal (CPR):    0.588ns
  Clock Uncertainty:      0.160ns  ((TSJ^2 + DJ^2)^1/2) / 2 + PE
    Total System Jitter     (TSJ):    0.071ns
    Discrete Jitter          (DJ):    0.313ns
    Phase Error              (PE):    0.000ns

    Location             Delay type                Incr(ns)  Path(ns)    Netlist Resource(s)
  -------------------------------------------------------------------    -------------------
                         (clock clk_out1_clk_wiz_0 rise edge)
                                                      0.000     0.000 r  
    L16                                               0.000     0.000 r  sysclk (IN)
                         net (fo=0)                   0.000     0.000    u_clk_wiz_0/inst/clk_in1
    L16                  IBUF (Prop_ibuf_I_O)         1.491     1.491 r  u_clk_wiz_0/inst/clkin1_ibufg/O
                         net (fo=1, routed)           1.285     2.776    u_clk_wiz_0/inst/clk_in1_clk_wiz_0
    MMCME2_ADV_X0Y1      MMCME2_ADV (Prop_mmcme2_adv_CLKIN1_CLKOUT0)
                                                     -6.996    -4.220 r  u_clk_wiz_0/inst/mmcm_adv_inst/CLKOUT0
                         net (fo=1, routed)           1.760    -2.460    u_clk_wiz_0/inst/clk_out1_clk_wiz_0
    BUFGCTRL_X0Y16       BUFG (Prop_bufg_I_O)         0.101    -2.359 r  u_clk_wiz_0/inst/clkout1_buf/O
                         net (fo=16020, routed)       1.667    -0.692    u_mwfil_chiftop/u_mwfil_chifcore/u_controller/clk_out1
    SLICE_X8Y27          FDRE                                         r  u_mwfil_chiftop/u_mwfil_chifcore/u_controller/LOCKEDSTEP_CTRL.dut_enable_int_reg/C
  -------------------------------------------------------------------    -------------------
    SLICE_X8Y27          FDRE (Prop_fdre_C_Q)         0.518    -0.174 r  u_mwfil_chiftop/u_mwfil_chifcore/u_controller/LOCKEDSTEP_CTRL.dut_enable_int_reg/Q
                         net (fo=762, routed)         5.669     5.495    u_mwfil_chiftop/u_dut/u_Subsystem1/Subsystem1_tc/dut_clkenb
    SLICE_X29Y48         LUT2 (Prop_lut2_I1_O)        0.124     5.619 r  u_mwfil_chiftop/u_dut/u_Subsystem1/Subsystem1_tc/delayMatch_reg[2]_i_1/O
                         net (fo=7480, routed)       13.994    19.614    u_mwfil_chiftop/u_dut/u_Subsystem1/FFT_1_1/SDF1_1_1_1/enb_1_4_0
    SLICE_X7Y12          FDRE                                         r  u_mwfil_chiftop/u_dut/u_Subsystem1/FFT_1_1/SDF1_1_1_1/dinXTwdl_re_reg[7]/CE
  -------------------------------------------------------------------    -------------------

                         (clock clk_out1_clk_wiz_0 rise edge)
                                                     40.000    40.000 r  
    L16                                               0.000    40.000 r  sysclk (IN)
                         net (fo=0)                   0.000    40.000    u_clk_wiz_0/inst/clk_in1
    L16                  IBUF (Prop_ibuf_I_O)         1.421    41.421 r  u_clk_wiz_0/inst/clkin1_ibufg/O
                         net (fo=1, routed)           1.162    42.583    u_clk_wiz_0/inst/clk_in1_clk_wiz_0
    MMCME2_ADV_X0Y1      MMCME2_ADV (Prop_mmcme2_adv_CLKIN1_CLKOUT0)
                                                     -7.105    35.478 r  u_clk_wiz_0/inst/mmcm_adv_inst/CLKOUT0
                         net (fo=1, routed)           1.599    37.077    u_clk_wiz_0/inst/clk_out1_clk_wiz_0
    BUFGCTRL_X0Y16       BUFG (Prop_bufg_I_O)         0.091    37.168 r  u_clk_wiz_0/inst/clkout1_buf/O
                         net (fo=16020, routed)       1.505    38.673    u_mwfil_chiftop/u_dut/u_Subsystem1/FFT_1_1/SDF1_1_1_1/clk_out1
    SLICE_X7Y12          FDRE                                         r  u_mwfil_chiftop/u_dut/u_Subsystem1/FFT_1_1/SDF1_1_1_1/dinXTwdl_re_reg[7]/C
                         clock pessimism              0.588    39.261    
                         clock uncertainty           -0.160    39.101    
    SLICE_X7Y12          FDRE (Setup_fdre_C_CE)      -0.205    38.896    u_mwfil_chiftop/u_dut/u_Subsystem1/FFT_1_1/SDF1_1_1_1/dinXTwdl_re_reg[7]
  -------------------------------------------------------------------
                         required time                         38.896    
                         arrival time                         -19.614    
  -------------------------------------------------------------------
                         slack                                 19.282    

Slack (MET) :             19.375ns  (required time - arrival time)
  Source:                 u_mwfil_chiftop/u_mwfil_chifcore/u_controller/LOCKEDSTEP_CTRL.dut_enable_int_reg/C
                            (rising edge-triggered cell FDRE clocked by clk_out1_clk_wiz_0  {rise@0.000ns fall@20.000ns period=40.000ns})
  Destination:            u_mwfil_chiftop/u_dut/u_Subsystem1/FFT_1_1/RADIX2_1/MUL4_4/Complex4Add_prod1_re_reg_reg[3]/CE
                            (rising edge-triggered cell FDRE clocked by clk_out1_clk_wiz_0  {rise@0.000ns fall@20.000ns period=40.000ns})
  Path Group:             clk_out1_clk_wiz_0
  Path Type:              Setup (Max at Slow Process Corner)
  Requirement:            40.000ns  (clk_out1_clk_wiz_0 rise@40.000ns - clk_out1_clk_wiz_0 rise@0.000ns)
  Data Path Delay:        20.202ns  (logic 0.642ns (3.178%)  route 19.560ns (96.822%))
  Logic Levels:           1  (LUT2=1)
  Clock Path Skew:        -0.057ns (DCD - SCD + CPR)
    Destination Clock Delay (DCD):    -1.337ns = ( 38.663 - 40.000 ) 
    Source Clock Delay      (SCD):    -0.692ns
    Clock Pessimism Removal (CPR):    0.588ns
  Clock Uncertainty:      0.160ns  ((TSJ^2 + DJ^2)^1/2) / 2 + PE
    Total System Jitter     (TSJ):    0.071ns
    Discrete Jitter          (DJ):    0.313ns
    Phase Error              (PE):    0.000ns

    Location             Delay type                Incr(ns)  Path(ns)    Netlist Resource(s)
  -------------------------------------------------------------------    -------------------
                         (clock clk_out1_clk_wiz_0 rise edge)
                                                      0.000     0.000 r  
    L16                                               0.000     0.000 r  sysclk (IN)
                         net (fo=0)                   0.000     0.000    u_clk_wiz_0/inst/clk_in1
    L16                  IBUF (Prop_ibuf_I_O)         1.491     1.491 r  u_clk_wiz_0/inst/clkin1_ibufg/O
                         net (fo=1, routed)           1.285     2.776    u_clk_wiz_0/inst/clk_in1_clk_wiz_0
    MMCME2_ADV_X0Y1      MMCME2_ADV (Prop_mmcme2_adv_CLKIN1_CLKOUT0)
                                                     -6.996    -4.220 r  u_clk_wiz_0/inst/mmcm_adv_inst/CLKOUT0
                         net (fo=1, routed)           1.760    -2.460    u_clk_wiz_0/inst/clk_out1_clk_wiz_0
    BUFGCTRL_X0Y16       BUFG (Prop_bufg_I_O)         0.101    -2.359 r  u_clk_wiz_0/inst/clkout1_buf/O
                         net (fo=16020, routed)       1.667    -0.692    u_mwfil_chiftop/u_mwfil_chifcore/u_controller/clk_out1
    SLICE_X8Y27          FDRE                                         r  u_mwfil_chiftop/u_mwfil_chifcore/u_controller/LOCKEDSTEP_CTRL.dut_enable_int_reg/C
  -------------------------------------------------------------------    -------------------
    SLICE_X8Y27          FDRE (Prop_fdre_C_Q)         0.518    -0.174 r  u_mwfil_chiftop/u_mwfil_chifcore/u_controller/LOCKEDSTEP_CTRL.dut_enable_int_reg/Q
                         net (fo=762, routed)         5.669     5.495    u_mwfil_chiftop/u_dut/u_Subsystem1/Subsystem1_tc/dut_clkenb
    SLICE_X29Y48         LUT2 (Prop_lut2_I1_O)        0.124     5.619 r  u_mwfil_chiftop/u_dut/u_Subsystem1/Subsystem1_tc/delayMatch_reg[2]_i_1/O
                         net (fo=7480, routed)       13.892    19.511    u_mwfil_chiftop/u_dut/u_Subsystem1/FFT_1_1/RADIX2_1/MUL4_4/enb_1_4_0
    SLICE_X7Y22          FDRE                                         r  u_mwfil_chiftop/u_dut/u_Subsystem1/FFT_1_1/RADIX2_1/MUL4_4/Complex4Add_prod1_re_reg_reg[3]/CE
  -------------------------------------------------------------------    -------------------

                         (clock clk_out1_clk_wiz_0 rise edge)
                                                     40.000    40.000 r  
    L16                                               0.000    40.000 r  sysclk (IN)
                         net (fo=0)                   0.000    40.000    u_clk_wiz_0/inst/clk_in1
    L16                  IBUF (Prop_ibuf_I_O)         1.421    41.421 r  u_clk_wiz_0/inst/clkin1_ibufg/O
                         net (fo=1, routed)           1.162    42.583    u_clk_wiz_0/inst/clk_in1_clk_wiz_0
    MMCME2_ADV_X0Y1      MMCME2_ADV (Prop_mmcme2_adv_CLKIN1_CLKOUT0)
                                                     -7.105    35.478 r  u_clk_wiz_0/inst/mmcm_adv_inst/CLKOUT0
                         net (fo=1, routed)           1.599    37.077    u_clk_wiz_0/inst/clk_out1_clk_wiz_0
    BUFGCTRL_X0Y16       BUFG (Prop_bufg_I_O)         0.091    37.168 r  u_clk_wiz_0/inst/clkout1_buf/O
                         net (fo=16020, routed)       1.495    38.663    u_mwfil_chiftop/u_dut/u_Subsystem1/FFT_1_1/RADIX2_1/MUL4_4/clk_out1
    SLICE_X7Y22          FDRE                                         r  u_mwfil_chiftop/u_dut/u_Subsystem1/FFT_1_1/RADIX2_1/MUL4_4/Complex4Add_prod1_re_reg_reg[3]/C
                         clock pessimism              0.588    39.251    
                         clock uncertainty           -0.160    39.091    
    SLICE_X7Y22          FDRE (Setup_fdre_C_CE)      -0.205    38.886    u_mwfil_chiftop/u_dut/u_Subsystem1/FFT_1_1/RADIX2_1/MUL4_4/Complex4Add_prod1_re_reg_reg[3]
  -------------------------------------------------------------------
                         required time                         38.886    
                         arrival time                         -19.511    
  -------------------------------------------------------------------
                         slack                                 19.375    

Slack (MET) :             19.409ns  (required time - arrival time)
  Source:                 u_mwfil_chiftop/u_mwfil_chifcore/u_controller/LOCKEDSTEP_CTRL.dut_enable_int_reg/C
                            (rising edge-triggered cell FDRE clocked by clk_out1_clk_wiz_0  {rise@0.000ns fall@20.000ns period=40.000ns})
  Destination:            u_mwfil_chiftop/u_dut/u_Subsystem1/FFT_1_1/RADIX2_1/MUL4_4/Complex4Add_prod1_re_reg_reg[29]/CE
                            (rising edge-triggered cell FDRE clocked by clk_out1_clk_wiz_0  {rise@0.000ns fall@20.000ns period=40.000ns})
  Path Group:             clk_out1_clk_wiz_0
  Path Type:              Setup (Max at Slow Process Corner)
  Requirement:            40.000ns  (clk_out1_clk_wiz_0 rise@40.000ns - clk_out1_clk_wiz_0 rise@0.000ns)
  Data Path Delay:        20.205ns  (logic 0.642ns (3.177%)  route 19.563ns (96.823%))
  Logic Levels:           1  (LUT2=1)
  Clock Path Skew:        -0.056ns (DCD - SCD + CPR)
    Destination Clock Delay (DCD):    -1.336ns = ( 38.664 - 40.000 ) 
    Source Clock Delay      (SCD):    -0.692ns
    Clock Pessimism Removal (CPR):    0.588ns
  Clock Uncertainty:      0.160ns  ((TSJ^2 + DJ^2)^1/2) / 2 + PE
    Total System Jitter     (TSJ):    0.071ns
    Discrete Jitter          (DJ):    0.313ns
    Phase Error              (PE):    0.000ns

    Location             Delay type                Incr(ns)  Path(ns)    Netlist Resource(s)
  -------------------------------------------------------------------    -------------------
                         (clock clk_out1_clk_wiz_0 rise edge)
                                                      0.000     0.000 r  
    L16                                               0.000     0.000 r  sysclk (IN)
                         net (fo=0)                   0.000     0.000    u_clk_wiz_0/inst/clk_in1
    L16                  IBUF (Prop_ibuf_I_O)         1.491     1.491 r  u_clk_wiz_0/inst/clkin1_ibufg/O
                         net (fo=1, routed)           1.285     2.776    u_clk_wiz_0/inst/clk_in1_clk_wiz_0
    MMCME2_ADV_X0Y1      MMCME2_ADV (Prop_mmcme2_adv_CLKIN1_CLKOUT0)
                                                     -6.996    -4.220 r  u_clk_wiz_0/inst/mmcm_adv_inst/CLKOUT0
                         net (fo=1, routed)           1.760    -2.460    u_clk_wiz_0/inst/clk_out1_clk_wiz_0
    BUFGCTRL_X0Y16       BUFG (Prop_bufg_I_O)         0.101    -2.359 r  u_clk_wiz_0/inst/clkout1_buf/O
                         net (fo=16020, routed)       1.667    -0.692    u_mwfil_chiftop/u_mwfil_chifcore/u_controller/clk_out1
    SLICE_X8Y27          FDRE                                         r  u_mwfil_chiftop/u_mwfil_chifcore/u_controller/LOCKEDSTEP_CTRL.dut_enable_int_reg/C
  -------------------------------------------------------------------    -------------------
    SLICE_X8Y27          FDRE (Prop_fdre_C_Q)         0.518    -0.174 r  u_mwfil_chiftop/u_mwfil_chifcore/u_controller/LOCKEDSTEP_CTRL.dut_enable_int_reg/Q
                         net (fo=762, routed)         5.669     5.495    u_mwfil_chiftop/u_dut/u_Subsystem1/Subsystem1_tc/dut_clkenb
    SLICE_X29Y48         LUT2 (Prop_lut2_I1_O)        0.124     5.619 r  u_mwfil_chiftop/u_dut/u_Subsystem1/Subsystem1_tc/delayMatch_reg[2]_i_1/O
                         net (fo=7480, routed)       13.895    19.514    u_mwfil_chiftop/u_dut/u_Subsystem1/FFT_1_1/RADIX2_1/MUL4_4/enb_1_4_0
    SLICE_X8Y22          FDRE                                         r  u_mwfil_chiftop/u_dut/u_Subsystem1/FFT_1_1/RADIX2_1/MUL4_4/Complex4Add_prod1_re_reg_reg[29]/CE
  -------------------------------------------------------------------    -------------------

                         (clock clk_out1_clk_wiz_0 rise edge)
                                                     40.000    40.000 r  
    L16                                               0.000    40.000 r  sysclk (IN)
                         net (fo=0)                   0.000    40.000    u_clk_wiz_0/inst/clk_in1
    L16                  IBUF (Prop_ibuf_I_O)         1.421    41.421 r  u_clk_wiz_0/inst/clkin1_ibufg/O
                         net (fo=1, routed)           1.162    42.583    u_clk_wiz_0/inst/clk_in1_clk_wiz_0
    MMCME2_ADV_X0Y1      MMCME2_ADV (Prop_mmcme2_adv_CLKIN1_CLKOUT0)
                                                     -7.105    35.478 r  u_clk_wiz_0/inst/mmcm_adv_inst/CLKOUT0
                         net (fo=1, routed)           1.599    37.077    u_clk_wiz_0/inst/clk_out1_clk_wiz_0
    BUFGCTRL_X0Y16       BUFG (Prop_bufg_I_O)         0.091    37.168 r  u_clk_wiz_0/inst/clkout1_buf/O
                         net (fo=16020, routed)       1.496    38.664    u_mwfil_chiftop/u_dut/u_Subsystem1/FFT_1_1/RADIX2_1/MUL4_4/clk_out1
    SLICE_X8Y22          FDRE                                         r  u_mwfil_chiftop/u_dut/u_Subsystem1/FFT_1_1/RADIX2_1/MUL4_4/Complex4Add_prod1_re_reg_reg[29]/C
                         clock pessimism              0.588    39.252    
                         clock uncertainty           -0.160    39.092    
    SLICE_X8Y22          FDRE (Setup_fdre_C_CE)      -0.169    38.923    u_mwfil_chiftop/u_dut/u_Subsystem1/FFT_1_1/RADIX2_1/MUL4_4/Complex4Add_prod1_re_reg_reg[29]
  -------------------------------------------------------------------
                         required time                         38.923    
                         arrival time                         -19.514    
  -------------------------------------------------------------------
                         slack                                 19.409    

Slack (MET) :             19.409ns  (required time - arrival time)
  Source:                 u_mwfil_chiftop/u_mwfil_chifcore/u_controller/LOCKEDSTEP_CTRL.dut_enable_int_reg/C
                            (rising edge-triggered cell FDRE clocked by clk_out1_clk_wiz_0  {rise@0.000ns fall@20.000ns period=40.000ns})
  Destination:            u_mwfil_chiftop/u_dut/u_Subsystem1/FFT_1_1/RADIX2_1/MUL4_4/Complex4Add_prod1_re_reg_reg[8]/CE
                            (rising edge-triggered cell FDRE clocked by clk_out1_clk_wiz_0  {rise@0.000ns fall@20.000ns period=40.000ns})
  Path Group:             clk_out1_clk_wiz_0
  Path Type:              Setup (Max at Slow Process Corner)
  Requirement:            40.000ns  (clk_out1_clk_wiz_0 rise@40.000ns - clk_out1_clk_wiz_0 rise@0.000ns)
  Data Path Delay:        20.205ns  (logic 0.642ns (3.177%)  route 19.563ns (96.823%))
  Logic Levels:           1  (LUT2=1)
  Clock Path Skew:        -0.056ns (DCD - SCD + CPR)
    Destination Clock Delay (DCD):    -1.336ns = ( 38.664 - 40.000 ) 
    Source Clock Delay      (SCD):    -0.692ns
    Clock Pessimism Removal (CPR):    0.588ns
  Clock Uncertainty:      0.160ns  ((TSJ^2 + DJ^2)^1/2) / 2 + PE
    Total System Jitter     (TSJ):    0.071ns
    Discrete Jitter          (DJ):    0.313ns
    Phase Error              (PE):    0.000ns

    Location             Delay type                Incr(ns)  Path(ns)    Netlist Resource(s)
  -------------------------------------------------------------------    -------------------
                         (clock clk_out1_clk_wiz_0 rise edge)
                                                      0.000     0.000 r  
    L16                                               0.000     0.000 r  sysclk (IN)
                         net (fo=0)                   0.000     0.000    u_clk_wiz_0/inst/clk_in1
    L16                  IBUF (Prop_ibuf_I_O)         1.491     1.491 r  u_clk_wiz_0/inst/clkin1_ibufg/O
                         net (fo=1, routed)           1.285     2.776    u_clk_wiz_0/inst/clk_in1_clk_wiz_0
    MMCME2_ADV_X0Y1      MMCME2_ADV (Prop_mmcme2_adv_CLKIN1_CLKOUT0)
                                                     -6.996    -4.220 r  u_clk_wiz_0/inst/mmcm_adv_inst/CLKOUT0
                         net (fo=1, routed)           1.760    -2.460    u_clk_wiz_0/inst/clk_out1_clk_wiz_0
    BUFGCTRL_X0Y16       BUFG (Prop_bufg_I_O)         0.101    -2.359 r  u_clk_wiz_0/inst/clkout1_buf/O
                         net (fo=16020, routed)       1.667    -0.692    u_mwfil_chiftop/u_mwfil_chifcore/u_controller/clk_out1
    SLICE_X8Y27          FDRE                                         r  u_mwfil_chiftop/u_mwfil_chifcore/u_controller/LOCKEDSTEP_CTRL.dut_enable_int_reg/C
  -------------------------------------------------------------------    -------------------
    SLICE_X8Y27          FDRE (Prop_fdre_C_Q)         0.518    -0.174 r  u_mwfil_chiftop/u_mwfil_chifcore/u_controller/LOCKEDSTEP_CTRL.dut_enable_int_reg/Q
                         net (fo=762, routed)         5.669     5.495    u_mwfil_chiftop/u_dut/u_Subsystem1/Subsystem1_tc/dut_clkenb
    SLICE_X29Y48         LUT2 (Prop_lut2_I1_O)        0.124     5.619 r  u_mwfil_chiftop/u_dut/u_Subsystem1/Subsystem1_tc/delayMatch_reg[2]_i_1/O
                         net (fo=7480, routed)       13.895    19.514    u_mwfil_chiftop/u_dut/u_Subsystem1/FFT_1_1/RADIX2_1/MUL4_4/enb_1_4_0
    SLICE_X8Y22          FDRE                                         r  u_mwfil_chiftop/u_dut/u_Subsystem1/FFT_1_1/RADIX2_1/MUL4_4/Complex4Add_prod1_re_reg_reg[8]/CE
  -------------------------------------------------------------------    -------------------

                         (clock clk_out1_clk_wiz_0 rise edge)
                                                     40.000    40.000 r  
    L16                                               0.000    40.000 r  sysclk (IN)
                         net (fo=0)                   0.000    40.000    u_clk_wiz_0/inst/clk_in1
    L16                  IBUF (Prop_ibuf_I_O)         1.421    41.421 r  u_clk_wiz_0/inst/clkin1_ibufg/O
                         net (fo=1, routed)           1.162    42.583    u_clk_wiz_0/inst/clk_in1_clk_wiz_0
    MMCME2_ADV_X0Y1      MMCME2_ADV (Prop_mmcme2_adv_CLKIN1_CLKOUT0)
                                                     -7.105    35.478 r  u_clk_wiz_0/inst/mmcm_adv_inst/CLKOUT0
                         net (fo=1, routed)           1.599    37.077    u_clk_wiz_0/inst/clk_out1_clk_wiz_0
    BUFGCTRL_X0Y16       BUFG (Prop_bufg_I_O)         0.091    37.168 r  u_clk_wiz_0/inst/clkout1_buf/O
                         net (fo=16020, routed)       1.496    38.664    u_mwfil_chiftop/u_dut/u_Subsystem1/FFT_1_1/RADIX2_1/MUL4_4/clk_out1
    SLICE_X8Y22          FDRE                                         r  u_mwfil_chiftop/u_dut/u_Subsystem1/FFT_1_1/RADIX2_1/MUL4_4/Complex4Add_prod1_re_reg_reg[8]/C
                         clock pessimism              0.588    39.252    
                         clock uncertainty           -0.160    39.092    
    SLICE_X8Y22          FDRE (Setup_fdre_C_CE)      -0.169    38.923    u_mwfil_chiftop/u_dut/u_Subsystem1/FFT_1_1/RADIX2_1/MUL4_4/Complex4Add_prod1_re_reg_reg[8]
  -------------------------------------------------------------------
                         required time                         38.923    
                         arrival time                         -19.514    
  -------------------------------------------------------------------
                         slack                                 19.409    

Slack (MET) :             19.409ns  (required time - arrival time)
  Source:                 u_mwfil_chiftop/u_mwfil_chifcore/u_controller/LOCKEDSTEP_CTRL.dut_enable_int_reg/C
                            (rising edge-triggered cell FDRE clocked by clk_out1_clk_wiz_0  {rise@0.000ns fall@20.000ns period=40.000ns})
  Destination:            u_mwfil_chiftop/u_dut/u_Subsystem1/FFT_1_1/RADIX2_1/MUL4_4/Complex4Add_prod2_re_reg_reg[1]/CE
                            (rising edge-triggered cell FDRE clocked by clk_out1_clk_wiz_0  {rise@0.000ns fall@20.000ns period=40.000ns})
  Path Group:             clk_out1_clk_wiz_0
  Path Type:              Setup (Max at Slow Process Corner)
  Requirement:            40.000ns  (clk_out1_clk_wiz_0 rise@40.000ns - clk_out1_clk_wiz_0 rise@0.000ns)
  Data Path Delay:        20.205ns  (logic 0.642ns (3.177%)  route 19.563ns (96.823%))
  Logic Levels:           1  (LUT2=1)
  Clock Path Skew:        -0.056ns (DCD - SCD + CPR)
    Destination Clock Delay (DCD):    -1.336ns = ( 38.664 - 40.000 ) 
    Source Clock Delay      (SCD):    -0.692ns
    Clock Pessimism Removal (CPR):    0.588ns
  Clock Uncertainty:      0.160ns  ((TSJ^2 + DJ^2)^1/2) / 2 + PE
    Total System Jitter     (TSJ):    0.071ns
    Discrete Jitter          (DJ):    0.313ns
    Phase Error              (PE):    0.000ns

    Location             Delay type                Incr(ns)  Path(ns)    Netlist Resource(s)
  -------------------------------------------------------------------    -------------------
                         (clock clk_out1_clk_wiz_0 rise edge)
                                                      0.000     0.000 r  
    L16                                               0.000     0.000 r  sysclk (IN)
                         net (fo=0)                   0.000     0.000    u_clk_wiz_0/inst/clk_in1
    L16                  IBUF (Prop_ibuf_I_O)         1.491     1.491 r  u_clk_wiz_0/inst/clkin1_ibufg/O
                         net (fo=1, routed)           1.285     2.776    u_clk_wiz_0/inst/clk_in1_clk_wiz_0
    MMCME2_ADV_X0Y1      MMCME2_ADV (Prop_mmcme2_adv_CLKIN1_CLKOUT0)
                                                     -6.996    -4.220 r  u_clk_wiz_0/inst/mmcm_adv_inst/CLKOUT0
                         net (fo=1, routed)           1.760    -2.460    u_clk_wiz_0/inst/clk_out1_clk_wiz_0
    BUFGCTRL_X0Y16       BUFG (Prop_bufg_I_O)         0.101    -2.359 r  u_clk_wiz_0/inst/clkout1_buf/O
                         net (fo=16020, routed)       1.667    -0.692    u_mwfil_chiftop/u_mwfil_chifcore/u_controller/clk_out1
    SLICE_X8Y27          FDRE                                         r  u_mwfil_chiftop/u_mwfil_chifcore/u_controller/LOCKEDSTEP_CTRL.dut_enable_int_reg/C
  -------------------------------------------------------------------    -------------------
    SLICE_X8Y27          FDRE (Prop_fdre_C_Q)         0.518    -0.174 r  u_mwfil_chiftop/u_mwfil_chifcore/u_controller/LOCKEDSTEP_CTRL.dut_enable_int_reg/Q
                         net (fo=762, routed)         5.669     5.495    u_mwfil_chiftop/u_dut/u_Subsystem1/Subsystem1_tc/dut_clkenb
    SLICE_X29Y48         LUT2 (Prop_lut2_I1_O)        0.124     5.619 r  u_mwfil_chiftop/u_dut/u_Subsystem1/Subsystem1_tc/delayMatch_reg[2]_i_1/O
                         net (fo=7480, routed)       13.895    19.514    u_mwfil_chiftop/u_dut/u_Subsystem1/FFT_1_1/RADIX2_1/MUL4_4/enb_1_4_0
    SLICE_X8Y22          FDRE                                         r  u_mwfil_chiftop/u_dut/u_Subsystem1/FFT_1_1/RADIX2_1/MUL4_4/Complex4Add_prod2_re_reg_reg[1]/CE
  -------------------------------------------------------------------    -------------------

                         (clock clk_out1_clk_wiz_0 rise edge)
                                                     40.000    40.000 r  
    L16                                               0.000    40.000 r  sysclk (IN)
                         net (fo=0)                   0.000    40.000    u_clk_wiz_0/inst/clk_in1
    L16                  IBUF (Prop_ibuf_I_O)         1.421    41.421 r  u_clk_wiz_0/inst/clkin1_ibufg/O
                         net (fo=1, routed)           1.162    42.583    u_clk_wiz_0/inst/clk_in1_clk_wiz_0
    MMCME2_ADV_X0Y1      MMCME2_ADV (Prop_mmcme2_adv_CLKIN1_CLKOUT0)
                                                     -7.105    35.478 r  u_clk_wiz_0/inst/mmcm_adv_inst/CLKOUT0
                         net (fo=1, routed)           1.599    37.077    u_clk_wiz_0/inst/clk_out1_clk_wiz_0
    BUFGCTRL_X0Y16       BUFG (Prop_bufg_I_O)         0.091    37.168 r  u_clk_wiz_0/inst/clkout1_buf/O
                         net (fo=16020, routed)       1.496    38.664    u_mwfil_chiftop/u_dut/u_Subsystem1/FFT_1_1/RADIX2_1/MUL4_4/clk_out1
    SLICE_X8Y22          FDRE                                         r  u_mwfil_chiftop/u_dut/u_Subsystem1/FFT_1_1/RADIX2_1/MUL4_4/Complex4Add_prod2_re_reg_reg[1]/C
                         clock pessimism              0.588    39.252    
                         clock uncertainty           -0.160    39.092    
    SLICE_X8Y22          FDRE (Setup_fdre_C_CE)      -0.169    38.923    u_mwfil_chiftop/u_dut/u_Subsystem1/FFT_1_1/RADIX2_1/MUL4_4/Complex4Add_prod2_re_reg_reg[1]
  -------------------------------------------------------------------
                         required time                         38.923    
                         arrival time                         -19.514    
  -------------------------------------------------------------------
                         slack                                 19.409    

Slack (MET) :             19.409ns  (required time - arrival time)
  Source:                 u_mwfil_chiftop/u_mwfil_chifcore/u_controller/LOCKEDSTEP_CTRL.dut_enable_int_reg/C
                            (rising edge-triggered cell FDRE clocked by clk_out1_clk_wiz_0  {rise@0.000ns fall@20.000ns period=40.000ns})
  Destination:            u_mwfil_chiftop/u_dut/u_Subsystem1/FFT_1_1/RADIX2_1/MUL4_4/Complex4Add_prod2_re_reg_reg[3]/CE
                            (rising edge-triggered cell FDRE clocked by clk_out1_clk_wiz_0  {rise@0.000ns fall@20.000ns period=40.000ns})
  Path Group:             clk_out1_clk_wiz_0
  Path Type:              Setup (Max at Slow Process Corner)
  Requirement:            40.000ns  (clk_out1_clk_wiz_0 rise@40.000ns - clk_out1_clk_wiz_0 rise@0.000ns)
  Data Path Delay:        20.205ns  (logic 0.642ns (3.177%)  route 19.563ns (96.823%))
  Logic Levels:           1  (LUT2=1)
  Clock Path Skew:        -0.056ns (DCD - SCD + CPR)
    Destination Clock Delay (DCD):    -1.336ns = ( 38.664 - 40.000 ) 
    Source Clock Delay      (SCD):    -0.692ns
    Clock Pessimism Removal (CPR):    0.588ns
  Clock Uncertainty:      0.160ns  ((TSJ^2 + DJ^2)^1/2) / 2 + PE
    Total System Jitter     (TSJ):    0.071ns
    Discrete Jitter          (DJ):    0.313ns
    Phase Error              (PE):    0.000ns

    Location             Delay type                Incr(ns)  Path(ns)    Netlist Resource(s)
  -------------------------------------------------------------------    -------------------
                         (clock clk_out1_clk_wiz_0 rise edge)
                                                      0.000     0.000 r  
    L16                                               0.000     0.000 r  sysclk (IN)
                         net (fo=0)                   0.000     0.000    u_clk_wiz_0/inst/clk_in1
    L16                  IBUF (Prop_ibuf_I_O)         1.491     1.491 r  u_clk_wiz_0/inst/clkin1_ibufg/O
                         net (fo=1, routed)           1.285     2.776    u_clk_wiz_0/inst/clk_in1_clk_wiz_0
    MMCME2_ADV_X0Y1      MMCME2_ADV (Prop_mmcme2_adv_CLKIN1_CLKOUT0)
                                                     -6.996    -4.220 r  u_clk_wiz_0/inst/mmcm_adv_inst/CLKOUT0
                         net (fo=1, routed)           1.760    -2.460    u_clk_wiz_0/inst/clk_out1_clk_wiz_0
    BUFGCTRL_X0Y16       BUFG (Prop_bufg_I_O)         0.101    -2.359 r  u_clk_wiz_0/inst/clkout1_buf/O
                         net (fo=16020, routed)       1.667    -0.692    u_mwfil_chiftop/u_mwfil_chifcore/u_controller/clk_out1
    SLICE_X8Y27          FDRE                                         r  u_mwfil_chiftop/u_mwfil_chifcore/u_controller/LOCKEDSTEP_CTRL.dut_enable_int_reg/C
  -------------------------------------------------------------------    -------------------
    SLICE_X8Y27          FDRE (Prop_fdre_C_Q)         0.518    -0.174 r  u_mwfil_chiftop/u_mwfil_chifcore/u_controller/LOCKEDSTEP_CTRL.dut_enable_int_reg/Q
                         net (fo=762, routed)         5.669     5.495    u_mwfil_chiftop/u_dut/u_Subsystem1/Subsystem1_tc/dut_clkenb
    SLICE_X29Y48         LUT2 (Prop_lut2_I1_O)        0.124     5.619 r  u_mwfil_chiftop/u_dut/u_Subsystem1/Subsystem1_tc/delayMatch_reg[2]_i_1/O
                         net (fo=7480, routed)       13.895    19.514    u_mwfil_chiftop/u_dut/u_Subsystem1/FFT_1_1/RADIX2_1/MUL4_4/enb_1_4_0
    SLICE_X8Y22          FDRE                                         r  u_mwfil_chiftop/u_dut/u_Subsystem1/FFT_1_1/RADIX2_1/MUL4_4/Complex4Add_prod2_re_reg_reg[3]/CE
  -------------------------------------------------------------------    -------------------

                         (clock clk_out1_clk_wiz_0 rise edge)
                                                     40.000    40.000 r  
    L16                                               0.000    40.000 r  sysclk (IN)
                         net (fo=0)                   0.000    40.000    u_clk_wiz_0/inst/clk_in1
    L16                  IBUF (Prop_ibuf_I_O)         1.421    41.421 r  u_clk_wiz_0/inst/clkin1_ibufg/O
                         net (fo=1, routed)           1.162    42.583    u_clk_wiz_0/inst/clk_in1_clk_wiz_0
    MMCME2_ADV_X0Y1      MMCME2_ADV (Prop_mmcme2_adv_CLKIN1_CLKOUT0)
                                                     -7.105    35.478 r  u_clk_wiz_0/inst/mmcm_adv_inst/CLKOUT0
                         net (fo=1, routed)           1.599    37.077    u_clk_wiz_0/inst/clk_out1_clk_wiz_0
    BUFGCTRL_X0Y16       BUFG (Prop_bufg_I_O)         0.091    37.168 r  u_clk_wiz_0/inst/clkout1_buf/O
                         net (fo=16020, routed)       1.496    38.664    u_mwfil_chiftop/u_dut/u_Subsystem1/FFT_1_1/RADIX2_1/MUL4_4/clk_out1
    SLICE_X8Y22          FDRE                                         r  u_mwfil_chiftop/u_dut/u_Subsystem1/FFT_1_1/RADIX2_1/MUL4_4/Complex4Add_prod2_re_reg_reg[3]/C
                         clock pessimism              0.588    39.252    
                         clock uncertainty           -0.160    39.092    
    SLICE_X8Y22          FDRE (Setup_fdre_C_CE)      -0.169    38.923    u_mwfil_chiftop/u_dut/u_Subsystem1/FFT_1_1/RADIX2_1/MUL4_4/Complex4Add_prod2_re_reg_reg[3]
  -------------------------------------------------------------------
                         required time                         38.923    
                         arrival time                         -19.514    
  -------------------------------------------------------------------
                         slack                                 19.409    





Min Delay Paths
--------------------------------------------------------------------------------------
Slack (MET) :             0.011ns  (arrival time - required time)
  Source:                 u_mwfil_chiftop/u_dut/u_Subsystem1/FFT_1_1/SDF1_9_1_1/SDFCOMMUTATOR_9_1/SDFOutmux_btf2Pipe_re_reg[16]/C
                            (rising edge-triggered cell FDRE clocked by clk_out1_clk_wiz_0  {rise@0.000ns fall@20.000ns period=40.000ns})
  Destination:            u_mwfil_chiftop/u_dut/u_Subsystem1/FFT_1_1/SDF2_10_1_1/din_re_dly1_reg[16]/D
                            (rising edge-triggered cell FDRE clocked by clk_out1_clk_wiz_0  {rise@0.000ns fall@20.000ns period=40.000ns})
  Path Group:             clk_out1_clk_wiz_0
  Path Type:              Hold (Min at Fast Process Corner)
  Requirement:            0.000ns  (clk_out1_clk_wiz_0 rise@0.000ns - clk_out1_clk_wiz_0 rise@0.000ns)
  Data Path Delay:        0.284ns  (logic 0.128ns (45.014%)  route 0.156ns (54.986%))
  Logic Levels:           0  
  Clock Path Skew:        0.263ns (DCD - SCD - CPR)
    Destination Clock Delay (DCD):    -0.741ns
    Source Clock Delay      (SCD):    -0.507ns
    Clock Pessimism Removal (CPR):    -0.498ns

    Location             Delay type                Incr(ns)  Path(ns)    Netlist Resource(s)
  -------------------------------------------------------------------    -------------------
                         (clock clk_out1_clk_wiz_0 rise edge)
                                                      0.000     0.000 r  
    L16                                               0.000     0.000 r  sysclk (IN)
                         net (fo=0)                   0.000     0.000    u_clk_wiz_0/inst/clk_in1
    L16                  IBUF (Prop_ibuf_I_O)         0.259     0.259 r  u_clk_wiz_0/inst/clkin1_ibufg/O
                         net (fo=1, routed)           0.440     0.699    u_clk_wiz_0/inst/clk_in1_clk_wiz_0
    MMCME2_ADV_X0Y1      MMCME2_ADV (Prop_mmcme2_adv_CLKIN1_CLKOUT0)
                                                     -2.268    -1.568 r  u_clk_wiz_0/inst/mmcm_adv_inst/CLKOUT0
                         net (fo=1, routed)           0.482    -1.086    u_clk_wiz_0/inst/clk_out1_clk_wiz_0
    BUFGCTRL_X0Y16       BUFG (Prop_bufg_I_O)         0.026    -1.060 r  u_clk_wiz_0/inst/clkout1_buf/O
                         net (fo=16020, routed)       0.554    -0.507    u_mwfil_chiftop/u_dut/u_Subsystem1/FFT_1_1/SDF1_9_1_1/SDFCOMMUTATOR_9_1/clk_out1
    SLICE_X22Y30         FDRE                                         r  u_mwfil_chiftop/u_dut/u_Subsystem1/FFT_1_1/SDF1_9_1_1/SDFCOMMUTATOR_9_1/SDFOutmux_btf2Pipe_re_reg[16]/C
  -------------------------------------------------------------------    -------------------
    SLICE_X22Y30         FDRE (Prop_fdre_C_Q)         0.128    -0.379 r  u_mwfil_chiftop/u_dut/u_Subsystem1/FFT_1_1/SDF1_9_1_1/SDFCOMMUTATOR_9_1/SDFOutmux_btf2Pipe_re_reg[16]/Q
                         net (fo=1, routed)           0.156    -0.223    u_mwfil_chiftop/u_dut/u_Subsystem1/FFT_1_1/SDF2_10_1_1/D[16]
    SLICE_X20Y30         FDRE                                         r  u_mwfil_chiftop/u_dut/u_Subsystem1/FFT_1_1/SDF2_10_1_1/din_re_dly1_reg[16]/D
  -------------------------------------------------------------------    -------------------

                         (clock clk_out1_clk_wiz_0 rise edge)
                                                      0.000     0.000 r  
    L16                                               0.000     0.000 r  sysclk (IN)
                         net (fo=0)                   0.000     0.000    u_clk_wiz_0/inst/clk_in1
    L16                  IBUF (Prop_ibuf_I_O)         0.447     0.447 r  u_clk_wiz_0/inst/clkin1_ibufg/O
                         net (fo=1, routed)           0.480     0.927    u_clk_wiz_0/inst/clk_in1_clk_wiz_0
    MMCME2_ADV_X0Y1      MMCME2_ADV (Prop_mmcme2_adv_CLKIN1_CLKOUT0)
                                                     -3.047    -2.120 r  u_clk_wiz_0/inst/mmcm_adv_inst/CLKOUT0
                         net (fo=1, routed)           0.528    -1.592    u_clk_wiz_0/inst/clk_out1_clk_wiz_0
    BUFGCTRL_X0Y16       BUFG (Prop_bufg_I_O)         0.029    -1.563 r  u_clk_wiz_0/inst/clkout1_buf/O
                         net (fo=16020, routed)       0.822    -0.741    u_mwfil_chiftop/u_dut/u_Subsystem1/FFT_1_1/SDF2_10_1_1/clk_out1
    SLICE_X20Y30         FDRE                                         r  u_mwfil_chiftop/u_dut/u_Subsystem1/FFT_1_1/SDF2_10_1_1/din_re_dly1_reg[16]/C
                         clock pessimism              0.498    -0.243    
    SLICE_X20Y30         FDRE (Hold_fdre_C_D)         0.010    -0.233    u_mwfil_chiftop/u_dut/u_Subsystem1/FFT_1_1/SDF2_10_1_1/din_re_dly1_reg[16]
  -------------------------------------------------------------------
                         required time                          0.233    
                         arrival time                          -0.223    
  -------------------------------------------------------------------
                         slack                                  0.011    

Slack (MET) :             0.016ns  (arrival time - required time)
  Source:                 u_mwfil_chiftop/u_dut/u_Subsystem1/FFT_1_1/SDF2_10_1_1/twoLocationReg_0_dout_im_reg_reg[5]/C
                            (rising edge-triggered cell FDRE clocked by clk_out1_clk_wiz_0  {rise@0.000ns fall@20.000ns period=40.000ns})
  Destination:            u_mwfil_chiftop/u_dut/u_Subsystem1/FFT_1_1/SDF2_10_1_1/x_im_dly_reg[5]/D
                            (rising edge-triggered cell FDRE clocked by clk_out1_clk_wiz_0  {rise@0.000ns fall@20.000ns period=40.000ns})
  Path Group:             clk_out1_clk_wiz_0
  Path Type:              Hold (Min at Fast Process Corner)
  Requirement:            0.000ns  (clk_out1_clk_wiz_0 rise@0.000ns - clk_out1_clk_wiz_0 rise@0.000ns)
  Data Path Delay:        0.341ns  (logic 0.141ns (41.310%)  route 0.200ns (58.690%))
  Logic Levels:           0  
  Clock Path Skew:        0.262ns (DCD - SCD - CPR)
    Destination Clock Delay (DCD):    -0.746ns
    Source Clock Delay      (SCD):    -0.511ns
    Clock Pessimism Removal (CPR):    -0.498ns

    Location             Delay type                Incr(ns)  Path(ns)    Netlist Resource(s)
  -------------------------------------------------------------------    -------------------
                         (clock clk_out1_clk_wiz_0 rise edge)
                                                      0.000     0.000 r  
    L16                                               0.000     0.000 r  sysclk (IN)
                         net (fo=0)                   0.000     0.000    u_clk_wiz_0/inst/clk_in1
    L16                  IBUF (Prop_ibuf_I_O)         0.259     0.259 r  u_clk_wiz_0/inst/clkin1_ibufg/O
                         net (fo=1, routed)           0.440     0.699    u_clk_wiz_0/inst/clk_in1_clk_wiz_0
    MMCME2_ADV_X0Y1      MMCME2_ADV (Prop_mmcme2_adv_CLKIN1_CLKOUT0)
                                                     -2.268    -1.568 r  u_clk_wiz_0/inst/mmcm_adv_inst/CLKOUT0
                         net (fo=1, routed)           0.482    -1.086    u_clk_wiz_0/inst/clk_out1_clk_wiz_0
    BUFGCTRL_X0Y16       BUFG (Prop_bufg_I_O)         0.026    -1.060 r  u_clk_wiz_0/inst/clkout1_buf/O
                         net (fo=16020, routed)       0.550    -0.511    u_mwfil_chiftop/u_dut/u_Subsystem1/FFT_1_1/SDF2_10_1_1/clk_out1
    SLICE_X25Y23         FDRE                                         r  u_mwfil_chiftop/u_dut/u_Subsystem1/FFT_1_1/SDF2_10_1_1/twoLocationReg_0_dout_im_reg_reg[5]/C
  -------------------------------------------------------------------    -------------------
    SLICE_X25Y23         FDRE (Prop_fdre_C_Q)         0.141    -0.370 r  u_mwfil_chiftop/u_dut/u_Subsystem1/FFT_1_1/SDF2_10_1_1/twoLocationReg_0_dout_im_reg_reg[5]/Q
                         net (fo=1, routed)           0.200    -0.170    u_mwfil_chiftop/u_dut/u_Subsystem1/FFT_1_1/SDF2_10_1_1/twoLocationReg_0_dout_im_reg[5]
    SLICE_X20Y23         FDRE                                         r  u_mwfil_chiftop/u_dut/u_Subsystem1/FFT_1_1/SDF2_10_1_1/x_im_dly_reg[5]/D
  -------------------------------------------------------------------    -------------------

                         (clock clk_out1_clk_wiz_0 rise edge)
                                                      0.000     0.000 r  
    L16                                               0.000     0.000 r  sysclk (IN)
                         net (fo=0)                   0.000     0.000    u_clk_wiz_0/inst/clk_in1
    L16                  IBUF (Prop_ibuf_I_O)         0.447     0.447 r  u_clk_wiz_0/inst/clkin1_ibufg/O
                         net (fo=1, routed)           0.480     0.927    u_clk_wiz_0/inst/clk_in1_clk_wiz_0
    MMCME2_ADV_X0Y1      MMCME2_ADV (Prop_mmcme2_adv_CLKIN1_CLKOUT0)
                                                     -3.047    -2.120 r  u_clk_wiz_0/inst/mmcm_adv_inst/CLKOUT0
                         net (fo=1, routed)           0.528    -1.592    u_clk_wiz_0/inst/clk_out1_clk_wiz_0
    BUFGCTRL_X0Y16       BUFG (Prop_bufg_I_O)         0.029    -1.563 r  u_clk_wiz_0/inst/clkout1_buf/O
                         net (fo=16020, routed)       0.817    -0.746    u_mwfil_chiftop/u_dut/u_Subsystem1/FFT_1_1/SDF2_10_1_1/clk_out1
    SLICE_X20Y23         FDRE                                         r  u_mwfil_chiftop/u_dut/u_Subsystem1/FFT_1_1/SDF2_10_1_1/x_im_dly_reg[5]/C
                         clock pessimism              0.498    -0.248    
    SLICE_X20Y23         FDRE (Hold_fdre_C_D)         0.063    -0.185    u_mwfil_chiftop/u_dut/u_Subsystem1/FFT_1_1/SDF2_10_1_1/x_im_dly_reg[5]
  -------------------------------------------------------------------
                         required time                          0.185    
                         arrival time                          -0.170    
  -------------------------------------------------------------------
                         slack                                  0.016    

Slack (MET) :             0.020ns  (arrival time - required time)
  Source:                 u_mwfil_chiftop/u_dut/u_Subsystem1/myRMS_1_1/Delay1_reg_reg_r_756/C
                            (rising edge-triggered cell FDRE clocked by clk_out1_clk_wiz_0  {rise@0.000ns fall@20.000ns period=40.000ns})
  Destination:            u_mwfil_chiftop/u_dut/u_Subsystem1/myRMS_1_1/Delay1_reg_reg_r_757/D
                            (rising edge-triggered cell FDRE clocked by clk_out1_clk_wiz_0  {rise@0.000ns fall@20.000ns period=40.000ns})
  Path Group:             clk_out1_clk_wiz_0
  Path Type:              Hold (Min at Fast Process Corner)
  Requirement:            0.000ns  (clk_out1_clk_wiz_0 rise@0.000ns - clk_out1_clk_wiz_0 rise@0.000ns)
  Data Path Delay:        0.333ns  (logic 0.141ns (42.344%)  route 0.192ns (57.656%))
  Logic Levels:           0  
  Clock Path Skew:        0.266ns (DCD - SCD - CPR)
    Destination Clock Delay (DCD):    -0.743ns
    Source Clock Delay      (SCD):    -0.512ns
    Clock Pessimism Removal (CPR):    -0.498ns

    Location             Delay type                Incr(ns)  Path(ns)    Netlist Resource(s)
  -------------------------------------------------------------------    -------------------
                         (clock clk_out1_clk_wiz_0 rise edge)
                                                      0.000     0.000 r  
    L16                                               0.000     0.000 r  sysclk (IN)
                         net (fo=0)                   0.000     0.000    u_clk_wiz_0/inst/clk_in1
    L16                  IBUF (Prop_ibuf_I_O)         0.259     0.259 r  u_clk_wiz_0/inst/clkin1_ibufg/O
                         net (fo=1, routed)           0.440     0.699    u_clk_wiz_0/inst/clk_in1_clk_wiz_0
    MMCME2_ADV_X0Y1      MMCME2_ADV (Prop_mmcme2_adv_CLKIN1_CLKOUT0)
                                                     -2.268    -1.568 r  u_clk_wiz_0/inst/mmcm_adv_inst/CLKOUT0
                         net (fo=1, routed)           0.482    -1.086    u_clk_wiz_0/inst/clk_out1_clk_wiz_0
    BUFGCTRL_X0Y16       BUFG (Prop_bufg_I_O)         0.026    -1.060 r  u_clk_wiz_0/inst/clkout1_buf/O
                         net (fo=16020, routed)       0.549    -0.512    u_mwfil_chiftop/u_dut/u_Subsystem1/myRMS_1_1/clk_out1
    SLICE_X25Y81         FDRE                                         r  u_mwfil_chiftop/u_dut/u_Subsystem1/myRMS_1_1/Delay1_reg_reg_r_756/C
  -------------------------------------------------------------------    -------------------
    SLICE_X25Y81         FDRE (Prop_fdre_C_Q)         0.141    -0.371 r  u_mwfil_chiftop/u_dut/u_Subsystem1/myRMS_1_1/Delay1_reg_reg_r_756/Q
                         net (fo=1, routed)           0.192    -0.179    u_mwfil_chiftop/u_dut/u_Subsystem1/myRMS_1_1/Delay1_reg_reg_r_756_n_0
    SLICE_X21Y83         FDRE                                         r  u_mwfil_chiftop/u_dut/u_Subsystem1/myRMS_1_1/Delay1_reg_reg_r_757/D
  -------------------------------------------------------------------    -------------------

                         (clock clk_out1_clk_wiz_0 rise edge)
                                                      0.000     0.000 r  
    L16                                               0.000     0.000 r  sysclk (IN)
                         net (fo=0)                   0.000     0.000    u_clk_wiz_0/inst/clk_in1
    L16                  IBUF (Prop_ibuf_I_O)         0.447     0.447 r  u_clk_wiz_0/inst/clkin1_ibufg/O
                         net (fo=1, routed)           0.480     0.927    u_clk_wiz_0/inst/clk_in1_clk_wiz_0
    MMCME2_ADV_X0Y1      MMCME2_ADV (Prop_mmcme2_adv_CLKIN1_CLKOUT0)
                                                     -3.047    -2.120 r  u_clk_wiz_0/inst/mmcm_adv_inst/CLKOUT0
                         net (fo=1, routed)           0.528    -1.592    u_clk_wiz_0/inst/clk_out1_clk_wiz_0
    BUFGCTRL_X0Y16       BUFG (Prop_bufg_I_O)         0.029    -1.563 r  u_clk_wiz_0/inst/clkout1_buf/O
                         net (fo=16020, routed)       0.820    -0.743    u_mwfil_chiftop/u_dut/u_Subsystem1/myRMS_1_1/clk_out1
    SLICE_X21Y83         FDRE                                         r  u_mwfil_chiftop/u_dut/u_Subsystem1/myRMS_1_1/Delay1_reg_reg_r_757/C
                         clock pessimism              0.498    -0.245    
    SLICE_X21Y83         FDRE (Hold_fdre_C_D)         0.047    -0.198    u_mwfil_chiftop/u_dut/u_Subsystem1/myRMS_1_1/Delay1_reg_reg_r_757
  -------------------------------------------------------------------
                         required time                          0.198    
                         arrival time                          -0.179    
  -------------------------------------------------------------------
                         slack                                  0.020    

Slack (MET) :             0.022ns  (arrival time - required time)
  Source:                 u_mwfil_chiftop/u_dut/u_Subsystem1/FFT_1_1/intdelay_reg_3_reg[0][12]/C
                            (rising edge-triggered cell FDRE clocked by clk_out1_clk_wiz_0  {rise@0.000ns fall@20.000ns period=40.000ns})
  Destination:            u_mwfil_chiftop/u_dut/u_Subsystem1/FFT_1_1/intdelay_reg_3_reg[1][12]/D
                            (rising edge-triggered cell FDRE clocked by clk_out1_clk_wiz_0  {rise@0.000ns fall@20.000ns period=40.000ns})
  Path Group:             clk_out1_clk_wiz_0
  Path Type:              Hold (Min at Fast Process Corner)
  Requirement:            0.000ns  (clk_out1_clk_wiz_0 rise@0.000ns - clk_out1_clk_wiz_0 rise@0.000ns)
  Data Path Delay:        0.353ns  (logic 0.141ns (39.976%)  route 0.212ns (60.024%))
  Logic Levels:           0  
  Clock Path Skew:        0.260ns (DCD - SCD - CPR)
    Destination Clock Delay (DCD):    -0.733ns
    Source Clock Delay      (SCD):    -0.496ns
    Clock Pessimism Removal (CPR):    -0.498ns

    Location             Delay type                Incr(ns)  Path(ns)    Netlist Resource(s)
  -------------------------------------------------------------------    -------------------
                         (clock clk_out1_clk_wiz_0 rise edge)
                                                      0.000     0.000 r  
    L16                                               0.000     0.000 r  sysclk (IN)
                         net (fo=0)                   0.000     0.000    u_clk_wiz_0/inst/clk_in1
    L16                  IBUF (Prop_ibuf_I_O)         0.259     0.259 r  u_clk_wiz_0/inst/clkin1_ibufg/O
                         net (fo=1, routed)           0.440     0.699    u_clk_wiz_0/inst/clk_in1_clk_wiz_0
    MMCME2_ADV_X0Y1      MMCME2_ADV (Prop_mmcme2_adv_CLKIN1_CLKOUT0)
                                                     -2.268    -1.568 r  u_clk_wiz_0/inst/mmcm_adv_inst/CLKOUT0
                         net (fo=1, routed)           0.482    -1.086    u_clk_wiz_0/inst/clk_out1_clk_wiz_0
    BUFGCTRL_X0Y16       BUFG (Prop_bufg_I_O)         0.026    -1.060 r  u_clk_wiz_0/inst/clkout1_buf/O
                         net (fo=16020, routed)       0.565    -0.496    u_mwfil_chiftop/u_dut/u_Subsystem1/FFT_1_1/clk_out1
    SLICE_X19Y6          FDRE                                         r  u_mwfil_chiftop/u_dut/u_Subsystem1/FFT_1_1/intdelay_reg_3_reg[0][12]/C
  -------------------------------------------------------------------    -------------------
    SLICE_X19Y6          FDRE (Prop_fdre_C_Q)         0.141    -0.355 r  u_mwfil_chiftop/u_dut/u_Subsystem1/FFT_1_1/intdelay_reg_3_reg[0][12]/Q
                         net (fo=1, routed)           0.212    -0.143    u_mwfil_chiftop/u_dut/u_Subsystem1/FFT_1_1/intdelay_reg_3_reg[0]_239[12]
    SLICE_X23Y5          FDRE                                         r  u_mwfil_chiftop/u_dut/u_Subsystem1/FFT_1_1/intdelay_reg_3_reg[1][12]/D
  -------------------------------------------------------------------    -------------------

                         (clock clk_out1_clk_wiz_0 rise edge)
                                                      0.000     0.000 r  
    L16                                               0.000     0.000 r  sysclk (IN)
                         net (fo=0)                   0.000     0.000    u_clk_wiz_0/inst/clk_in1
    L16                  IBUF (Prop_ibuf_I_O)         0.447     0.447 r  u_clk_wiz_0/inst/clkin1_ibufg/O
                         net (fo=1, routed)           0.480     0.927    u_clk_wiz_0/inst/clk_in1_clk_wiz_0
    MMCME2_ADV_X0Y1      MMCME2_ADV (Prop_mmcme2_adv_CLKIN1_CLKOUT0)
                                                     -3.047    -2.120 r  u_clk_wiz_0/inst/mmcm_adv_inst/CLKOUT0
                         net (fo=1, routed)           0.528    -1.592    u_clk_wiz_0/inst/clk_out1_clk_wiz_0
    BUFGCTRL_X0Y16       BUFG (Prop_bufg_I_O)         0.029    -1.563 r  u_clk_wiz_0/inst/clkout1_buf/O
                         net (fo=16020, routed)       0.830    -0.733    u_mwfil_chiftop/u_dut/u_Subsystem1/FFT_1_1/clk_out1
    SLICE_X23Y5          FDRE                                         r  u_mwfil_chiftop/u_dut/u_Subsystem1/FFT_1_1/intdelay_reg_3_reg[1][12]/C
                         clock pessimism              0.498    -0.235    
    SLICE_X23Y5          FDRE (Hold_fdre_C_D)         0.070    -0.165    u_mwfil_chiftop/u_dut/u_Subsystem1/FFT_1_1/intdelay_reg_3_reg[1][12]
  -------------------------------------------------------------------
                         required time                          0.165    
                         arrival time                          -0.143    
  -------------------------------------------------------------------
                         slack                                  0.022    

Slack (MET) :             0.023ns  (arrival time - required time)
  Source:                 u_mwfil_chiftop/u_dut/u_Subsystem1/mergedDelay_waddr_1_reg[0]/C
                            (rising edge-triggered cell FDRE clocked by clk_out1_clk_wiz_0  {rise@0.000ns fall@20.000ns period=40.000ns})
  Destination:            u_mwfil_chiftop/u_dut/u_Subsystem1/ShiftRegisterRAM_generic_1_1/ram_reg_0_15_0_0/DP/WADR0
                            (rising edge-triggered cell RAMD32 clocked by clk_out1_clk_wiz_0  {rise@0.000ns fall@20.000ns period=40.000ns})
  Path Group:             clk_out1_clk_wiz_0
  Path Type:              Hold (Min at Fast Process Corner)
  Requirement:            0.000ns  (clk_out1_clk_wiz_0 rise@0.000ns - clk_out1_clk_wiz_0 rise@0.000ns)
  Data Path Delay:        0.346ns  (logic 0.141ns (40.751%)  route 0.205ns (59.249%))
  Logic Levels:           0  
  Clock Path Skew:        0.013ns (DCD - SCD - CPR)
    Destination Clock Delay (DCD):    -0.743ns
    Source Clock Delay      (SCD):    -0.508ns
    Clock Pessimism Removal (CPR):    -0.248ns

    Location             Delay type                Incr(ns)  Path(ns)    Netlist Resource(s)
  -------------------------------------------------------------------    -------------------
                         (clock clk_out1_clk_wiz_0 rise edge)
                                                      0.000     0.000 r  
    L16                                               0.000     0.000 r  sysclk (IN)
                         net (fo=0)                   0.000     0.000    u_clk_wiz_0/inst/clk_in1
    L16                  IBUF (Prop_ibuf_I_O)         0.259     0.259 r  u_clk_wiz_0/inst/clkin1_ibufg/O
                         net (fo=1, routed)           0.440     0.699    u_clk_wiz_0/inst/clk_in1_clk_wiz_0
    MMCME2_ADV_X0Y1      MMCME2_ADV (Prop_mmcme2_adv_CLKIN1_CLKOUT0)
                                                     -2.268    -1.568 r  u_clk_wiz_0/inst/mmcm_adv_inst/CLKOUT0
                         net (fo=1, routed)           0.482    -1.086    u_clk_wiz_0/inst/clk_out1_clk_wiz_0
    BUFGCTRL_X0Y16       BUFG (Prop_bufg_I_O)         0.026    -1.060 r  u_clk_wiz_0/inst/clkout1_buf/O
                         net (fo=16020, routed)       0.553    -0.508    u_mwfil_chiftop/u_dut/u_Subsystem1/clk_out1
    SLICE_X11Y70         FDRE                                         r  u_mwfil_chiftop/u_dut/u_Subsystem1/mergedDelay_waddr_1_reg[0]/C
  -------------------------------------------------------------------    -------------------
    SLICE_X11Y70         FDRE (Prop_fdre_C_Q)         0.141    -0.367 r  u_mwfil_chiftop/u_dut/u_Subsystem1/mergedDelay_waddr_1_reg[0]/Q
                         net (fo=11, routed)          0.205    -0.162    u_mwfil_chiftop/u_dut/u_Subsystem1/ShiftRegisterRAM_generic_1_1/ram_reg_0_15_0_0/A0
    SLICE_X10Y70         RAMD32                                       r  u_mwfil_chiftop/u_dut/u_Subsystem1/ShiftRegisterRAM_generic_1_1/ram_reg_0_15_0_0/DP/WADR0
  -------------------------------------------------------------------    -------------------

                         (clock clk_out1_clk_wiz_0 rise edge)
                                                      0.000     0.000 r  
    L16                                               0.000     0.000 r  sysclk (IN)
                         net (fo=0)                   0.000     0.000    u_clk_wiz_0/inst/clk_in1
    L16                  IBUF (Prop_ibuf_I_O)         0.447     0.447 r  u_clk_wiz_0/inst/clkin1_ibufg/O
                         net (fo=1, routed)           0.480     0.927    u_clk_wiz_0/inst/clk_in1_clk_wiz_0
    MMCME2_ADV_X0Y1      MMCME2_ADV (Prop_mmcme2_adv_CLKIN1_CLKOUT0)
                                                     -3.047    -2.120 r  u_clk_wiz_0/inst/mmcm_adv_inst/CLKOUT0
                         net (fo=1, routed)           0.528    -1.592    u_clk_wiz_0/inst/clk_out1_clk_wiz_0
    BUFGCTRL_X0Y16       BUFG (Prop_bufg_I_O)         0.029    -1.563 r  u_clk_wiz_0/inst/clkout1_buf/O
                         net (fo=16020, routed)       0.820    -0.743    u_mwfil_chiftop/u_dut/u_Subsystem1/ShiftRegisterRAM_generic_1_1/ram_reg_0_15_0_0/WCLK
    SLICE_X10Y70         RAMD32                                       r  u_mwfil_chiftop/u_dut/u_Subsystem1/ShiftRegisterRAM_generic_1_1/ram_reg_0_15_0_0/DP/CLK
                         clock pessimism              0.248    -0.495    
    SLICE_X10Y70         RAMD32 (Hold_ramd32_CLK_WADR0)
                                                      0.310    -0.185    u_mwfil_chiftop/u_dut/u_Subsystem1/ShiftRegisterRAM_generic_1_1/ram_reg_0_15_0_0/DP
  -------------------------------------------------------------------
                         required time                          0.185    
                         arrival time                          -0.162    
  -------------------------------------------------------------------
                         slack                                  0.023    

Slack (MET) :             0.023ns  (arrival time - required time)
  Source:                 u_mwfil_chiftop/u_dut/u_Subsystem1/mergedDelay_waddr_1_reg[0]/C
                            (rising edge-triggered cell FDRE clocked by clk_out1_clk_wiz_0  {rise@0.000ns fall@20.000ns period=40.000ns})
  Destination:            u_mwfil_chiftop/u_dut/u_Subsystem1/ShiftRegisterRAM_generic_1_1/ram_reg_0_15_0_0/SP/WADR0
                            (rising edge-triggered cell RAMD32 clocked by clk_out1_clk_wiz_0  {rise@0.000ns fall@20.000ns period=40.000ns})
  Path Group:             clk_out1_clk_wiz_0
  Path Type:              Hold (Min at Fast Process Corner)
  Requirement:            0.000ns  (clk_out1_clk_wiz_0 rise@0.000ns - clk_out1_clk_wiz_0 rise@0.000ns)
  Data Path Delay:        0.346ns  (logic 0.141ns (40.751%)  route 0.205ns (59.249%))
  Logic Levels:           0  
  Clock Path Skew:        0.013ns (DCD - SCD - CPR)
    Destination Clock Delay (DCD):    -0.743ns
    Source Clock Delay      (SCD):    -0.508ns
    Clock Pessimism Removal (CPR):    -0.248ns

    Location             Delay type                Incr(ns)  Path(ns)    Netlist Resource(s)
  -------------------------------------------------------------------    -------------------
                         (clock clk_out1_clk_wiz_0 rise edge)
                                                      0.000     0.000 r  
    L16                                               0.000     0.000 r  sysclk (IN)
                         net (fo=0)                   0.000     0.000    u_clk_wiz_0/inst/clk_in1
    L16                  IBUF (Prop_ibuf_I_O)         0.259     0.259 r  u_clk_wiz_0/inst/clkin1_ibufg/O
                         net (fo=1, routed)           0.440     0.699    u_clk_wiz_0/inst/clk_in1_clk_wiz_0
    MMCME2_ADV_X0Y1      MMCME2_ADV (Prop_mmcme2_adv_CLKIN1_CLKOUT0)
                                                     -2.268    -1.568 r  u_clk_wiz_0/inst/mmcm_adv_inst/CLKOUT0
                         net (fo=1, routed)           0.482    -1.086    u_clk_wiz_0/inst/clk_out1_clk_wiz_0
    BUFGCTRL_X0Y16       BUFG (Prop_bufg_I_O)         0.026    -1.060 r  u_clk_wiz_0/inst/clkout1_buf/O
                         net (fo=16020, routed)       0.553    -0.508    u_mwfil_chiftop/u_dut/u_Subsystem1/clk_out1
    SLICE_X11Y70         FDRE                                         r  u_mwfil_chiftop/u_dut/u_Subsystem1/mergedDelay_waddr_1_reg[0]/C
  -------------------------------------------------------------------    -------------------
    SLICE_X11Y70         FDRE (Prop_fdre_C_Q)         0.141    -0.367 r  u_mwfil_chiftop/u_dut/u_Subsystem1/mergedDelay_waddr_1_reg[0]/Q
                         net (fo=11, routed)          0.205    -0.162    u_mwfil_chiftop/u_dut/u_Subsystem1/ShiftRegisterRAM_generic_1_1/ram_reg_0_15_0_0/A0
    SLICE_X10Y70         RAMD32                                       r  u_mwfil_chiftop/u_dut/u_Subsystem1/ShiftRegisterRAM_generic_1_1/ram_reg_0_15_0_0/SP/WADR0
  -------------------------------------------------------------------    -------------------

                         (clock clk_out1_clk_wiz_0 rise edge)
                                                      0.000     0.000 r  
    L16                                               0.000     0.000 r  sysclk (IN)
                         net (fo=0)                   0.000     0.000    u_clk_wiz_0/inst/clk_in1
    L16                  IBUF (Prop_ibuf_I_O)         0.447     0.447 r  u_clk_wiz_0/inst/clkin1_ibufg/O
                         net (fo=1, routed)           0.480     0.927    u_clk_wiz_0/inst/clk_in1_clk_wiz_0
    MMCME2_ADV_X0Y1      MMCME2_ADV (Prop_mmcme2_adv_CLKIN1_CLKOUT0)
                                                     -3.047    -2.120 r  u_clk_wiz_0/inst/mmcm_adv_inst/CLKOUT0
                         net (fo=1, routed)           0.528    -1.592    u_clk_wiz_0/inst/clk_out1_clk_wiz_0
    BUFGCTRL_X0Y16       BUFG (Prop_bufg_I_O)         0.029    -1.563 r  u_clk_wiz_0/inst/clkout1_buf/O
                         net (fo=16020, routed)       0.820    -0.743    u_mwfil_chiftop/u_dut/u_Subsystem1/ShiftRegisterRAM_generic_1_1/ram_reg_0_15_0_0/WCLK
    SLICE_X10Y70         RAMD32                                       r  u_mwfil_chiftop/u_dut/u_Subsystem1/ShiftRegisterRAM_generic_1_1/ram_reg_0_15_0_0/SP/CLK
                         clock pessimism              0.248    -0.495    
    SLICE_X10Y70         RAMD32 (Hold_ramd32_CLK_WADR0)
                                                      0.310    -0.185    u_mwfil_chiftop/u_dut/u_Subsystem1/ShiftRegisterRAM_generic_1_1/ram_reg_0_15_0_0/SP
  -------------------------------------------------------------------
                         required time                          0.185    
                         arrival time                          -0.162    
  -------------------------------------------------------------------
                         slack                                  0.023    

Slack (MET) :             0.023ns  (arrival time - required time)
  Source:                 u_mwfil_chiftop/u_dut/u_Subsystem1/mergedDelay_waddr_1_reg[0]/C
                            (rising edge-triggered cell FDRE clocked by clk_out1_clk_wiz_0  {rise@0.000ns fall@20.000ns period=40.000ns})
  Destination:            u_mwfil_chiftop/u_dut/u_Subsystem1/ShiftRegisterRAM_generic_1_1/ram_reg_0_15_1_1/DP/WADR0
                            (rising edge-triggered cell RAMD32 clocked by clk_out1_clk_wiz_0  {rise@0.000ns fall@20.000ns period=40.000ns})
  Path Group:             clk_out1_clk_wiz_0
  Path Type:              Hold (Min at Fast Process Corner)
  Requirement:            0.000ns  (clk_out1_clk_wiz_0 rise@0.000ns - clk_out1_clk_wiz_0 rise@0.000ns)
  Data Path Delay:        0.346ns  (logic 0.141ns (40.751%)  route 0.205ns (59.249%))
  Logic Levels:           0  
  Clock Path Skew:        0.013ns (DCD - SCD - CPR)
    Destination Clock Delay (DCD):    -0.743ns
    Source Clock Delay      (SCD):    -0.508ns
    Clock Pessimism Removal (CPR):    -0.248ns

    Location             Delay type                Incr(ns)  Path(ns)    Netlist Resource(s)
  -------------------------------------------------------------------    -------------------
                         (clock clk_out1_clk_wiz_0 rise edge)
                                                      0.000     0.000 r  
    L16                                               0.000     0.000 r  sysclk (IN)
                         net (fo=0)                   0.000     0.000    u_clk_wiz_0/inst/clk_in1
    L16                  IBUF (Prop_ibuf_I_O)         0.259     0.259 r  u_clk_wiz_0/inst/clkin1_ibufg/O
                         net (fo=1, routed)           0.440     0.699    u_clk_wiz_0/inst/clk_in1_clk_wiz_0
    MMCME2_ADV_X0Y1      MMCME2_ADV (Prop_mmcme2_adv_CLKIN1_CLKOUT0)
                                                     -2.268    -1.568 r  u_clk_wiz_0/inst/mmcm_adv_inst/CLKOUT0
                         net (fo=1, routed)           0.482    -1.086    u_clk_wiz_0/inst/clk_out1_clk_wiz_0
    BUFGCTRL_X0Y16       BUFG (Prop_bufg_I_O)         0.026    -1.060 r  u_clk_wiz_0/inst/clkout1_buf/O
                         net (fo=16020, routed)       0.553    -0.508    u_mwfil_chiftop/u_dut/u_Subsystem1/clk_out1
    SLICE_X11Y70         FDRE                                         r  u_mwfil_chiftop/u_dut/u_Subsystem1/mergedDelay_waddr_1_reg[0]/C
  -------------------------------------------------------------------    -------------------
    SLICE_X11Y70         FDRE (Prop_fdre_C_Q)         0.141    -0.367 r  u_mwfil_chiftop/u_dut/u_Subsystem1/mergedDelay_waddr_1_reg[0]/Q
                         net (fo=11, routed)          0.205    -0.162    u_mwfil_chiftop/u_dut/u_Subsystem1/ShiftRegisterRAM_generic_1_1/ram_reg_0_15_1_1/A0
    SLICE_X10Y70         RAMD32                                       r  u_mwfil_chiftop/u_dut/u_Subsystem1/ShiftRegisterRAM_generic_1_1/ram_reg_0_15_1_1/DP/WADR0
  -------------------------------------------------------------------    -------------------

                         (clock clk_out1_clk_wiz_0 rise edge)
                                                      0.000     0.000 r  
    L16                                               0.000     0.000 r  sysclk (IN)
                         net (fo=0)                   0.000     0.000    u_clk_wiz_0/inst/clk_in1
    L16                  IBUF (Prop_ibuf_I_O)         0.447     0.447 r  u_clk_wiz_0/inst/clkin1_ibufg/O
                         net (fo=1, routed)           0.480     0.927    u_clk_wiz_0/inst/clk_in1_clk_wiz_0
    MMCME2_ADV_X0Y1      MMCME2_ADV (Prop_mmcme2_adv_CLKIN1_CLKOUT0)
                                                     -3.047    -2.120 r  u_clk_wiz_0/inst/mmcm_adv_inst/CLKOUT0
                         net (fo=1, routed)           0.528    -1.592    u_clk_wiz_0/inst/clk_out1_clk_wiz_0
    BUFGCTRL_X0Y16       BUFG (Prop_bufg_I_O)         0.029    -1.563 r  u_clk_wiz_0/inst/clkout1_buf/O
                         net (fo=16020, routed)       0.820    -0.743    u_mwfil_chiftop/u_dut/u_Subsystem1/ShiftRegisterRAM_generic_1_1/ram_reg_0_15_1_1/WCLK
    SLICE_X10Y70         RAMD32                                       r  u_mwfil_chiftop/u_dut/u_Subsystem1/ShiftRegisterRAM_generic_1_1/ram_reg_0_15_1_1/DP/CLK
                         clock pessimism              0.248    -0.495    
    SLICE_X10Y70         RAMD32 (Hold_ramd32_CLK_WADR0)
                                                      0.310    -0.185    u_mwfil_chiftop/u_dut/u_Subsystem1/ShiftRegisterRAM_generic_1_1/ram_reg_0_15_1_1/DP
  -------------------------------------------------------------------
                         required time                          0.185    
                         arrival time                          -0.162    
  -------------------------------------------------------------------
                         slack                                  0.023    

Slack (MET) :             0.023ns  (arrival time - required time)
  Source:                 u_mwfil_chiftop/u_dut/u_Subsystem1/mergedDelay_waddr_1_reg[0]/C
                            (rising edge-triggered cell FDRE clocked by clk_out1_clk_wiz_0  {rise@0.000ns fall@20.000ns period=40.000ns})
  Destination:            u_mwfil_chiftop/u_dut/u_Subsystem1/ShiftRegisterRAM_generic_1_1/ram_reg_0_15_1_1/SP/WADR0
                            (rising edge-triggered cell RAMD32 clocked by clk_out1_clk_wiz_0  {rise@0.000ns fall@20.000ns period=40.000ns})
  Path Group:             clk_out1_clk_wiz_0
  Path Type:              Hold (Min at Fast Process Corner)
  Requirement:            0.000ns  (clk_out1_clk_wiz_0 rise@0.000ns - clk_out1_clk_wiz_0 rise@0.000ns)
  Data Path Delay:        0.346ns  (logic 0.141ns (40.751%)  route 0.205ns (59.249%))
  Logic Levels:           0  
  Clock Path Skew:        0.013ns (DCD - SCD - CPR)
    Destination Clock Delay (DCD):    -0.743ns
    Source Clock Delay      (SCD):    -0.508ns
    Clock Pessimism Removal (CPR):    -0.248ns

    Location             Delay type                Incr(ns)  Path(ns)    Netlist Resource(s)
  -------------------------------------------------------------------    -------------------
                         (clock clk_out1_clk_wiz_0 rise edge)
                                                      0.000     0.000 r  
    L16                                               0.000     0.000 r  sysclk (IN)
                         net (fo=0)                   0.000     0.000    u_clk_wiz_0/inst/clk_in1
    L16                  IBUF (Prop_ibuf_I_O)         0.259     0.259 r  u_clk_wiz_0/inst/clkin1_ibufg/O
                         net (fo=1, routed)           0.440     0.699    u_clk_wiz_0/inst/clk_in1_clk_wiz_0
    MMCME2_ADV_X0Y1      MMCME2_ADV (Prop_mmcme2_adv_CLKIN1_CLKOUT0)
                                                     -2.268    -1.568 r  u_clk_wiz_0/inst/mmcm_adv_inst/CLKOUT0
                         net (fo=1, routed)           0.482    -1.086    u_clk_wiz_0/inst/clk_out1_clk_wiz_0
    BUFGCTRL_X0Y16       BUFG (Prop_bufg_I_O)         0.026    -1.060 r  u_clk_wiz_0/inst/clkout1_buf/O
                         net (fo=16020, routed)       0.553    -0.508    u_mwfil_chiftop/u_dut/u_Subsystem1/clk_out1
    SLICE_X11Y70         FDRE                                         r  u_mwfil_chiftop/u_dut/u_Subsystem1/mergedDelay_waddr_1_reg[0]/C
  -------------------------------------------------------------------    -------------------
    SLICE_X11Y70         FDRE (Prop_fdre_C_Q)         0.141    -0.367 r  u_mwfil_chiftop/u_dut/u_Subsystem1/mergedDelay_waddr_1_reg[0]/Q
                         net (fo=11, routed)          0.205    -0.162    u_mwfil_chiftop/u_dut/u_Subsystem1/ShiftRegisterRAM_generic_1_1/ram_reg_0_15_1_1/A0
    SLICE_X10Y70         RAMD32                                       r  u_mwfil_chiftop/u_dut/u_Subsystem1/ShiftRegisterRAM_generic_1_1/ram_reg_0_15_1_1/SP/WADR0
  -------------------------------------------------------------------    -------------------

                         (clock clk_out1_clk_wiz_0 rise edge)
                                                      0.000     0.000 r  
    L16                                               0.000     0.000 r  sysclk (IN)
                         net (fo=0)                   0.000     0.000    u_clk_wiz_0/inst/clk_in1
    L16                  IBUF (Prop_ibuf_I_O)         0.447     0.447 r  u_clk_wiz_0/inst/clkin1_ibufg/O
                         net (fo=1, routed)           0.480     0.927    u_clk_wiz_0/inst/clk_in1_clk_wiz_0
    MMCME2_ADV_X0Y1      MMCME2_ADV (Prop_mmcme2_adv_CLKIN1_CLKOUT0)
                                                     -3.047    -2.120 r  u_clk_wiz_0/inst/mmcm_adv_inst/CLKOUT0
                         net (fo=1, routed)           0.528    -1.592    u_clk_wiz_0/inst/clk_out1_clk_wiz_0
    BUFGCTRL_X0Y16       BUFG (Prop_bufg_I_O)         0.029    -1.563 r  u_clk_wiz_0/inst/clkout1_buf/O
                         net (fo=16020, routed)       0.820    -0.743    u_mwfil_chiftop/u_dut/u_Subsystem1/ShiftRegisterRAM_generic_1_1/ram_reg_0_15_1_1/WCLK
    SLICE_X10Y70         RAMD32                                       r  u_mwfil_chiftop/u_dut/u_Subsystem1/ShiftRegisterRAM_generic_1_1/ram_reg_0_15_1_1/SP/CLK
                         clock pessimism              0.248    -0.495    
    SLICE_X10Y70         RAMD32 (Hold_ramd32_CLK_WADR0)
                                                      0.310    -0.185    u_mwfil_chiftop/u_dut/u_Subsystem1/ShiftRegisterRAM_generic_1_1/ram_reg_0_15_1_1/SP
  -------------------------------------------------------------------
                         required time                          0.185    
                         arrival time                          -0.162    
  -------------------------------------------------------------------
                         slack                                  0.023    

Slack (MET) :             0.024ns  (arrival time - required time)
  Source:                 u_mwfil_chiftop/u_dut/u_Subsystem1/FFT_1_1/SDF2_10_1_1/twoLocationReg_0_dout_re_reg_reg[1]/C
                            (rising edge-triggered cell FDRE clocked by clk_out1_clk_wiz_0  {rise@0.000ns fall@20.000ns period=40.000ns})
  Destination:            u_mwfil_chiftop/u_dut/u_Subsystem1/FFT_1_1/SDF2_10_1_1/x_re_dly_reg[1]/D
                            (rising edge-triggered cell FDRE clocked by clk_out1_clk_wiz_0  {rise@0.000ns fall@20.000ns period=40.000ns})
  Path Group:             clk_out1_clk_wiz_0
  Path Type:              Hold (Min at Fast Process Corner)
  Requirement:            0.000ns  (clk_out1_clk_wiz_0 rise@0.000ns - clk_out1_clk_wiz_0 rise@0.000ns)
  Data Path Delay:        0.286ns  (logic 0.128ns (44.746%)  route 0.158ns (55.254%))
  Logic Levels:           0  
  Clock Path Skew:        0.263ns (DCD - SCD - CPR)
    Destination Clock Delay (DCD):    -0.743ns
    Source Clock Delay      (SCD):    -0.509ns
    Clock Pessimism Removal (CPR):    -0.498ns

    Location             Delay type                Incr(ns)  Path(ns)    Netlist Resource(s)
  -------------------------------------------------------------------    -------------------
                         (clock clk_out1_clk_wiz_0 rise edge)
                                                      0.000     0.000 r  
    L16                                               0.000     0.000 r  sysclk (IN)
                         net (fo=0)                   0.000     0.000    u_clk_wiz_0/inst/clk_in1
    L16                  IBUF (Prop_ibuf_I_O)         0.259     0.259 r  u_clk_wiz_0/inst/clkin1_ibufg/O
                         net (fo=1, routed)           0.440     0.699    u_clk_wiz_0/inst/clk_in1_clk_wiz_0
    MMCME2_ADV_X0Y1      MMCME2_ADV (Prop_mmcme2_adv_CLKIN1_CLKOUT0)
                                                     -2.268    -1.568 r  u_clk_wiz_0/inst/mmcm_adv_inst/CLKOUT0
                         net (fo=1, routed)           0.482    -1.086    u_clk_wiz_0/inst/clk_out1_clk_wiz_0
    BUFGCTRL_X0Y16       BUFG (Prop_bufg_I_O)         0.026    -1.060 r  u_clk_wiz_0/inst/clkout1_buf/O
                         net (fo=16020, routed)       0.552    -0.509    u_mwfil_chiftop/u_dut/u_Subsystem1/FFT_1_1/SDF2_10_1_1/clk_out1
    SLICE_X22Y21         FDRE                                         r  u_mwfil_chiftop/u_dut/u_Subsystem1/FFT_1_1/SDF2_10_1_1/twoLocationReg_0_dout_re_reg_reg[1]/C
  -------------------------------------------------------------------    -------------------
    SLICE_X22Y21         FDRE (Prop_fdre_C_Q)         0.128    -0.381 r  u_mwfil_chiftop/u_dut/u_Subsystem1/FFT_1_1/SDF2_10_1_1/twoLocationReg_0_dout_re_reg_reg[1]/Q
                         net (fo=1, routed)           0.158    -0.223    u_mwfil_chiftop/u_dut/u_Subsystem1/FFT_1_1/SDF2_10_1_1/twoLocationReg_0_dout_re_reg[1]
    SLICE_X20Y21         FDRE                                         r  u_mwfil_chiftop/u_dut/u_Subsystem1/FFT_1_1/SDF2_10_1_1/x_re_dly_reg[1]/D
  -------------------------------------------------------------------    -------------------

                         (clock clk_out1_clk_wiz_0 rise edge)
                                                      0.000     0.000 r  
    L16                                               0.000     0.000 r  sysclk (IN)
                         net (fo=0)                   0.000     0.000    u_clk_wiz_0/inst/clk_in1
    L16                  IBUF (Prop_ibuf_I_O)         0.447     0.447 r  u_clk_wiz_0/inst/clkin1_ibufg/O
                         net (fo=1, routed)           0.480     0.927    u_clk_wiz_0/inst/clk_in1_clk_wiz_0
    MMCME2_ADV_X0Y1      MMCME2_ADV (Prop_mmcme2_adv_CLKIN1_CLKOUT0)
                                                     -3.047    -2.120 r  u_clk_wiz_0/inst/mmcm_adv_inst/CLKOUT0
                         net (fo=1, routed)           0.528    -1.592    u_clk_wiz_0/inst/clk_out1_clk_wiz_0
    BUFGCTRL_X0Y16       BUFG (Prop_bufg_I_O)         0.029    -1.563 r  u_clk_wiz_0/inst/clkout1_buf/O
                         net (fo=16020, routed)       0.820    -0.743    u_mwfil_chiftop/u_dut/u_Subsystem1/FFT_1_1/SDF2_10_1_1/clk_out1
    SLICE_X20Y21         FDRE                                         r  u_mwfil_chiftop/u_dut/u_Subsystem1/FFT_1_1/SDF2_10_1_1/x_re_dly_reg[1]/C
                         clock pessimism              0.498    -0.245    
    SLICE_X20Y21         FDRE (Hold_fdre_C_D)        -0.001    -0.246    u_mwfil_chiftop/u_dut/u_Subsystem1/FFT_1_1/SDF2_10_1_1/x_re_dly_reg[1]
  -------------------------------------------------------------------
                         required time                          0.246    
                         arrival time                          -0.223    
  -------------------------------------------------------------------
                         slack                                  0.024    

Slack (MET) :             0.028ns  (arrival time - required time)
  Source:                 u_mwfil_chiftop/u_dut/u_Subsystem1/FFT_1_1/SDF1_9_1_1/SDFCOMMUTATOR_9_1/SDFOutmux_btf2Pipe_im_reg[11]/C
                            (rising edge-triggered cell FDRE clocked by clk_out1_clk_wiz_0  {rise@0.000ns fall@20.000ns period=40.000ns})
  Destination:            u_mwfil_chiftop/u_dut/u_Subsystem1/FFT_1_1/SDF2_10_1_1/din_im_dly1_reg[11]/D
                            (rising edge-triggered cell FDRE clocked by clk_out1_clk_wiz_0  {rise@0.000ns fall@20.000ns period=40.000ns})
  Path Group:             clk_out1_clk_wiz_0
  Path Type:              Hold (Min at Fast Process Corner)
  Requirement:            0.000ns  (clk_out1_clk_wiz_0 rise@0.000ns - clk_out1_clk_wiz_0 rise@0.000ns)
  Data Path Delay:        0.351ns  (logic 0.141ns (40.147%)  route 0.210ns (59.853%))
  Logic Levels:           0  
  Clock Path Skew:        0.260ns (DCD - SCD - CPR)
    Destination Clock Delay (DCD):    -0.744ns
    Source Clock Delay      (SCD):    -0.507ns
    Clock Pessimism Removal (CPR):    -0.498ns

    Location             Delay type                Incr(ns)  Path(ns)    Netlist Resource(s)
  -------------------------------------------------------------------    -------------------
                         (clock clk_out1_clk_wiz_0 rise edge)
                                                      0.000     0.000 r  
    L16                                               0.000     0.000 r  sysclk (IN)
                         net (fo=0)                   0.000     0.000    u_clk_wiz_0/inst/clk_in1
    L16                  IBUF (Prop_ibuf_I_O)         0.259     0.259 r  u_clk_wiz_0/inst/clkin1_ibufg/O
                         net (fo=1, routed)           0.440     0.699    u_clk_wiz_0/inst/clk_in1_clk_wiz_0
    MMCME2_ADV_X0Y1      MMCME2_ADV (Prop_mmcme2_adv_CLKIN1_CLKOUT0)
                                                     -2.268    -1.568 r  u_clk_wiz_0/inst/mmcm_adv_inst/CLKOUT0
                         net (fo=1, routed)           0.482    -1.086    u_clk_wiz_0/inst/clk_out1_clk_wiz_0
    BUFGCTRL_X0Y16       BUFG (Prop_bufg_I_O)         0.026    -1.060 r  u_clk_wiz_0/inst/clkout1_buf/O
                         net (fo=16020, routed)       0.554    -0.507    u_mwfil_chiftop/u_dut/u_Subsystem1/FFT_1_1/SDF1_9_1_1/SDFCOMMUTATOR_9_1/clk_out1
    SLICE_X22Y30         FDRE                                         r  u_mwfil_chiftop/u_dut/u_Subsystem1/FFT_1_1/SDF1_9_1_1/SDFCOMMUTATOR_9_1/SDFOutmux_btf2Pipe_im_reg[11]/C
  -------------------------------------------------------------------    -------------------
    SLICE_X22Y30         FDRE (Prop_fdre_C_Q)         0.141    -0.366 r  u_mwfil_chiftop/u_dut/u_Subsystem1/FFT_1_1/SDF1_9_1_1/SDFCOMMUTATOR_9_1/SDFOutmux_btf2Pipe_im_reg[11]/Q
                         net (fo=1, routed)           0.210    -0.156    u_mwfil_chiftop/u_dut/u_Subsystem1/FFT_1_1/SDF2_10_1_1/din_im_dly1_reg[20]_0[11]
    SLICE_X20Y27         FDRE                                         r  u_mwfil_chiftop/u_dut/u_Subsystem1/FFT_1_1/SDF2_10_1_1/din_im_dly1_reg[11]/D
  -------------------------------------------------------------------    -------------------

                         (clock clk_out1_clk_wiz_0 rise edge)
                                                      0.000     0.000 r  
    L16                                               0.000     0.000 r  sysclk (IN)
                         net (fo=0)                   0.000     0.000    u_clk_wiz_0/inst/clk_in1
    L16                  IBUF (Prop_ibuf_I_O)         0.447     0.447 r  u_clk_wiz_0/inst/clkin1_ibufg/O
                         net (fo=1, routed)           0.480     0.927    u_clk_wiz_0/inst/clk_in1_clk_wiz_0
    MMCME2_ADV_X0Y1      MMCME2_ADV (Prop_mmcme2_adv_CLKIN1_CLKOUT0)
                                                     -3.047    -2.120 r  u_clk_wiz_0/inst/mmcm_adv_inst/CLKOUT0
                         net (fo=1, routed)           0.528    -1.592    u_clk_wiz_0/inst/clk_out1_clk_wiz_0
    BUFGCTRL_X0Y16       BUFG (Prop_bufg_I_O)         0.029    -1.563 r  u_clk_wiz_0/inst/clkout1_buf/O
                         net (fo=16020, routed)       0.819    -0.744    u_mwfil_chiftop/u_dut/u_Subsystem1/FFT_1_1/SDF2_10_1_1/clk_out1
    SLICE_X20Y27         FDRE                                         r  u_mwfil_chiftop/u_dut/u_Subsystem1/FFT_1_1/SDF2_10_1_1/din_im_dly1_reg[11]/C
                         clock pessimism              0.498    -0.246    
    SLICE_X20Y27         FDRE (Hold_fdre_C_D)         0.063    -0.183    u_mwfil_chiftop/u_dut/u_Subsystem1/FFT_1_1/SDF2_10_1_1/din_im_dly1_reg[11]
  -------------------------------------------------------------------
                         required time                          0.183    
                         arrival time                          -0.156    
  -------------------------------------------------------------------
                         slack                                  0.028    





Pulse Width Checks
--------------------------------------------------------------------------------------
Clock Name:         clk_out1_clk_wiz_0
Waveform(ns):       { 0.000 20.000 }
Period(ns):         40.000
Sources:            { u_clk_wiz_0/inst/mmcm_adv_inst/CLKOUT0 }

Check Type        Corner  Lib Pin             Reference Pin  Required(ns)  Actual(ns)  Slack(ns)  Location         Pin
Min Period        n/a     RAMB36E1/CLKARDCLK  n/a            2.944         40.000      37.056     RAMB36_X1Y6      u_mwfil_chiftop/u_dut/u_Subsystem1/FFT_1_1/NaturalOrder_Stage_1/dataMEM_im_1_1/ram_reg_0/CLKARDCLK
Min Period        n/a     RAMB18E1/CLKARDCLK  n/a            2.944         40.000      37.056     RAMB18_X1Y16     u_mwfil_chiftop/u_dut/u_Subsystem1/FFT_1_1/NaturalOrder_Stage_1/dataMEM_im_1_1/ram_reg_1/CLKARDCLK
Min Period        n/a     RAMB36E1/CLKARDCLK  n/a            2.944         40.000      37.056     RAMB36_X1Y7      u_mwfil_chiftop/u_dut/u_Subsystem1/FFT_1_1/NaturalOrder_Stage_1/dataMEM_re_1_1/ram_reg_0/CLKARDCLK
Min Period        n/a     RAMB18E1/CLKARDCLK  n/a            2.944         40.000      37.056     RAMB18_X1Y17     u_mwfil_chiftop/u_dut/u_Subsystem1/FFT_1_1/NaturalOrder_Stage_1/dataMEM_re_1_1/ram_reg_1/CLKARDCLK
Min Period        n/a     RAMB18E1/CLKARDCLK  n/a            2.944         40.000      37.056     RAMB18_X0Y3      u_mwfil_chiftop/u_dut/u_Subsystem1/FFT_1_1/SDF1_1_1_1/dataMEM_re_0_1_generic_1/ram_reg/CLKARDCLK
Min Period        n/a     RAMB18E1/CLKARDCLK  n/a            2.944         40.000      37.056     RAMB18_X2Y4      u_mwfil_chiftop/u_dut/u_Subsystem1/FFT_1_1/SDF1_3_1_1/dataMEM_im_0_3_1/ram_reg/CLKARDCLK
Min Period        n/a     RAMB18E1/CLKARDCLK  n/a            2.944         40.000      37.056     RAMB18_X1Y3      u_mwfil_chiftop/u_dut/u_Subsystem1/FFT_1_1/SDF1_3_1_1/dataMEM_re_0_3_1/ram_reg/CLKARDCLK
Min Period        n/a     RAMB18E1/CLKARDCLK  n/a            2.944         40.000      37.056     RAMB18_X1Y6      u_mwfil_chiftop/u_dut/u_Subsystem1/FFT_1_1/SDF1_5_1_1/dataMEM_im_0_5_1/ram_reg/CLKARDCLK
Min Period        n/a     RAMB18E1/CLKARDCLK  n/a            2.944         40.000      37.056     RAMB18_X1Y5      u_mwfil_chiftop/u_dut/u_Subsystem1/FFT_1_1/SDF1_5_1_1/dataMEM_re_0_5_1/ram_reg/CLKARDCLK
Min Period        n/a     RAMB18E1/CLKARDCLK  n/a            2.944         40.000      37.056     RAMB18_X0Y0      u_mwfil_chiftop/u_dut/u_Subsystem1/FFT_1_1/SDF2_2_1_1/dataMEM_im_0_2_1/ram_reg/CLKARDCLK
Max Period        n/a     MMCME2_ADV/CLKOUT0  n/a            213.360       40.000      173.360    MMCME2_ADV_X0Y1  u_clk_wiz_0/inst/mmcm_adv_inst/CLKOUT0
Low Pulse Width   Slow    RAMS32/CLK          n/a            1.250         20.000      18.750     SLICE_X20Y34     u_mwfil_chiftop/u_dut/u_Subsystem1/FFT_1_1/RADIX2_1/SDFCOMMUTATOR_11_1/dataXMEM_im_0_11_1/ram_reg_0_7_0_0/SP/CLK
Low Pulse Width   Fast    RAMS32/CLK          n/a            1.250         20.000      18.750     SLICE_X20Y34     u_mwfil_chiftop/u_dut/u_Subsystem1/FFT_1_1/RADIX2_1/SDFCOMMUTATOR_11_1/dataXMEM_im_0_11_1/ram_reg_0_7_0_0/SP/CLK
Low Pulse Width   Slow    RAMS32/CLK          n/a            1.250         20.000      18.750     SLICE_X20Y34     u_mwfil_chiftop/u_dut/u_Subsystem1/FFT_1_1/RADIX2_1/SDFCOMMUTATOR_11_1/dataXMEM_im_0_11_1/ram_reg_0_7_10_10/SP/CLK
Low Pulse Width   Fast    RAMS32/CLK          n/a            1.250         20.000      18.750     SLICE_X20Y34     u_mwfil_chiftop/u_dut/u_Subsystem1/FFT_1_1/RADIX2_1/SDFCOMMUTATOR_11_1/dataXMEM_im_0_11_1/ram_reg_0_7_10_10/SP/CLK
Low Pulse Width   Slow    RAMS32/CLK          n/a            1.250         20.000      18.750     SLICE_X20Y34     u_mwfil_chiftop/u_dut/u_Subsystem1/FFT_1_1/RADIX2_1/SDFCOMMUTATOR_11_1/dataXMEM_im_0_11_1/ram_reg_0_7_11_11/SP/CLK
Low Pulse Width   Fast    RAMS32/CLK          n/a            1.250         20.000      18.750     SLICE_X20Y34     u_mwfil_chiftop/u_dut/u_Subsystem1/FFT_1_1/RADIX2_1/SDFCOMMUTATOR_11_1/dataXMEM_im_0_11_1/ram_reg_0_7_11_11/SP/CLK
Low Pulse Width   Slow    RAMS32/CLK          n/a            1.250         20.000      18.750     SLICE_X20Y34     u_mwfil_chiftop/u_dut/u_Subsystem1/FFT_1_1/RADIX2_1/SDFCOMMUTATOR_11_1/dataXMEM_im_0_11_1/ram_reg_0_7_12_12/SP/CLK
Low Pulse Width   Fast    RAMS32/CLK          n/a            1.250         20.000      18.750     SLICE_X20Y34     u_mwfil_chiftop/u_dut/u_Subsystem1/FFT_1_1/RADIX2_1/SDFCOMMUTATOR_11_1/dataXMEM_im_0_11_1/ram_reg_0_7_12_12/SP/CLK
Low Pulse Width   Slow    RAMS32/CLK          n/a            1.250         20.000      18.750     SLICE_X20Y35     u_mwfil_chiftop/u_dut/u_Subsystem1/FFT_1_1/RADIX2_1/SDFCOMMUTATOR_11_1/dataXMEM_im_0_11_1/ram_reg_0_7_13_13/SP/CLK
Low Pulse Width   Fast    RAMS32/CLK          n/a            1.250         20.000      18.750     SLICE_X20Y35     u_mwfil_chiftop/u_dut/u_Subsystem1/FFT_1_1/RADIX2_1/SDFCOMMUTATOR_11_1/dataXMEM_im_0_11_1/ram_reg_0_7_13_13/SP/CLK
High Pulse Width  Slow    RAMS32/CLK          n/a            1.250         20.000      18.750     SLICE_X20Y34     u_mwfil_chiftop/u_dut/u_Subsystem1/FFT_1_1/RADIX2_1/SDFCOMMUTATOR_11_1/dataXMEM_im_0_11_1/ram_reg_0_7_0_0/SP/CLK
High Pulse Width  Fast    RAMS32/CLK          n/a            1.250         20.000      18.750     SLICE_X20Y34     u_mwfil_chiftop/u_dut/u_Subsystem1/FFT_1_1/RADIX2_1/SDFCOMMUTATOR_11_1/dataXMEM_im_0_11_1/ram_reg_0_7_0_0/SP/CLK
High Pulse Width  Slow    RAMS32/CLK          n/a            1.250         20.000      18.750     SLICE_X20Y34     u_mwfil_chiftop/u_dut/u_Subsystem1/FFT_1_1/RADIX2_1/SDFCOMMUTATOR_11_1/dataXMEM_im_0_11_1/ram_reg_0_7_10_10/SP/CLK
High Pulse Width  Fast    RAMS32/CLK          n/a            1.250         20.000      18.750     SLICE_X20Y34     u_mwfil_chiftop/u_dut/u_Subsystem1/FFT_1_1/RADIX2_1/SDFCOMMUTATOR_11_1/dataXMEM_im_0_11_1/ram_reg_0_7_10_10/SP/CLK
High Pulse Width  Slow    RAMS32/CLK          n/a            1.250         20.000      18.750     SLICE_X20Y34     u_mwfil_chiftop/u_dut/u_Subsystem1/FFT_1_1/RADIX2_1/SDFCOMMUTATOR_11_1/dataXMEM_im_0_11_1/ram_reg_0_7_11_11/SP/CLK
High Pulse Width  Fast    RAMS32/CLK          n/a            1.250         20.000      18.750     SLICE_X20Y34     u_mwfil_chiftop/u_dut/u_Subsystem1/FFT_1_1/RADIX2_1/SDFCOMMUTATOR_11_1/dataXMEM_im_0_11_1/ram_reg_0_7_11_11/SP/CLK
High Pulse Width  Slow    RAMS32/CLK          n/a            1.250         20.000      18.750     SLICE_X20Y34     u_mwfil_chiftop/u_dut/u_Subsystem1/FFT_1_1/RADIX2_1/SDFCOMMUTATOR_11_1/dataXMEM_im_0_11_1/ram_reg_0_7_12_12/SP/CLK
High Pulse Width  Fast    RAMS32/CLK          n/a            1.250         20.000      18.750     SLICE_X20Y34     u_mwfil_chiftop/u_dut/u_Subsystem1/FFT_1_1/RADIX2_1/SDFCOMMUTATOR_11_1/dataXMEM_im_0_11_1/ram_reg_0_7_12_12/SP/CLK
High Pulse Width  Slow    RAMS32/CLK          n/a            1.250         20.000      18.750     SLICE_X20Y35     u_mwfil_chiftop/u_dut/u_Subsystem1/FFT_1_1/RADIX2_1/SDFCOMMUTATOR_11_1/dataXMEM_im_0_11_1/ram_reg_0_7_13_13/SP/CLK
High Pulse Width  Fast    RAMS32/CLK          n/a            1.250         20.000      18.750     SLICE_X20Y35     u_mwfil_chiftop/u_dut/u_Subsystem1/FFT_1_1/RADIX2_1/SDFCOMMUTATOR_11_1/dataXMEM_im_0_11_1/ram_reg_0_7_13_13/SP/CLK



---------------------------------------------------------------------------------------------------
From Clock:  clkfbout_clk_wiz_0
  To Clock:  clkfbout_clk_wiz_0

Setup :           NA  Failing Endpoints,  Worst Slack           NA  ,  Total Violation           NA
Hold  :           NA  Failing Endpoints,  Worst Slack           NA  ,  Total Violation           NA
PW    :            0  Failing Endpoints,  Worst Slack       37.845ns,  Total Violation        0.000ns
---------------------------------------------------------------------------------------------------


Pulse Width Checks
--------------------------------------------------------------------------------------
Clock Name:         clkfbout_clk_wiz_0
Waveform(ns):       { 0.000 20.000 }
Period(ns):         40.000
Sources:            { u_clk_wiz_0/inst/mmcm_adv_inst/CLKFBOUT }

Check Type  Corner  Lib Pin              Reference Pin  Required(ns)  Actual(ns)  Slack(ns)  Location         Pin
Min Period  n/a     BUFG/I               n/a            2.155         40.000      37.845     BUFGCTRL_X0Y17   u_clk_wiz_0/inst/clkf_buf/I
Min Period  n/a     MMCME2_ADV/CLKFBOUT  n/a            1.249         40.000      38.751     MMCME2_ADV_X0Y1  u_clk_wiz_0/inst/mmcm_adv_inst/CLKFBOUT
Min Period  n/a     MMCME2_ADV/CLKFBIN   n/a            1.249         40.000      38.751     MMCME2_ADV_X0Y1  u_clk_wiz_0/inst/mmcm_adv_inst/CLKFBIN
Max Period  n/a     MMCME2_ADV/CLKFBIN   n/a            100.000       40.000      60.000     MMCME2_ADV_X0Y1  u_clk_wiz_0/inst/mmcm_adv_inst/CLKFBIN
Max Period  n/a     MMCME2_ADV/CLKFBOUT  n/a            213.360       40.000      173.360    MMCME2_ADV_X0Y1  u_clk_wiz_0/inst/mmcm_adv_inst/CLKFBOUT



--------------------------------------------------------------------------------------
Path Group:  (none)
From Clock:  
  To Clock:  TCK

Max Delay             3 Endpoints
Min Delay             3 Endpoints
--------------------------------------------------------------------------------------


Max Delay Paths
--------------------------------------------------------------------------------------
Slack:                    inf
  Source:                 u_clk_wiz_0/inst/mmcm_adv_inst/LOCKED
                            (internal pin)
  Destination:            u_jtag_mac/u_simcycle_fifo/u_simcycle_fifo/U0/inst_fifo_gen/gconvfifo.rf/grf.rf/rstblk/ngwrdrst.grst.g7serrst.gsckt_wrst.xpm_cdc_sync_rst_inst_wrst/syncstages_ff_reg[0]/D
                            (rising edge-triggered cell FDRE clocked by TCK  {rise@0.000ns fall@7.576ns period=15.152ns})
  Path Group:             (none)
  Path Type:              Setup (Max at Slow Process Corner)
  Data Path Delay:        19.788ns  (logic 0.124ns (0.627%)  route 19.664ns (99.373%))
  Logic Levels:           1  (LUT2=1)
  Clock Uncertainty:      0.025ns  ((TSJ^2 + TIJ^2)^1/2 + DJ) / 2 + PE
    Total System Jitter     (TSJ):    0.050ns
    Total Input Jitter      (TIJ):    0.000ns
    Discrete Jitter          (DJ):    0.000ns
    Phase Error              (PE):    0.000ns
  Timing Exception:       False Path

    Location             Delay type                Incr(ns)  Path(ns)    Netlist Resource(s)
  -------------------------------------------------------------------    -------------------
    MMCME2_ADV_X0Y1      MMCME2_ADV                   0.000     0.000 f  u_clk_wiz_0/inst/mmcm_adv_inst/LOCKED
                         net (fo=68, routed)          1.152     1.152    u_jtag_mac/locked
    SLICE_X41Y47         LUT2 (Prop_lut2_I1_O)        0.124     1.276 r  u_jtag_mac/empty_tmp_d1_i_1/O
                         net (fo=8129, routed)       18.512    19.788    u_jtag_mac/u_simcycle_fifo/u_simcycle_fifo/U0/inst_fifo_gen/gconvfifo.rf/grf.rf/rstblk/ngwrdrst.grst.g7serrst.gsckt_wrst.xpm_cdc_sync_rst_inst_wrst/src_rst
    SLICE_X2Y8           FDRE                                         r  u_jtag_mac/u_simcycle_fifo/u_simcycle_fifo/U0/inst_fifo_gen/gconvfifo.rf/grf.rf/rstblk/ngwrdrst.grst.g7serrst.gsckt_wrst.xpm_cdc_sync_rst_inst_wrst/syncstages_ff_reg[0]/D
  -------------------------------------------------------------------    -------------------

                         (clock TCK rise edge)        0.000     0.000 r  
    BSCAN_X0Y0           BSCANE2                      0.000     0.000 r  u_BSCANE2/TCK
                         net (fo=1, routed)           1.366     1.366    TCK
    BUFGCTRL_X0Y0        BUFG (Prop_bufg_I_O)         0.091     1.457 r  TCK_BUFG_inst/O
                         net (fo=505, routed)         1.550     3.007    u_jtag_mac/u_simcycle_fifo/u_simcycle_fifo/U0/inst_fifo_gen/gconvfifo.rf/grf.rf/rstblk/ngwrdrst.grst.g7serrst.gsckt_wrst.xpm_cdc_sync_rst_inst_wrst/dest_clk
    SLICE_X2Y8           FDRE                                         r  u_jtag_mac/u_simcycle_fifo/u_simcycle_fifo/U0/inst_fifo_gen/gconvfifo.rf/grf.rf/rstblk/ngwrdrst.grst.g7serrst.gsckt_wrst.xpm_cdc_sync_rst_inst_wrst/syncstages_ff_reg[0]/C

Slack:                    inf
  Source:                 u_clk_wiz_0/inst/mmcm_adv_inst/LOCKED
                            (internal pin)
  Destination:            u_jtag_mac/u_pre_chif_fifo/u_jtag_mac_fifo/U0/inst_fifo_gen/gconvfifo.rf/grf.rf/rstblk/ngwrdrst.grst.g7serrst.gsckt_wrst.xpm_cdc_sync_rst_inst_wrst/syncstages_ff_reg[0]/D
                            (rising edge-triggered cell FDRE clocked by TCK  {rise@0.000ns fall@7.576ns period=15.152ns})
  Path Group:             (none)
  Path Type:              Setup (Max at Slow Process Corner)
  Data Path Delay:        18.650ns  (logic 0.124ns (0.665%)  route 18.526ns (99.335%))
  Logic Levels:           1  (LUT2=1)
  Clock Uncertainty:      0.025ns  ((TSJ^2 + TIJ^2)^1/2 + DJ) / 2 + PE
    Total System Jitter     (TSJ):    0.050ns
    Total Input Jitter      (TIJ):    0.000ns
    Discrete Jitter          (DJ):    0.000ns
    Phase Error              (PE):    0.000ns
  Timing Exception:       False Path

    Location             Delay type                Incr(ns)  Path(ns)    Netlist Resource(s)
  -------------------------------------------------------------------    -------------------
    MMCME2_ADV_X0Y1      MMCME2_ADV                   0.000     0.000 f  u_clk_wiz_0/inst/mmcm_adv_inst/LOCKED
                         net (fo=68, routed)          1.152     1.152    u_jtag_mac/locked
    SLICE_X41Y47         LUT2 (Prop_lut2_I1_O)        0.124     1.276 r  u_jtag_mac/empty_tmp_d1_i_1/O
                         net (fo=8129, routed)       17.373    18.650    u_jtag_mac/u_pre_chif_fifo/u_jtag_mac_fifo/U0/inst_fifo_gen/gconvfifo.rf/grf.rf/rstblk/ngwrdrst.grst.g7serrst.gsckt_wrst.xpm_cdc_sync_rst_inst_wrst/src_rst
    SLICE_X16Y16         FDRE                                         r  u_jtag_mac/u_pre_chif_fifo/u_jtag_mac_fifo/U0/inst_fifo_gen/gconvfifo.rf/grf.rf/rstblk/ngwrdrst.grst.g7serrst.gsckt_wrst.xpm_cdc_sync_rst_inst_wrst/syncstages_ff_reg[0]/D
  -------------------------------------------------------------------    -------------------

                         (clock TCK rise edge)        0.000     0.000 r  
    BSCAN_X0Y0           BSCANE2                      0.000     0.000 r  u_BSCANE2/TCK
                         net (fo=1, routed)           1.366     1.366    TCK
    BUFGCTRL_X0Y0        BUFG (Prop_bufg_I_O)         0.091     1.457 r  TCK_BUFG_inst/O
                         net (fo=505, routed)         1.493     2.950    u_jtag_mac/u_pre_chif_fifo/u_jtag_mac_fifo/U0/inst_fifo_gen/gconvfifo.rf/grf.rf/rstblk/ngwrdrst.grst.g7serrst.gsckt_wrst.xpm_cdc_sync_rst_inst_wrst/dest_clk
    SLICE_X16Y16         FDRE                                         r  u_jtag_mac/u_pre_chif_fifo/u_jtag_mac_fifo/U0/inst_fifo_gen/gconvfifo.rf/grf.rf/rstblk/ngwrdrst.grst.g7serrst.gsckt_wrst.xpm_cdc_sync_rst_inst_wrst/syncstages_ff_reg[0]/C

Slack:                    inf
  Source:                 u_clk_wiz_0/inst/mmcm_adv_inst/LOCKED
                            (internal pin)
  Destination:            u_jtag_mac/u_post_chif_fifo/u_jtag_mac_fifo/U0/inst_fifo_gen/gconvfifo.rf/grf.rf/rstblk/ngwrdrst.grst.g7serrst.gsckt_wrst.gic_rst.xpm_cdc_sync_rst_inst_wrst/syncstages_ff_reg[0]/D
                            (rising edge-triggered cell FDRE clocked by TCK  {rise@0.000ns fall@7.576ns period=15.152ns})
  Path Group:             (none)
  Path Type:              Setup (Max at Slow Process Corner)
  Data Path Delay:        16.272ns  (logic 0.124ns (0.762%)  route 16.148ns (99.238%))
  Logic Levels:           1  (LUT2=1)
  Clock Uncertainty:      0.025ns  ((TSJ^2 + TIJ^2)^1/2 + DJ) / 2 + PE
    Total System Jitter     (TSJ):    0.050ns
    Total Input Jitter      (TIJ):    0.000ns
    Discrete Jitter          (DJ):    0.000ns
    Phase Error              (PE):    0.000ns
  Timing Exception:       False Path

    Location             Delay type                Incr(ns)  Path(ns)    Netlist Resource(s)
  -------------------------------------------------------------------    -------------------
    MMCME2_ADV_X0Y1      MMCME2_ADV                   0.000     0.000 f  u_clk_wiz_0/inst/mmcm_adv_inst/LOCKED
                         net (fo=68, routed)          1.152     1.152    u_jtag_mac/locked
    SLICE_X41Y47         LUT2 (Prop_lut2_I1_O)        0.124     1.276 r  u_jtag_mac/empty_tmp_d1_i_1/O
                         net (fo=8129, routed)       14.995    16.272    u_jtag_mac/u_post_chif_fifo/u_jtag_mac_fifo/U0/inst_fifo_gen/gconvfifo.rf/grf.rf/rstblk/ngwrdrst.grst.g7serrst.gsckt_wrst.gic_rst.xpm_cdc_sync_rst_inst_wrst/src_rst
    SLICE_X3Y26          FDRE                                         r  u_jtag_mac/u_post_chif_fifo/u_jtag_mac_fifo/U0/inst_fifo_gen/gconvfifo.rf/grf.rf/rstblk/ngwrdrst.grst.g7serrst.gsckt_wrst.gic_rst.xpm_cdc_sync_rst_inst_wrst/syncstages_ff_reg[0]/D
  -------------------------------------------------------------------    -------------------

                         (clock TCK rise edge)        0.000     0.000 r  
    BSCAN_X0Y0           BSCANE2                      0.000     0.000 r  u_BSCANE2/TCK
                         net (fo=1, routed)           1.366     1.366    TCK
    BUFGCTRL_X0Y0        BUFG (Prop_bufg_I_O)         0.091     1.457 r  TCK_BUFG_inst/O
                         net (fo=505, routed)         1.536     2.993    u_jtag_mac/u_post_chif_fifo/u_jtag_mac_fifo/U0/inst_fifo_gen/gconvfifo.rf/grf.rf/rstblk/ngwrdrst.grst.g7serrst.gsckt_wrst.gic_rst.xpm_cdc_sync_rst_inst_wrst/dest_clk
    SLICE_X3Y26          FDRE                                         r  u_jtag_mac/u_post_chif_fifo/u_jtag_mac_fifo/U0/inst_fifo_gen/gconvfifo.rf/grf.rf/rstblk/ngwrdrst.grst.g7serrst.gsckt_wrst.gic_rst.xpm_cdc_sync_rst_inst_wrst/syncstages_ff_reg[0]/C





Min Delay Paths
--------------------------------------------------------------------------------------
Slack:                    inf
  Source:                 u_clk_wiz_0/inst/mmcm_adv_inst/LOCKED
                            (internal pin)
  Destination:            u_jtag_mac/u_post_chif_fifo/u_jtag_mac_fifo/U0/inst_fifo_gen/gconvfifo.rf/grf.rf/rstblk/ngwrdrst.grst.g7serrst.gsckt_wrst.gic_rst.xpm_cdc_sync_rst_inst_wrst/syncstages_ff_reg[0]/D
                            (rising edge-triggered cell FDRE clocked by TCK  {rise@0.000ns fall@7.576ns period=15.152ns})
  Path Group:             (none)
  Path Type:              Hold (Min at Fast Process Corner)
  Data Path Delay:        7.289ns  (logic 0.045ns (0.617%)  route 7.244ns (99.383%))
  Logic Levels:           1  (LUT2=1)
  Clock Uncertainty:      0.025ns  ((TSJ^2 + TIJ^2)^1/2 + DJ) / 2 + PE
    Total System Jitter     (TSJ):    0.050ns
    Total Input Jitter      (TIJ):    0.000ns
    Discrete Jitter          (DJ):    0.000ns
    Phase Error              (PE):    0.000ns
  Timing Exception:       False Path

    Location             Delay type                Incr(ns)  Path(ns)    Netlist Resource(s)
  -------------------------------------------------------------------    -------------------
    MMCME2_ADV_X0Y1      MMCME2_ADV                   0.000     0.000 f  u_clk_wiz_0/inst/mmcm_adv_inst/LOCKED
                         net (fo=68, routed)          0.478     0.478    u_jtag_mac/locked
    SLICE_X41Y47         LUT2 (Prop_lut2_I1_O)        0.045     0.523 r  u_jtag_mac/empty_tmp_d1_i_1/O
                         net (fo=8129, routed)        6.765     7.289    u_jtag_mac/u_post_chif_fifo/u_jtag_mac_fifo/U0/inst_fifo_gen/gconvfifo.rf/grf.rf/rstblk/ngwrdrst.grst.g7serrst.gsckt_wrst.gic_rst.xpm_cdc_sync_rst_inst_wrst/src_rst
    SLICE_X3Y26          FDRE                                         r  u_jtag_mac/u_post_chif_fifo/u_jtag_mac_fifo/U0/inst_fifo_gen/gconvfifo.rf/grf.rf/rstblk/ngwrdrst.grst.g7serrst.gsckt_wrst.gic_rst.xpm_cdc_sync_rst_inst_wrst/syncstages_ff_reg[0]/D
  -------------------------------------------------------------------    -------------------

                         (clock TCK rise edge)        0.000     0.000 r  
    BSCAN_X0Y0           BSCANE2                      0.000     0.000 r  u_BSCANE2/TCK
                         net (fo=1, routed)           0.685     0.685    TCK
    BUFGCTRL_X0Y0        BUFG (Prop_bufg_I_O)         0.029     0.714 r  TCK_BUFG_inst/O
                         net (fo=505, routed)         0.838     1.552    u_jtag_mac/u_post_chif_fifo/u_jtag_mac_fifo/U0/inst_fifo_gen/gconvfifo.rf/grf.rf/rstblk/ngwrdrst.grst.g7serrst.gsckt_wrst.gic_rst.xpm_cdc_sync_rst_inst_wrst/dest_clk
    SLICE_X3Y26          FDRE                                         r  u_jtag_mac/u_post_chif_fifo/u_jtag_mac_fifo/U0/inst_fifo_gen/gconvfifo.rf/grf.rf/rstblk/ngwrdrst.grst.g7serrst.gsckt_wrst.gic_rst.xpm_cdc_sync_rst_inst_wrst/syncstages_ff_reg[0]/C

Slack:                    inf
  Source:                 u_clk_wiz_0/inst/mmcm_adv_inst/LOCKED
                            (internal pin)
  Destination:            u_jtag_mac/u_pre_chif_fifo/u_jtag_mac_fifo/U0/inst_fifo_gen/gconvfifo.rf/grf.rf/rstblk/ngwrdrst.grst.g7serrst.gsckt_wrst.xpm_cdc_sync_rst_inst_wrst/syncstages_ff_reg[0]/D
                            (rising edge-triggered cell FDRE clocked by TCK  {rise@0.000ns fall@7.576ns period=15.152ns})
  Path Group:             (none)
  Path Type:              Hold (Min at Fast Process Corner)
  Data Path Delay:        8.385ns  (logic 0.045ns (0.537%)  route 8.340ns (99.463%))
  Logic Levels:           1  (LUT2=1)
  Clock Uncertainty:      0.025ns  ((TSJ^2 + TIJ^2)^1/2 + DJ) / 2 + PE
    Total System Jitter     (TSJ):    0.050ns
    Total Input Jitter      (TIJ):    0.000ns
    Discrete Jitter          (DJ):    0.000ns
    Phase Error              (PE):    0.000ns
  Timing Exception:       False Path

    Location             Delay type                Incr(ns)  Path(ns)    Netlist Resource(s)
  -------------------------------------------------------------------    -------------------
    MMCME2_ADV_X0Y1      MMCME2_ADV                   0.000     0.000 f  u_clk_wiz_0/inst/mmcm_adv_inst/LOCKED
                         net (fo=68, routed)          0.478     0.478    u_jtag_mac/locked
    SLICE_X41Y47         LUT2 (Prop_lut2_I1_O)        0.045     0.523 r  u_jtag_mac/empty_tmp_d1_i_1/O
                         net (fo=8129, routed)        7.861     8.385    u_jtag_mac/u_pre_chif_fifo/u_jtag_mac_fifo/U0/inst_fifo_gen/gconvfifo.rf/grf.rf/rstblk/ngwrdrst.grst.g7serrst.gsckt_wrst.xpm_cdc_sync_rst_inst_wrst/src_rst
    SLICE_X16Y16         FDRE                                         r  u_jtag_mac/u_pre_chif_fifo/u_jtag_mac_fifo/U0/inst_fifo_gen/gconvfifo.rf/grf.rf/rstblk/ngwrdrst.grst.g7serrst.gsckt_wrst.xpm_cdc_sync_rst_inst_wrst/syncstages_ff_reg[0]/D
  -------------------------------------------------------------------    -------------------

                         (clock TCK rise edge)        0.000     0.000 r  
    BSCAN_X0Y0           BSCANE2                      0.000     0.000 r  u_BSCANE2/TCK
                         net (fo=1, routed)           0.685     0.685    TCK
    BUFGCTRL_X0Y0        BUFG (Prop_bufg_I_O)         0.029     0.714 r  TCK_BUFG_inst/O
                         net (fo=505, routed)         0.824     1.538    u_jtag_mac/u_pre_chif_fifo/u_jtag_mac_fifo/U0/inst_fifo_gen/gconvfifo.rf/grf.rf/rstblk/ngwrdrst.grst.g7serrst.gsckt_wrst.xpm_cdc_sync_rst_inst_wrst/dest_clk
    SLICE_X16Y16         FDRE                                         r  u_jtag_mac/u_pre_chif_fifo/u_jtag_mac_fifo/U0/inst_fifo_gen/gconvfifo.rf/grf.rf/rstblk/ngwrdrst.grst.g7serrst.gsckt_wrst.xpm_cdc_sync_rst_inst_wrst/syncstages_ff_reg[0]/C

Slack:                    inf
  Source:                 u_clk_wiz_0/inst/mmcm_adv_inst/LOCKED
                            (internal pin)
  Destination:            u_jtag_mac/u_simcycle_fifo/u_simcycle_fifo/U0/inst_fifo_gen/gconvfifo.rf/grf.rf/rstblk/ngwrdrst.grst.g7serrst.gsckt_wrst.xpm_cdc_sync_rst_inst_wrst/syncstages_ff_reg[0]/D
                            (rising edge-triggered cell FDRE clocked by TCK  {rise@0.000ns fall@7.576ns period=15.152ns})
  Path Group:             (none)
  Path Type:              Hold (Min at Fast Process Corner)
  Data Path Delay:        9.030ns  (logic 0.045ns (0.498%)  route 8.985ns (99.502%))
  Logic Levels:           1  (LUT2=1)
  Clock Uncertainty:      0.025ns  ((TSJ^2 + TIJ^2)^1/2 + DJ) / 2 + PE
    Total System Jitter     (TSJ):    0.050ns
    Total Input Jitter      (TIJ):    0.000ns
    Discrete Jitter          (DJ):    0.000ns
    Phase Error              (PE):    0.000ns
  Timing Exception:       False Path

    Location             Delay type                Incr(ns)  Path(ns)    Netlist Resource(s)
  -------------------------------------------------------------------    -------------------
    MMCME2_ADV_X0Y1      MMCME2_ADV                   0.000     0.000 f  u_clk_wiz_0/inst/mmcm_adv_inst/LOCKED
                         net (fo=68, routed)          0.478     0.478    u_jtag_mac/locked
    SLICE_X41Y47         LUT2 (Prop_lut2_I1_O)        0.045     0.523 r  u_jtag_mac/empty_tmp_d1_i_1/O
                         net (fo=8129, routed)        8.507     9.030    u_jtag_mac/u_simcycle_fifo/u_simcycle_fifo/U0/inst_fifo_gen/gconvfifo.rf/grf.rf/rstblk/ngwrdrst.grst.g7serrst.gsckt_wrst.xpm_cdc_sync_rst_inst_wrst/src_rst
    SLICE_X2Y8           FDRE                                         r  u_jtag_mac/u_simcycle_fifo/u_simcycle_fifo/U0/inst_fifo_gen/gconvfifo.rf/grf.rf/rstblk/ngwrdrst.grst.g7serrst.gsckt_wrst.xpm_cdc_sync_rst_inst_wrst/syncstages_ff_reg[0]/D
  -------------------------------------------------------------------    -------------------

                         (clock TCK rise edge)        0.000     0.000 r  
    BSCAN_X0Y0           BSCANE2                      0.000     0.000 r  u_BSCANE2/TCK
                         net (fo=1, routed)           0.685     0.685    TCK
    BUFGCTRL_X0Y0        BUFG (Prop_bufg_I_O)         0.029     0.714 r  TCK_BUFG_inst/O
                         net (fo=505, routed)         0.852     1.566    u_jtag_mac/u_simcycle_fifo/u_simcycle_fifo/U0/inst_fifo_gen/gconvfifo.rf/grf.rf/rstblk/ngwrdrst.grst.g7serrst.gsckt_wrst.xpm_cdc_sync_rst_inst_wrst/dest_clk
    SLICE_X2Y8           FDRE                                         r  u_jtag_mac/u_simcycle_fifo/u_simcycle_fifo/U0/inst_fifo_gen/gconvfifo.rf/grf.rf/rstblk/ngwrdrst.grst.g7serrst.gsckt_wrst.xpm_cdc_sync_rst_inst_wrst/syncstages_ff_reg[0]/C





--------------------------------------------------------------------------------------
Path Group:  (none)
From Clock:  TCK
  To Clock:  TCK

Max Delay             3 Endpoints
Min Delay             3 Endpoints
--------------------------------------------------------------------------------------


Max Delay Paths
--------------------------------------------------------------------------------------
Slack:                    inf
  Source:                 u_jtag_mac/user_rst_assert_reg/C
                            (rising edge-triggered cell FDRE clocked by TCK  {rise@0.000ns fall@7.576ns period=15.152ns})
  Destination:            u_jtag_mac/u_simcycle_fifo/u_simcycle_fifo/U0/inst_fifo_gen/gconvfifo.rf/grf.rf/rstblk/ngwrdrst.grst.g7serrst.gsckt_wrst.xpm_cdc_sync_rst_inst_wrst/syncstages_ff_reg[0]/D
                            (rising edge-triggered cell FDRE clocked by TCK  {rise@0.000ns fall@7.576ns period=15.152ns})
  Path Group:             (none)
  Path Type:              Setup (Max at Slow Process Corner)
  Data Path Delay:        21.491ns  (logic 0.580ns (2.699%)  route 20.911ns (97.301%))
  Logic Levels:           1  (LUT2=1)
  Clock Path Skew:        -0.418ns (DCD - SCD + CPR)
    Destination Clock Delay (DCD):    3.007ns
    Source Clock Delay      (SCD):    3.425ns
    Clock Pessimism Removal (CPR):    0.000ns
  Clock Uncertainty:      0.035ns  ((TSJ^2 + TIJ^2)^1/2 + DJ) / 2 + PE
    Total System Jitter     (TSJ):    0.071ns
    Total Input Jitter      (TIJ):    0.000ns
    Discrete Jitter          (DJ):    0.000ns
    Phase Error              (PE):    0.000ns
  Timing Exception:       False Path

    Location             Delay type                Incr(ns)  Path(ns)    Netlist Resource(s)
  -------------------------------------------------------------------    -------------------
                         (clock TCK rise edge)        0.000     0.000 r  
    BSCAN_X0Y0           BSCANE2                      0.000     0.000 r  u_BSCANE2/TCK
                         net (fo=1, routed)           1.601     1.601    TCK
    BUFGCTRL_X0Y0        BUFG (Prop_bufg_I_O)         0.101     1.702 r  TCK_BUFG_inst/O
                         net (fo=505, routed)         1.723     3.425    u_jtag_mac/CLK
    SLICE_X3Y13          FDRE                                         r  u_jtag_mac/user_rst_assert_reg/C
  -------------------------------------------------------------------    -------------------
    SLICE_X3Y13          FDRE (Prop_fdre_C_Q)         0.456     3.881 r  u_jtag_mac/user_rst_assert_reg/Q
                         net (fo=66, routed)          2.399     6.280    u_jtag_mac/user_rst_assert
    SLICE_X41Y47         LUT2 (Prop_lut2_I0_O)        0.124     6.404 r  u_jtag_mac/empty_tmp_d1_i_1/O
                         net (fo=8129, routed)       18.512    24.916    u_jtag_mac/u_simcycle_fifo/u_simcycle_fifo/U0/inst_fifo_gen/gconvfifo.rf/grf.rf/rstblk/ngwrdrst.grst.g7serrst.gsckt_wrst.xpm_cdc_sync_rst_inst_wrst/src_rst
    SLICE_X2Y8           FDRE                                         r  u_jtag_mac/u_simcycle_fifo/u_simcycle_fifo/U0/inst_fifo_gen/gconvfifo.rf/grf.rf/rstblk/ngwrdrst.grst.g7serrst.gsckt_wrst.xpm_cdc_sync_rst_inst_wrst/syncstages_ff_reg[0]/D
  -------------------------------------------------------------------    -------------------

                         (clock TCK rise edge)        0.000     0.000 r  
    BSCAN_X0Y0           BSCANE2                      0.000     0.000 r  u_BSCANE2/TCK
                         net (fo=1, routed)           1.366     1.366    TCK
    BUFGCTRL_X0Y0        BUFG (Prop_bufg_I_O)         0.091     1.457 r  TCK_BUFG_inst/O
                         net (fo=505, routed)         1.550     3.007    u_jtag_mac/u_simcycle_fifo/u_simcycle_fifo/U0/inst_fifo_gen/gconvfifo.rf/grf.rf/rstblk/ngwrdrst.grst.g7serrst.gsckt_wrst.xpm_cdc_sync_rst_inst_wrst/dest_clk
    SLICE_X2Y8           FDRE                                         r  u_jtag_mac/u_simcycle_fifo/u_simcycle_fifo/U0/inst_fifo_gen/gconvfifo.rf/grf.rf/rstblk/ngwrdrst.grst.g7serrst.gsckt_wrst.xpm_cdc_sync_rst_inst_wrst/syncstages_ff_reg[0]/C

Slack:                    inf
  Source:                 u_jtag_mac/user_rst_assert_reg/C
                            (rising edge-triggered cell FDRE clocked by TCK  {rise@0.000ns fall@7.576ns period=15.152ns})
  Destination:            u_jtag_mac/u_pre_chif_fifo/u_jtag_mac_fifo/U0/inst_fifo_gen/gconvfifo.rf/grf.rf/rstblk/ngwrdrst.grst.g7serrst.gsckt_wrst.xpm_cdc_sync_rst_inst_wrst/syncstages_ff_reg[0]/D
                            (rising edge-triggered cell FDRE clocked by TCK  {rise@0.000ns fall@7.576ns period=15.152ns})
  Path Group:             (none)
  Path Type:              Setup (Max at Slow Process Corner)
  Data Path Delay:        20.352ns  (logic 0.580ns (2.850%)  route 19.772ns (97.150%))
  Logic Levels:           1  (LUT2=1)
  Clock Path Skew:        -0.475ns (DCD - SCD + CPR)
    Destination Clock Delay (DCD):    2.950ns
    Source Clock Delay      (SCD):    3.425ns
    Clock Pessimism Removal (CPR):    0.000ns
  Clock Uncertainty:      0.035ns  ((TSJ^2 + TIJ^2)^1/2 + DJ) / 2 + PE
    Total System Jitter     (TSJ):    0.071ns
    Total Input Jitter      (TIJ):    0.000ns
    Discrete Jitter          (DJ):    0.000ns
    Phase Error              (PE):    0.000ns
  Timing Exception:       False Path

    Location             Delay type                Incr(ns)  Path(ns)    Netlist Resource(s)
  -------------------------------------------------------------------    -------------------
                         (clock TCK rise edge)        0.000     0.000 r  
    BSCAN_X0Y0           BSCANE2                      0.000     0.000 r  u_BSCANE2/TCK
                         net (fo=1, routed)           1.601     1.601    TCK
    BUFGCTRL_X0Y0        BUFG (Prop_bufg_I_O)         0.101     1.702 r  TCK_BUFG_inst/O
                         net (fo=505, routed)         1.723     3.425    u_jtag_mac/CLK
    SLICE_X3Y13          FDRE                                         r  u_jtag_mac/user_rst_assert_reg/C
  -------------------------------------------------------------------    -------------------
    SLICE_X3Y13          FDRE (Prop_fdre_C_Q)         0.456     3.881 r  u_jtag_mac/user_rst_assert_reg/Q
                         net (fo=66, routed)          2.399     6.280    u_jtag_mac/user_rst_assert
    SLICE_X41Y47         LUT2 (Prop_lut2_I0_O)        0.124     6.404 r  u_jtag_mac/empty_tmp_d1_i_1/O
                         net (fo=8129, routed)       17.373    23.777    u_jtag_mac/u_pre_chif_fifo/u_jtag_mac_fifo/U0/inst_fifo_gen/gconvfifo.rf/grf.rf/rstblk/ngwrdrst.grst.g7serrst.gsckt_wrst.xpm_cdc_sync_rst_inst_wrst/src_rst
    SLICE_X16Y16         FDRE                                         r  u_jtag_mac/u_pre_chif_fifo/u_jtag_mac_fifo/U0/inst_fifo_gen/gconvfifo.rf/grf.rf/rstblk/ngwrdrst.grst.g7serrst.gsckt_wrst.xpm_cdc_sync_rst_inst_wrst/syncstages_ff_reg[0]/D
  -------------------------------------------------------------------    -------------------

                         (clock TCK rise edge)        0.000     0.000 r  
    BSCAN_X0Y0           BSCANE2                      0.000     0.000 r  u_BSCANE2/TCK
                         net (fo=1, routed)           1.366     1.366    TCK
    BUFGCTRL_X0Y0        BUFG (Prop_bufg_I_O)         0.091     1.457 r  TCK_BUFG_inst/O
                         net (fo=505, routed)         1.493     2.950    u_jtag_mac/u_pre_chif_fifo/u_jtag_mac_fifo/U0/inst_fifo_gen/gconvfifo.rf/grf.rf/rstblk/ngwrdrst.grst.g7serrst.gsckt_wrst.xpm_cdc_sync_rst_inst_wrst/dest_clk
    SLICE_X16Y16         FDRE                                         r  u_jtag_mac/u_pre_chif_fifo/u_jtag_mac_fifo/U0/inst_fifo_gen/gconvfifo.rf/grf.rf/rstblk/ngwrdrst.grst.g7serrst.gsckt_wrst.xpm_cdc_sync_rst_inst_wrst/syncstages_ff_reg[0]/C

Slack:                    inf
  Source:                 u_jtag_mac/user_rst_assert_reg/C
                            (rising edge-triggered cell FDRE clocked by TCK  {rise@0.000ns fall@7.576ns period=15.152ns})
  Destination:            u_jtag_mac/u_post_chif_fifo/u_jtag_mac_fifo/U0/inst_fifo_gen/gconvfifo.rf/grf.rf/rstblk/ngwrdrst.grst.g7serrst.gsckt_wrst.gic_rst.xpm_cdc_sync_rst_inst_wrst/syncstages_ff_reg[0]/D
                            (rising edge-triggered cell FDRE clocked by TCK  {rise@0.000ns fall@7.576ns period=15.152ns})
  Path Group:             (none)
  Path Type:              Setup (Max at Slow Process Corner)
  Data Path Delay:        17.975ns  (logic 0.580ns (3.227%)  route 17.395ns (96.773%))
  Logic Levels:           1  (LUT2=1)
  Clock Path Skew:        -0.432ns (DCD - SCD + CPR)
    Destination Clock Delay (DCD):    2.993ns
    Source Clock Delay      (SCD):    3.425ns
    Clock Pessimism Removal (CPR):    0.000ns
  Clock Uncertainty:      0.035ns  ((TSJ^2 + TIJ^2)^1/2 + DJ) / 2 + PE
    Total System Jitter     (TSJ):    0.071ns
    Total Input Jitter      (TIJ):    0.000ns
    Discrete Jitter          (DJ):    0.000ns
    Phase Error              (PE):    0.000ns
  Timing Exception:       False Path

    Location             Delay type                Incr(ns)  Path(ns)    Netlist Resource(s)
  -------------------------------------------------------------------    -------------------
                         (clock TCK rise edge)        0.000     0.000 r  
    BSCAN_X0Y0           BSCANE2                      0.000     0.000 r  u_BSCANE2/TCK
                         net (fo=1, routed)           1.601     1.601    TCK
    BUFGCTRL_X0Y0        BUFG (Prop_bufg_I_O)         0.101     1.702 r  TCK_BUFG_inst/O
                         net (fo=505, routed)         1.723     3.425    u_jtag_mac/CLK
    SLICE_X3Y13          FDRE                                         r  u_jtag_mac/user_rst_assert_reg/C
  -------------------------------------------------------------------    -------------------
    SLICE_X3Y13          FDRE (Prop_fdre_C_Q)         0.456     3.881 r  u_jtag_mac/user_rst_assert_reg/Q
                         net (fo=66, routed)          2.399     6.280    u_jtag_mac/user_rst_assert
    SLICE_X41Y47         LUT2 (Prop_lut2_I0_O)        0.124     6.404 r  u_jtag_mac/empty_tmp_d1_i_1/O
                         net (fo=8129, routed)       14.995    21.400    u_jtag_mac/u_post_chif_fifo/u_jtag_mac_fifo/U0/inst_fifo_gen/gconvfifo.rf/grf.rf/rstblk/ngwrdrst.grst.g7serrst.gsckt_wrst.gic_rst.xpm_cdc_sync_rst_inst_wrst/src_rst
    SLICE_X3Y26          FDRE                                         r  u_jtag_mac/u_post_chif_fifo/u_jtag_mac_fifo/U0/inst_fifo_gen/gconvfifo.rf/grf.rf/rstblk/ngwrdrst.grst.g7serrst.gsckt_wrst.gic_rst.xpm_cdc_sync_rst_inst_wrst/syncstages_ff_reg[0]/D
  -------------------------------------------------------------------    -------------------

                         (clock TCK rise edge)        0.000     0.000 r  
    BSCAN_X0Y0           BSCANE2                      0.000     0.000 r  u_BSCANE2/TCK
                         net (fo=1, routed)           1.366     1.366    TCK
    BUFGCTRL_X0Y0        BUFG (Prop_bufg_I_O)         0.091     1.457 r  TCK_BUFG_inst/O
                         net (fo=505, routed)         1.536     2.993    u_jtag_mac/u_post_chif_fifo/u_jtag_mac_fifo/U0/inst_fifo_gen/gconvfifo.rf/grf.rf/rstblk/ngwrdrst.grst.g7serrst.gsckt_wrst.gic_rst.xpm_cdc_sync_rst_inst_wrst/dest_clk
    SLICE_X3Y26          FDRE                                         r  u_jtag_mac/u_post_chif_fifo/u_jtag_mac_fifo/U0/inst_fifo_gen/gconvfifo.rf/grf.rf/rstblk/ngwrdrst.grst.g7serrst.gsckt_wrst.gic_rst.xpm_cdc_sync_rst_inst_wrst/syncstages_ff_reg[0]/C





Min Delay Paths
--------------------------------------------------------------------------------------
Slack:                    inf
  Source:                 u_jtag_mac/user_rst_assert_reg/C
                            (rising edge-triggered cell FDRE clocked by TCK  {rise@0.000ns fall@7.576ns period=15.152ns})
  Destination:            u_jtag_mac/u_post_chif_fifo/u_jtag_mac_fifo/U0/inst_fifo_gen/gconvfifo.rf/grf.rf/rstblk/ngwrdrst.grst.g7serrst.gsckt_wrst.gic_rst.xpm_cdc_sync_rst_inst_wrst/syncstages_ff_reg[0]/D
                            (rising edge-triggered cell FDRE clocked by TCK  {rise@0.000ns fall@7.576ns period=15.152ns})
  Path Group:             (none)
  Path Type:              Hold (Min at Fast Process Corner)
  Data Path Delay:        8.043ns  (logic 0.186ns (2.313%)  route 7.857ns (97.687%))
  Logic Levels:           1  (LUT2=1)
  Clock Path Skew:        0.356ns (DCD - SCD - CPR)
    Destination Clock Delay (DCD):    1.552ns
    Source Clock Delay      (SCD):    1.196ns
    Clock Pessimism Removal (CPR):    -0.000ns
  Clock Uncertainty:      0.035ns  ((TSJ^2 + TIJ^2)^1/2 + DJ) / 2 + PE
    Total System Jitter     (TSJ):    0.071ns
    Total Input Jitter      (TIJ):    0.000ns
    Discrete Jitter          (DJ):    0.000ns
    Phase Error              (PE):    0.000ns
  Timing Exception:       False Path

    Location             Delay type                Incr(ns)  Path(ns)    Netlist Resource(s)
  -------------------------------------------------------------------    -------------------
                         (clock TCK rise edge)        0.000     0.000 r  
    BSCAN_X0Y0           BSCANE2                      0.000     0.000 r  u_BSCANE2/TCK
                         net (fo=1, routed)           0.589     0.589    TCK
    BUFGCTRL_X0Y0        BUFG (Prop_bufg_I_O)         0.026     0.615 r  TCK_BUFG_inst/O
                         net (fo=505, routed)         0.581     1.196    u_jtag_mac/CLK
    SLICE_X3Y13          FDRE                                         r  u_jtag_mac/user_rst_assert_reg/C
  -------------------------------------------------------------------    -------------------
    SLICE_X3Y13          FDRE (Prop_fdre_C_Q)         0.141     1.337 r  u_jtag_mac/user_rst_assert_reg/Q
                         net (fo=66, routed)          1.091     2.428    u_jtag_mac/user_rst_assert
    SLICE_X41Y47         LUT2 (Prop_lut2_I0_O)        0.045     2.473 r  u_jtag_mac/empty_tmp_d1_i_1/O
                         net (fo=8129, routed)        6.765     9.238    u_jtag_mac/u_post_chif_fifo/u_jtag_mac_fifo/U0/inst_fifo_gen/gconvfifo.rf/grf.rf/rstblk/ngwrdrst.grst.g7serrst.gsckt_wrst.gic_rst.xpm_cdc_sync_rst_inst_wrst/src_rst
    SLICE_X3Y26          FDRE                                         r  u_jtag_mac/u_post_chif_fifo/u_jtag_mac_fifo/U0/inst_fifo_gen/gconvfifo.rf/grf.rf/rstblk/ngwrdrst.grst.g7serrst.gsckt_wrst.gic_rst.xpm_cdc_sync_rst_inst_wrst/syncstages_ff_reg[0]/D
  -------------------------------------------------------------------    -------------------

                         (clock TCK rise edge)        0.000     0.000 r  
    BSCAN_X0Y0           BSCANE2                      0.000     0.000 r  u_BSCANE2/TCK
                         net (fo=1, routed)           0.685     0.685    TCK
    BUFGCTRL_X0Y0        BUFG (Prop_bufg_I_O)         0.029     0.714 r  TCK_BUFG_inst/O
                         net (fo=505, routed)         0.838     1.552    u_jtag_mac/u_post_chif_fifo/u_jtag_mac_fifo/U0/inst_fifo_gen/gconvfifo.rf/grf.rf/rstblk/ngwrdrst.grst.g7serrst.gsckt_wrst.gic_rst.xpm_cdc_sync_rst_inst_wrst/dest_clk
    SLICE_X3Y26          FDRE                                         r  u_jtag_mac/u_post_chif_fifo/u_jtag_mac_fifo/U0/inst_fifo_gen/gconvfifo.rf/grf.rf/rstblk/ngwrdrst.grst.g7serrst.gsckt_wrst.gic_rst.xpm_cdc_sync_rst_inst_wrst/syncstages_ff_reg[0]/C

Slack:                    inf
  Source:                 u_jtag_mac/user_rst_assert_reg/C
                            (rising edge-triggered cell FDRE clocked by TCK  {rise@0.000ns fall@7.576ns period=15.152ns})
  Destination:            u_jtag_mac/u_pre_chif_fifo/u_jtag_mac_fifo/U0/inst_fifo_gen/gconvfifo.rf/grf.rf/rstblk/ngwrdrst.grst.g7serrst.gsckt_wrst.xpm_cdc_sync_rst_inst_wrst/syncstages_ff_reg[0]/D
                            (rising edge-triggered cell FDRE clocked by TCK  {rise@0.000ns fall@7.576ns period=15.152ns})
  Path Group:             (none)
  Path Type:              Hold (Min at Fast Process Corner)
  Data Path Delay:        9.138ns  (logic 0.186ns (2.035%)  route 8.952ns (97.965%))
  Logic Levels:           1  (LUT2=1)
  Clock Path Skew:        0.342ns (DCD - SCD - CPR)
    Destination Clock Delay (DCD):    1.538ns
    Source Clock Delay      (SCD):    1.196ns
    Clock Pessimism Removal (CPR):    -0.000ns
  Clock Uncertainty:      0.035ns  ((TSJ^2 + TIJ^2)^1/2 + DJ) / 2 + PE
    Total System Jitter     (TSJ):    0.071ns
    Total Input Jitter      (TIJ):    0.000ns
    Discrete Jitter          (DJ):    0.000ns
    Phase Error              (PE):    0.000ns
  Timing Exception:       False Path

    Location             Delay type                Incr(ns)  Path(ns)    Netlist Resource(s)
  -------------------------------------------------------------------    -------------------
                         (clock TCK rise edge)        0.000     0.000 r  
    BSCAN_X0Y0           BSCANE2                      0.000     0.000 r  u_BSCANE2/TCK
                         net (fo=1, routed)           0.589     0.589    TCK
    BUFGCTRL_X0Y0        BUFG (Prop_bufg_I_O)         0.026     0.615 r  TCK_BUFG_inst/O
                         net (fo=505, routed)         0.581     1.196    u_jtag_mac/CLK
    SLICE_X3Y13          FDRE                                         r  u_jtag_mac/user_rst_assert_reg/C
  -------------------------------------------------------------------    -------------------
    SLICE_X3Y13          FDRE (Prop_fdre_C_Q)         0.141     1.337 r  u_jtag_mac/user_rst_assert_reg/Q
                         net (fo=66, routed)          1.091     2.428    u_jtag_mac/user_rst_assert
    SLICE_X41Y47         LUT2 (Prop_lut2_I0_O)        0.045     2.473 r  u_jtag_mac/empty_tmp_d1_i_1/O
                         net (fo=8129, routed)        7.861    10.334    u_jtag_mac/u_pre_chif_fifo/u_jtag_mac_fifo/U0/inst_fifo_gen/gconvfifo.rf/grf.rf/rstblk/ngwrdrst.grst.g7serrst.gsckt_wrst.xpm_cdc_sync_rst_inst_wrst/src_rst
    SLICE_X16Y16         FDRE                                         r  u_jtag_mac/u_pre_chif_fifo/u_jtag_mac_fifo/U0/inst_fifo_gen/gconvfifo.rf/grf.rf/rstblk/ngwrdrst.grst.g7serrst.gsckt_wrst.xpm_cdc_sync_rst_inst_wrst/syncstages_ff_reg[0]/D
  -------------------------------------------------------------------    -------------------

                         (clock TCK rise edge)        0.000     0.000 r  
    BSCAN_X0Y0           BSCANE2                      0.000     0.000 r  u_BSCANE2/TCK
                         net (fo=1, routed)           0.685     0.685    TCK
    BUFGCTRL_X0Y0        BUFG (Prop_bufg_I_O)         0.029     0.714 r  TCK_BUFG_inst/O
                         net (fo=505, routed)         0.824     1.538    u_jtag_mac/u_pre_chif_fifo/u_jtag_mac_fifo/U0/inst_fifo_gen/gconvfifo.rf/grf.rf/rstblk/ngwrdrst.grst.g7serrst.gsckt_wrst.xpm_cdc_sync_rst_inst_wrst/dest_clk
    SLICE_X16Y16         FDRE                                         r  u_jtag_mac/u_pre_chif_fifo/u_jtag_mac_fifo/U0/inst_fifo_gen/gconvfifo.rf/grf.rf/rstblk/ngwrdrst.grst.g7serrst.gsckt_wrst.xpm_cdc_sync_rst_inst_wrst/syncstages_ff_reg[0]/C

Slack:                    inf
  Source:                 u_jtag_mac/user_rst_assert_reg/C
                            (rising edge-triggered cell FDRE clocked by TCK  {rise@0.000ns fall@7.576ns period=15.152ns})
  Destination:            u_jtag_mac/u_simcycle_fifo/u_simcycle_fifo/U0/inst_fifo_gen/gconvfifo.rf/grf.rf/rstblk/ngwrdrst.grst.g7serrst.gsckt_wrst.xpm_cdc_sync_rst_inst_wrst/syncstages_ff_reg[0]/D
                            (rising edge-triggered cell FDRE clocked by TCK  {rise@0.000ns fall@7.576ns period=15.152ns})
  Path Group:             (none)
  Path Type:              Hold (Min at Fast Process Corner)
  Data Path Delay:        9.784ns  (logic 0.186ns (1.901%)  route 9.598ns (98.099%))
  Logic Levels:           1  (LUT2=1)
  Clock Path Skew:        0.370ns (DCD - SCD - CPR)
    Destination Clock Delay (DCD):    1.566ns
    Source Clock Delay      (SCD):    1.196ns
    Clock Pessimism Removal (CPR):    -0.000ns
  Clock Uncertainty:      0.035ns  ((TSJ^2 + TIJ^2)^1/2 + DJ) / 2 + PE
    Total System Jitter     (TSJ):    0.071ns
    Total Input Jitter      (TIJ):    0.000ns
    Discrete Jitter          (DJ):    0.000ns
    Phase Error              (PE):    0.000ns
  Timing Exception:       False Path

    Location             Delay type                Incr(ns)  Path(ns)    Netlist Resource(s)
  -------------------------------------------------------------------    -------------------
                         (clock TCK rise edge)        0.000     0.000 r  
    BSCAN_X0Y0           BSCANE2                      0.000     0.000 r  u_BSCANE2/TCK
                         net (fo=1, routed)           0.589     0.589    TCK
    BUFGCTRL_X0Y0        BUFG (Prop_bufg_I_O)         0.026     0.615 r  TCK_BUFG_inst/O
                         net (fo=505, routed)         0.581     1.196    u_jtag_mac/CLK
    SLICE_X3Y13          FDRE                                         r  u_jtag_mac/user_rst_assert_reg/C
  -------------------------------------------------------------------    -------------------
    SLICE_X3Y13          FDRE (Prop_fdre_C_Q)         0.141     1.337 r  u_jtag_mac/user_rst_assert_reg/Q
                         net (fo=66, routed)          1.091     2.428    u_jtag_mac/user_rst_assert
    SLICE_X41Y47         LUT2 (Prop_lut2_I0_O)        0.045     2.473 r  u_jtag_mac/empty_tmp_d1_i_1/O
                         net (fo=8129, routed)        8.507    10.979    u_jtag_mac/u_simcycle_fifo/u_simcycle_fifo/U0/inst_fifo_gen/gconvfifo.rf/grf.rf/rstblk/ngwrdrst.grst.g7serrst.gsckt_wrst.xpm_cdc_sync_rst_inst_wrst/src_rst
    SLICE_X2Y8           FDRE                                         r  u_jtag_mac/u_simcycle_fifo/u_simcycle_fifo/U0/inst_fifo_gen/gconvfifo.rf/grf.rf/rstblk/ngwrdrst.grst.g7serrst.gsckt_wrst.xpm_cdc_sync_rst_inst_wrst/syncstages_ff_reg[0]/D
  -------------------------------------------------------------------    -------------------

                         (clock TCK rise edge)        0.000     0.000 r  
    BSCAN_X0Y0           BSCANE2                      0.000     0.000 r  u_BSCANE2/TCK
                         net (fo=1, routed)           0.685     0.685    TCK
    BUFGCTRL_X0Y0        BUFG (Prop_bufg_I_O)         0.029     0.714 r  TCK_BUFG_inst/O
                         net (fo=505, routed)         0.852     1.566    u_jtag_mac/u_simcycle_fifo/u_simcycle_fifo/U0/inst_fifo_gen/gconvfifo.rf/grf.rf/rstblk/ngwrdrst.grst.g7serrst.gsckt_wrst.xpm_cdc_sync_rst_inst_wrst/dest_clk
    SLICE_X2Y8           FDRE                                         r  u_jtag_mac/u_simcycle_fifo/u_simcycle_fifo/U0/inst_fifo_gen/gconvfifo.rf/grf.rf/rstblk/ngwrdrst.grst.g7serrst.gsckt_wrst.xpm_cdc_sync_rst_inst_wrst/syncstages_ff_reg[0]/C





--------------------------------------------------------------------------------------
Path Group:  (none)
From Clock:  clk_out1_clk_wiz_0
  To Clock:  TCK

Max Delay            33 Endpoints
Min Delay            33 Endpoints
--------------------------------------------------------------------------------------


Max Delay Paths
--------------------------------------------------------------------------------------
Slack:                    inf
  Source:                 u_jtag_mac/u_pre_chif_fifo/u_jtag_mac_fifo/U0/inst_fifo_gen/gconvfifo.rf/grf.rf/rstblk/ngwrdrst.grst.g7serrst.gsckt_wrst.gic_rst.sckt_rd_rst_ic_reg/C
                            (rising edge-triggered cell FDRE clocked by clk_out1_clk_wiz_0  {rise@0.000ns fall@20.000ns period=40.000ns})
  Destination:            u_jtag_mac/u_pre_chif_fifo/u_jtag_mac_fifo/U0/inst_fifo_gen/gconvfifo.rf/grf.rf/rstblk/ngwrdrst.grst.g7serrst.gsckt_wrst.gic_rst.xpm_cdc_single_inst_rrst_wr/syncstages_ff_reg[0]/D
                            (rising edge-triggered cell FDRE clocked by TCK  {rise@0.000ns fall@7.576ns period=15.152ns})
  Path Group:             (none)
  Path Type:              Setup (Max at Slow Process Corner)
  Data Path Delay:        1.527ns  (logic 0.456ns (29.866%)  route 1.071ns (70.134%))
  Logic Levels:           0  
  Clock Path Skew:        3.597ns (DCD - SCD + CPR)
    Destination Clock Delay (DCD):    2.958ns
    Source Clock Delay      (SCD):    -0.639ns
    Clock Pessimism Removal (CPR):    0.000ns
  Clock Uncertainty:      0.406ns  ((TSJ^2 + DJ^2)^1/2) / 2 + PE
    Total System Jitter     (TSJ):    0.071ns
    Discrete Jitter          (DJ):    0.313ns
    Phase Error              (PE):    0.246ns
  Timing Exception:       Asynchronous Clock Groups

    Location             Delay type                Incr(ns)  Path(ns)    Netlist Resource(s)
  -------------------------------------------------------------------    -------------------
                         (clock clk_out1_clk_wiz_0 rise edge)
                                                      0.000     0.000 r  
    L16                                               0.000     0.000 r  sysclk (IN)
                         net (fo=0)                   0.000     0.000    u_clk_wiz_0/inst/clk_in1
    L16                  IBUF (Prop_ibuf_I_O)         1.491     1.491 r  u_clk_wiz_0/inst/clkin1_ibufg/O
                         net (fo=1, routed)           1.285     2.776    u_clk_wiz_0/inst/clk_in1_clk_wiz_0
    MMCME2_ADV_X0Y1      MMCME2_ADV (Prop_mmcme2_adv_CLKIN1_CLKOUT0)
                                                     -6.996    -4.220 r  u_clk_wiz_0/inst/mmcm_adv_inst/CLKOUT0
                         net (fo=1, routed)           1.760    -2.460    u_clk_wiz_0/inst/clk_out1_clk_wiz_0
    BUFGCTRL_X0Y16       BUFG (Prop_bufg_I_O)         0.101    -2.359 r  u_clk_wiz_0/inst/clkout1_buf/O
                         net (fo=16020, routed)       1.720    -0.639    u_jtag_mac/u_pre_chif_fifo/u_jtag_mac_fifo/U0/inst_fifo_gen/gconvfifo.rf/grf.rf/rstblk/rd_clk
    SLICE_X5Y18          FDRE                                         r  u_jtag_mac/u_pre_chif_fifo/u_jtag_mac_fifo/U0/inst_fifo_gen/gconvfifo.rf/grf.rf/rstblk/ngwrdrst.grst.g7serrst.gsckt_wrst.gic_rst.sckt_rd_rst_ic_reg/C
  -------------------------------------------------------------------    -------------------
    SLICE_X5Y18          FDRE (Prop_fdre_C_Q)         0.456    -0.183 r  u_jtag_mac/u_pre_chif_fifo/u_jtag_mac_fifo/U0/inst_fifo_gen/gconvfifo.rf/grf.rf/rstblk/ngwrdrst.grst.g7serrst.gsckt_wrst.gic_rst.sckt_rd_rst_ic_reg/Q
                         net (fo=31, routed)          1.071     0.888    u_jtag_mac/u_pre_chif_fifo/u_jtag_mac_fifo/U0/inst_fifo_gen/gconvfifo.rf/grf.rf/rstblk/ngwrdrst.grst.g7serrst.gsckt_wrst.gic_rst.xpm_cdc_single_inst_rrst_wr/src_in
    SLICE_X12Y15         FDRE                                         r  u_jtag_mac/u_pre_chif_fifo/u_jtag_mac_fifo/U0/inst_fifo_gen/gconvfifo.rf/grf.rf/rstblk/ngwrdrst.grst.g7serrst.gsckt_wrst.gic_rst.xpm_cdc_single_inst_rrst_wr/syncstages_ff_reg[0]/D
  -------------------------------------------------------------------    -------------------

                         (clock TCK rise edge)        0.000     0.000 r  
    BSCAN_X0Y0           BSCANE2                      0.000     0.000 r  u_BSCANE2/TCK
                         net (fo=1, routed)           1.366     1.366    TCK
    BUFGCTRL_X0Y0        BUFG (Prop_bufg_I_O)         0.091     1.457 r  TCK_BUFG_inst/O
                         net (fo=505, routed)         1.501     2.958    u_jtag_mac/u_pre_chif_fifo/u_jtag_mac_fifo/U0/inst_fifo_gen/gconvfifo.rf/grf.rf/rstblk/ngwrdrst.grst.g7serrst.gsckt_wrst.gic_rst.xpm_cdc_single_inst_rrst_wr/dest_clk
    SLICE_X12Y15         FDRE                                         r  u_jtag_mac/u_pre_chif_fifo/u_jtag_mac_fifo/U0/inst_fifo_gen/gconvfifo.rf/grf.rf/rstblk/ngwrdrst.grst.g7serrst.gsckt_wrst.gic_rst.xpm_cdc_single_inst_rrst_wr/syncstages_ff_reg[0]/C

Slack:                    inf
  Source:                 u_jtag_mac/u_post_chif_fifo/u_jtag_mac_fifo/U0/inst_fifo_gen/gconvfifo.rf/grf.rf/rstblk/ngwrdrst.grst.g7serrst.gsckt_wrst.gic_rst.sckt_wr_rst_ic_reg/C
                            (rising edge-triggered cell FDRE clocked by clk_out1_clk_wiz_0  {rise@0.000ns fall@20.000ns period=40.000ns})
  Destination:            u_jtag_mac/u_post_chif_fifo/u_jtag_mac_fifo/U0/inst_fifo_gen/gconvfifo.rf/grf.rf/rstblk/ngwrdrst.grst.g7serrst.gsckt_wrst.gic_rst.xpm_cdc_single_inst_wrst_rd/syncstages_ff_reg[0]/D
                            (rising edge-triggered cell FDRE clocked by TCK  {rise@0.000ns fall@7.576ns period=15.152ns})
  Path Group:             (none)
  Path Type:              Setup (Max at Slow Process Corner)
  Data Path Delay:        1.479ns  (logic 0.518ns (35.024%)  route 0.961ns (64.976%))
  Logic Levels:           0  
  Clock Path Skew:        3.629ns (DCD - SCD + CPR)
    Destination Clock Delay (DCD):    2.987ns
    Source Clock Delay      (SCD):    -0.642ns
    Clock Pessimism Removal (CPR):    0.000ns
  Clock Uncertainty:      0.406ns  ((TSJ^2 + DJ^2)^1/2) / 2 + PE
    Total System Jitter     (TSJ):    0.071ns
    Discrete Jitter          (DJ):    0.313ns
    Phase Error              (PE):    0.246ns
  Timing Exception:       Asynchronous Clock Groups

    Location             Delay type                Incr(ns)  Path(ns)    Netlist Resource(s)
  -------------------------------------------------------------------    -------------------
                         (clock clk_out1_clk_wiz_0 rise edge)
                                                      0.000     0.000 r  
    L16                                               0.000     0.000 r  sysclk (IN)
                         net (fo=0)                   0.000     0.000    u_clk_wiz_0/inst/clk_in1
    L16                  IBUF (Prop_ibuf_I_O)         1.491     1.491 r  u_clk_wiz_0/inst/clkin1_ibufg/O
                         net (fo=1, routed)           1.285     2.776    u_clk_wiz_0/inst/clk_in1_clk_wiz_0
    MMCME2_ADV_X0Y1      MMCME2_ADV (Prop_mmcme2_adv_CLKIN1_CLKOUT0)
                                                     -6.996    -4.220 r  u_clk_wiz_0/inst/mmcm_adv_inst/CLKOUT0
                         net (fo=1, routed)           1.760    -2.460    u_clk_wiz_0/inst/clk_out1_clk_wiz_0
    BUFGCTRL_X0Y16       BUFG (Prop_bufg_I_O)         0.101    -2.359 r  u_clk_wiz_0/inst/clkout1_buf/O
                         net (fo=16020, routed)       1.717    -0.642    u_jtag_mac/u_post_chif_fifo/u_jtag_mac_fifo/U0/inst_fifo_gen/gconvfifo.rf/grf.rf/rstblk/wr_clk
    SLICE_X0Y32          FDRE                                         r  u_jtag_mac/u_post_chif_fifo/u_jtag_mac_fifo/U0/inst_fifo_gen/gconvfifo.rf/grf.rf/rstblk/ngwrdrst.grst.g7serrst.gsckt_wrst.gic_rst.sckt_wr_rst_ic_reg/C
  -------------------------------------------------------------------    -------------------
    SLICE_X0Y32          FDRE (Prop_fdre_C_Q)         0.518    -0.124 r  u_jtag_mac/u_post_chif_fifo/u_jtag_mac_fifo/U0/inst_fifo_gen/gconvfifo.rf/grf.rf/rstblk/ngwrdrst.grst.g7serrst.gsckt_wrst.gic_rst.sckt_wr_rst_ic_reg/Q
                         net (fo=54, routed)          0.961     0.837    u_jtag_mac/u_post_chif_fifo/u_jtag_mac_fifo/U0/inst_fifo_gen/gconvfifo.rf/grf.rf/rstblk/ngwrdrst.grst.g7serrst.gsckt_wrst.gic_rst.xpm_cdc_single_inst_wrst_rd/src_in
    SLICE_X0Y25          FDRE                                         r  u_jtag_mac/u_post_chif_fifo/u_jtag_mac_fifo/U0/inst_fifo_gen/gconvfifo.rf/grf.rf/rstblk/ngwrdrst.grst.g7serrst.gsckt_wrst.gic_rst.xpm_cdc_single_inst_wrst_rd/syncstages_ff_reg[0]/D
  -------------------------------------------------------------------    -------------------

                         (clock TCK rise edge)        0.000     0.000 r  
    BSCAN_X0Y0           BSCANE2                      0.000     0.000 r  u_BSCANE2/TCK
                         net (fo=1, routed)           1.366     1.366    TCK
    BUFGCTRL_X0Y0        BUFG (Prop_bufg_I_O)         0.091     1.457 r  TCK_BUFG_inst/O
                         net (fo=505, routed)         1.530     2.987    u_jtag_mac/u_post_chif_fifo/u_jtag_mac_fifo/U0/inst_fifo_gen/gconvfifo.rf/grf.rf/rstblk/ngwrdrst.grst.g7serrst.gsckt_wrst.gic_rst.xpm_cdc_single_inst_wrst_rd/dest_clk
    SLICE_X0Y25          FDRE                                         r  u_jtag_mac/u_post_chif_fifo/u_jtag_mac_fifo/U0/inst_fifo_gen/gconvfifo.rf/grf.rf/rstblk/ngwrdrst.grst.g7serrst.gsckt_wrst.gic_rst.xpm_cdc_single_inst_wrst_rd/syncstages_ff_reg[0]/C

Slack:                    inf
  Source:                 u_jtag_mac/u_simcycle_fifo/u_simcycle_fifo/U0/inst_fifo_gen/gconvfifo.rf/grf.rf/rstblk/ngwrdrst.grst.g7serrst.gsckt_wrst.gic_rst.sckt_rd_rst_ic_reg/C
                            (rising edge-triggered cell FDRE clocked by clk_out1_clk_wiz_0  {rise@0.000ns fall@20.000ns period=40.000ns})
  Destination:            u_jtag_mac/u_simcycle_fifo/u_simcycle_fifo/U0/inst_fifo_gen/gconvfifo.rf/grf.rf/rstblk/ngwrdrst.grst.g7serrst.gsckt_wrst.gic_rst.xpm_cdc_single_inst_rrst_wr/syncstages_ff_reg[0]/D
                            (rising edge-triggered cell FDRE clocked by TCK  {rise@0.000ns fall@7.576ns period=15.152ns})
  Path Group:             (none)
  Path Type:              Setup (Max at Slow Process Corner)
  Data Path Delay:        0.981ns  (logic 0.456ns (46.485%)  route 0.525ns (53.515%))
  Logic Levels:           0  
  Clock Path Skew:        3.636ns (DCD - SCD + CPR)
    Destination Clock Delay (DCD):    3.006ns
    Source Clock Delay      (SCD):    -0.630ns
    Clock Pessimism Removal (CPR):    0.000ns
  Clock Uncertainty:      0.406ns  ((TSJ^2 + DJ^2)^1/2) / 2 + PE
    Total System Jitter     (TSJ):    0.071ns
    Discrete Jitter          (DJ):    0.313ns
    Phase Error              (PE):    0.246ns
  Timing Exception:       Asynchronous Clock Groups

    Location             Delay type                Incr(ns)  Path(ns)    Netlist Resource(s)
  -------------------------------------------------------------------    -------------------
                         (clock clk_out1_clk_wiz_0 rise edge)
                                                      0.000     0.000 r  
    L16                                               0.000     0.000 r  sysclk (IN)
                         net (fo=0)                   0.000     0.000    u_clk_wiz_0/inst/clk_in1
    L16                  IBUF (Prop_ibuf_I_O)         1.491     1.491 r  u_clk_wiz_0/inst/clkin1_ibufg/O
                         net (fo=1, routed)           1.285     2.776    u_clk_wiz_0/inst/clk_in1_clk_wiz_0
    MMCME2_ADV_X0Y1      MMCME2_ADV (Prop_mmcme2_adv_CLKIN1_CLKOUT0)
                                                     -6.996    -4.220 r  u_clk_wiz_0/inst/mmcm_adv_inst/CLKOUT0
                         net (fo=1, routed)           1.760    -2.460    u_clk_wiz_0/inst/clk_out1_clk_wiz_0
    BUFGCTRL_X0Y16       BUFG (Prop_bufg_I_O)         0.101    -2.359 r  u_clk_wiz_0/inst/clkout1_buf/O
                         net (fo=16020, routed)       1.729    -0.630    u_jtag_mac/u_simcycle_fifo/u_simcycle_fifo/U0/inst_fifo_gen/gconvfifo.rf/grf.rf/rstblk/rd_clk
    SLICE_X3Y10          FDRE                                         r  u_jtag_mac/u_simcycle_fifo/u_simcycle_fifo/U0/inst_fifo_gen/gconvfifo.rf/grf.rf/rstblk/ngwrdrst.grst.g7serrst.gsckt_wrst.gic_rst.sckt_rd_rst_ic_reg/C
  -------------------------------------------------------------------    -------------------
    SLICE_X3Y10          FDRE (Prop_fdre_C_Q)         0.456    -0.174 r  u_jtag_mac/u_simcycle_fifo/u_simcycle_fifo/U0/inst_fifo_gen/gconvfifo.rf/grf.rf/rstblk/ngwrdrst.grst.g7serrst.gsckt_wrst.gic_rst.sckt_rd_rst_ic_reg/Q
                         net (fo=13, routed)          0.525     0.351    u_jtag_mac/u_simcycle_fifo/u_simcycle_fifo/U0/inst_fifo_gen/gconvfifo.rf/grf.rf/rstblk/ngwrdrst.grst.g7serrst.gsckt_wrst.gic_rst.xpm_cdc_single_inst_rrst_wr/src_in
    SLICE_X2Y10          FDRE                                         r  u_jtag_mac/u_simcycle_fifo/u_simcycle_fifo/U0/inst_fifo_gen/gconvfifo.rf/grf.rf/rstblk/ngwrdrst.grst.g7serrst.gsckt_wrst.gic_rst.xpm_cdc_single_inst_rrst_wr/syncstages_ff_reg[0]/D
  -------------------------------------------------------------------    -------------------

                         (clock TCK rise edge)        0.000     0.000 r  
    BSCAN_X0Y0           BSCANE2                      0.000     0.000 r  u_BSCANE2/TCK
                         net (fo=1, routed)           1.366     1.366    TCK
    BUFGCTRL_X0Y0        BUFG (Prop_bufg_I_O)         0.091     1.457 r  TCK_BUFG_inst/O
                         net (fo=505, routed)         1.549     3.006    u_jtag_mac/u_simcycle_fifo/u_simcycle_fifo/U0/inst_fifo_gen/gconvfifo.rf/grf.rf/rstblk/ngwrdrst.grst.g7serrst.gsckt_wrst.gic_rst.xpm_cdc_single_inst_rrst_wr/dest_clk
    SLICE_X2Y10          FDRE                                         r  u_jtag_mac/u_simcycle_fifo/u_simcycle_fifo/U0/inst_fifo_gen/gconvfifo.rf/grf.rf/rstblk/ngwrdrst.grst.g7serrst.gsckt_wrst.gic_rst.xpm_cdc_single_inst_rrst_wr/syncstages_ff_reg[0]/C

Slack:                    inf
  Source:                 u_jtag_mac/u_post_chif_fifo/u_jtag_mac_fifo/U0/inst_fifo_gen/gconvfifo.rf/grf.rf/gntv_or_sync_fifo.gl0.wr/gwas.wsts/gaf.ram_almost_full_i_reg/C
                            (rising edge-triggered cell FDSE clocked by clk_out1_clk_wiz_0  {rise@0.000ns fall@20.000ns period=40.000ns})
  Destination:            u_jtag_mac/act_rd_len_sft_reg[12]/D
                            (rising edge-triggered cell FDRE clocked by TCK  {rise@0.000ns fall@7.576ns period=15.152ns})
  Path Group:             (none)
  Path Type:              Setup (Max at Slow Process Corner)
  Data Path Delay:        2.149ns  (logic 0.608ns (28.294%)  route 1.541ns (71.706%))
  Logic Levels:           1  (LUT4=1)
  Clock Path Skew:        3.635ns (DCD - SCD + CPR)
    Destination Clock Delay (DCD):    2.993ns
    Source Clock Delay      (SCD):    -0.642ns
    Clock Pessimism Removal (CPR):    0.000ns
  Clock Uncertainty:      0.406ns  ((TSJ^2 + DJ^2)^1/2) / 2 + PE
    Total System Jitter     (TSJ):    0.071ns
    Discrete Jitter          (DJ):    0.313ns
    Phase Error              (PE):    0.246ns
  Timing Exception:       Asynchronous Clock Groups

    Location             Delay type                Incr(ns)  Path(ns)    Netlist Resource(s)
  -------------------------------------------------------------------    -------------------
                         (clock clk_out1_clk_wiz_0 rise edge)
                                                      0.000     0.000 r  
    L16                                               0.000     0.000 r  sysclk (IN)
                         net (fo=0)                   0.000     0.000    u_clk_wiz_0/inst/clk_in1
    L16                  IBUF (Prop_ibuf_I_O)         1.491     1.491 r  u_clk_wiz_0/inst/clkin1_ibufg/O
                         net (fo=1, routed)           1.285     2.776    u_clk_wiz_0/inst/clk_in1_clk_wiz_0
    MMCME2_ADV_X0Y1      MMCME2_ADV (Prop_mmcme2_adv_CLKIN1_CLKOUT0)
                                                     -6.996    -4.220 r  u_clk_wiz_0/inst/mmcm_adv_inst/CLKOUT0
                         net (fo=1, routed)           1.760    -2.460    u_clk_wiz_0/inst/clk_out1_clk_wiz_0
    BUFGCTRL_X0Y16       BUFG (Prop_bufg_I_O)         0.101    -2.359 r  u_clk_wiz_0/inst/clkout1_buf/O
                         net (fo=16020, routed)       1.717    -0.642    u_jtag_mac/u_post_chif_fifo/u_jtag_mac_fifo/U0/inst_fifo_gen/gconvfifo.rf/grf.rf/gntv_or_sync_fifo.gl0.wr/gwas.wsts/wr_clk
    SLICE_X1Y32          FDSE                                         r  u_jtag_mac/u_post_chif_fifo/u_jtag_mac_fifo/U0/inst_fifo_gen/gconvfifo.rf/grf.rf/gntv_or_sync_fifo.gl0.wr/gwas.wsts/gaf.ram_almost_full_i_reg/C
  -------------------------------------------------------------------    -------------------
    SLICE_X1Y32          FDSE (Prop_fdse_C_Q)         0.456    -0.186 r  u_jtag_mac/u_post_chif_fifo/u_jtag_mac_fifo/U0/inst_fifo_gen/gconvfifo.rf/grf.rf/gntv_or_sync_fifo.gl0.wr/gwas.wsts/gaf.ram_almost_full_i_reg/Q
                         net (fo=103, routed)         1.059     0.873    u_jtag_mac/u_post_chif_fifo/almost_full
    SLICE_X2Y24          LUT4 (Prop_lut4_I2_O)        0.152     1.025 r  u_jtag_mac/u_post_chif_fifo/act_rd_len_sft[12]_i_1/O
                         net (fo=1, routed)           0.482     1.507    u_jtag_mac/u_post_chif_fifo_n_9
    SLICE_X3Y23          FDRE                                         r  u_jtag_mac/act_rd_len_sft_reg[12]/D
  -------------------------------------------------------------------    -------------------

                         (clock TCK rise edge)        0.000     0.000 r  
    BSCAN_X0Y0           BSCANE2                      0.000     0.000 r  u_BSCANE2/TCK
                         net (fo=1, routed)           1.366     1.366    TCK
    BUFGCTRL_X0Y0        BUFG (Prop_bufg_I_O)         0.091     1.457 r  TCK_BUFG_inst/O
                         net (fo=505, routed)         1.536     2.993    u_jtag_mac/CLK
    SLICE_X3Y23          FDRE                                         r  u_jtag_mac/act_rd_len_sft_reg[12]/C

Slack:                    inf
  Source:                 u_jtag_mac/u_post_chif_fifo/u_jtag_mac_fifo/U0/inst_fifo_gen/gconvfifo.rf/grf.rf/gntv_or_sync_fifo.gl0.wr/gwas.wsts/gaf.ram_almost_full_i_reg/C
                            (rising edge-triggered cell FDSE clocked by clk_out1_clk_wiz_0  {rise@0.000ns fall@20.000ns period=40.000ns})
  Destination:            u_jtag_mac/act_rd_len_reg[12]/D
                            (rising edge-triggered cell FDRE clocked by TCK  {rise@0.000ns fall@7.576ns period=15.152ns})
  Path Group:             (none)
  Path Type:              Setup (Max at Slow Process Corner)
  Data Path Delay:        1.639ns  (logic 0.580ns (35.394%)  route 1.059ns (64.606%))
  Logic Levels:           1  (LUT3=1)
  Clock Path Skew:        3.633ns (DCD - SCD + CPR)
    Destination Clock Delay (DCD):    2.991ns
    Source Clock Delay      (SCD):    -0.642ns
    Clock Pessimism Removal (CPR):    0.000ns
  Clock Uncertainty:      0.406ns  ((TSJ^2 + DJ^2)^1/2) / 2 + PE
    Total System Jitter     (TSJ):    0.071ns
    Discrete Jitter          (DJ):    0.313ns
    Phase Error              (PE):    0.246ns
  Timing Exception:       Asynchronous Clock Groups

    Location             Delay type                Incr(ns)  Path(ns)    Netlist Resource(s)
  -------------------------------------------------------------------    -------------------
                         (clock clk_out1_clk_wiz_0 rise edge)
                                                      0.000     0.000 r  
    L16                                               0.000     0.000 r  sysclk (IN)
                         net (fo=0)                   0.000     0.000    u_clk_wiz_0/inst/clk_in1
    L16                  IBUF (Prop_ibuf_I_O)         1.491     1.491 r  u_clk_wiz_0/inst/clkin1_ibufg/O
                         net (fo=1, routed)           1.285     2.776    u_clk_wiz_0/inst/clk_in1_clk_wiz_0
    MMCME2_ADV_X0Y1      MMCME2_ADV (Prop_mmcme2_adv_CLKIN1_CLKOUT0)
                                                     -6.996    -4.220 r  u_clk_wiz_0/inst/mmcm_adv_inst/CLKOUT0
                         net (fo=1, routed)           1.760    -2.460    u_clk_wiz_0/inst/clk_out1_clk_wiz_0
    BUFGCTRL_X0Y16       BUFG (Prop_bufg_I_O)         0.101    -2.359 r  u_clk_wiz_0/inst/clkout1_buf/O
                         net (fo=16020, routed)       1.717    -0.642    u_jtag_mac/u_post_chif_fifo/u_jtag_mac_fifo/U0/inst_fifo_gen/gconvfifo.rf/grf.rf/gntv_or_sync_fifo.gl0.wr/gwas.wsts/wr_clk
    SLICE_X1Y32          FDSE                                         r  u_jtag_mac/u_post_chif_fifo/u_jtag_mac_fifo/U0/inst_fifo_gen/gconvfifo.rf/grf.rf/gntv_or_sync_fifo.gl0.wr/gwas.wsts/gaf.ram_almost_full_i_reg/C
  -------------------------------------------------------------------    -------------------
    SLICE_X1Y32          FDSE (Prop_fdse_C_Q)         0.456    -0.186 r  u_jtag_mac/u_post_chif_fifo/u_jtag_mac_fifo/U0/inst_fifo_gen/gconvfifo.rf/grf.rf/gntv_or_sync_fifo.gl0.wr/gwas.wsts/gaf.ram_almost_full_i_reg/Q
                         net (fo=103, routed)         1.059     0.873    u_jtag_mac/u_post_chif_fifo/almost_full
    SLICE_X2Y24          LUT3 (Prop_lut3_I0_O)        0.124     0.997 r  u_jtag_mac/u_post_chif_fifo/act_rd_len[12]_i_2/O
                         net (fo=1, routed)           0.000     0.997    u_jtag_mac/act_rd_len_sft[12]
    SLICE_X2Y24          FDRE                                         r  u_jtag_mac/act_rd_len_reg[12]/D
  -------------------------------------------------------------------    -------------------

                         (clock TCK rise edge)        0.000     0.000 r  
    BSCAN_X0Y0           BSCANE2                      0.000     0.000 r  u_BSCANE2/TCK
                         net (fo=1, routed)           1.366     1.366    TCK
    BUFGCTRL_X0Y0        BUFG (Prop_bufg_I_O)         0.091     1.457 r  TCK_BUFG_inst/O
                         net (fo=505, routed)         1.534     2.991    u_jtag_mac/CLK
    SLICE_X2Y24          FDRE                                         r  u_jtag_mac/act_rd_len_reg[12]/C

Slack:                    inf
  Source:                 u_jtag_mac/u_simcycle_fifo/u_simcycle_fifo/U0/inst_fifo_gen/gconvfifo.rf/grf.rf/gntv_or_sync_fifo.gcx.clkx/rd_pntr_cdc_inst/src_gray_ff_reg[1]/C
                            (rising edge-triggered cell FDRE clocked by clk_out1_clk_wiz_0  {rise@0.000ns fall@20.000ns period=40.000ns})
  Destination:            u_jtag_mac/u_simcycle_fifo/u_simcycle_fifo/U0/inst_fifo_gen/gconvfifo.rf/grf.rf/gntv_or_sync_fifo.gcx.clkx/rd_pntr_cdc_inst/dest_graysync_ff_reg[0][1]/D
                            (rising edge-triggered cell FDRE clocked by TCK  {rise@0.000ns fall@7.576ns period=15.152ns})
  Path Group:             (none)
  Path Type:              Setup (Max at Slow Process Corner)
  Data Path Delay:        1.482ns  (logic 0.478ns (32.243%)  route 1.004ns (67.757%))
  Logic Levels:           0  
  Clock Path Skew:        3.637ns (DCD - SCD + CPR)
    Destination Clock Delay (DCD):    3.006ns
    Source Clock Delay      (SCD):    -0.631ns
    Clock Pessimism Removal (CPR):    0.000ns
  Clock Uncertainty:      0.406ns  ((TSJ^2 + DJ^2)^1/2) / 2 + PE
    Total System Jitter     (TSJ):    0.071ns
    Discrete Jitter          (DJ):    0.313ns
    Phase Error              (PE):    0.246ns
  Timing Exception:       Asynchronous Clock Groups

    Location             Delay type                Incr(ns)  Path(ns)    Netlist Resource(s)
  -------------------------------------------------------------------    -------------------
                         (clock clk_out1_clk_wiz_0 rise edge)
                                                      0.000     0.000 r  
    L16                                               0.000     0.000 r  sysclk (IN)
                         net (fo=0)                   0.000     0.000    u_clk_wiz_0/inst/clk_in1
    L16                  IBUF (Prop_ibuf_I_O)         1.491     1.491 r  u_clk_wiz_0/inst/clkin1_ibufg/O
                         net (fo=1, routed)           1.285     2.776    u_clk_wiz_0/inst/clk_in1_clk_wiz_0
    MMCME2_ADV_X0Y1      MMCME2_ADV (Prop_mmcme2_adv_CLKIN1_CLKOUT0)
                                                     -6.996    -4.220 r  u_clk_wiz_0/inst/mmcm_adv_inst/CLKOUT0
                         net (fo=1, routed)           1.760    -2.460    u_clk_wiz_0/inst/clk_out1_clk_wiz_0
    BUFGCTRL_X0Y16       BUFG (Prop_bufg_I_O)         0.101    -2.359 r  u_clk_wiz_0/inst/clkout1_buf/O
                         net (fo=16020, routed)       1.728    -0.631    u_jtag_mac/u_simcycle_fifo/u_simcycle_fifo/U0/inst_fifo_gen/gconvfifo.rf/grf.rf/gntv_or_sync_fifo.gcx.clkx/rd_pntr_cdc_inst/src_clk
    SLICE_X4Y11          FDRE                                         r  u_jtag_mac/u_simcycle_fifo/u_simcycle_fifo/U0/inst_fifo_gen/gconvfifo.rf/grf.rf/gntv_or_sync_fifo.gcx.clkx/rd_pntr_cdc_inst/src_gray_ff_reg[1]/C
  -------------------------------------------------------------------    -------------------
    SLICE_X4Y11          FDRE (Prop_fdre_C_Q)         0.478    -0.153 r  u_jtag_mac/u_simcycle_fifo/u_simcycle_fifo/U0/inst_fifo_gen/gconvfifo.rf/grf.rf/gntv_or_sync_fifo.gcx.clkx/rd_pntr_cdc_inst/src_gray_ff_reg[1]/Q
                         net (fo=1, routed)           1.004     0.852    u_jtag_mac/u_simcycle_fifo/u_simcycle_fifo/U0/inst_fifo_gen/gconvfifo.rf/grf.rf/gntv_or_sync_fifo.gcx.clkx/rd_pntr_cdc_inst/async_path[1]
    SLICE_X5Y10          FDRE                                         r  u_jtag_mac/u_simcycle_fifo/u_simcycle_fifo/U0/inst_fifo_gen/gconvfifo.rf/grf.rf/gntv_or_sync_fifo.gcx.clkx/rd_pntr_cdc_inst/dest_graysync_ff_reg[0][1]/D
  -------------------------------------------------------------------    -------------------

                         (clock TCK rise edge)        0.000     0.000 r  
    BSCAN_X0Y0           BSCANE2                      0.000     0.000 r  u_BSCANE2/TCK
                         net (fo=1, routed)           1.366     1.366    TCK
    BUFGCTRL_X0Y0        BUFG (Prop_bufg_I_O)         0.091     1.457 r  TCK_BUFG_inst/O
                         net (fo=505, routed)         1.549     3.006    u_jtag_mac/u_simcycle_fifo/u_simcycle_fifo/U0/inst_fifo_gen/gconvfifo.rf/grf.rf/gntv_or_sync_fifo.gcx.clkx/rd_pntr_cdc_inst/dest_clk
    SLICE_X5Y10          FDRE                                         r  u_jtag_mac/u_simcycle_fifo/u_simcycle_fifo/U0/inst_fifo_gen/gconvfifo.rf/grf.rf/gntv_or_sync_fifo.gcx.clkx/rd_pntr_cdc_inst/dest_graysync_ff_reg[0][1]/C

Slack:                    inf
  Source:                 u_jtag_mac/u_pre_chif_fifo/u_jtag_mac_fifo/U0/inst_fifo_gen/gconvfifo.rf/grf.rf/gntv_or_sync_fifo.gcx.clkx/rd_pntr_cdc_inst/src_gray_ff_reg[8]/C
                            (rising edge-triggered cell FDRE clocked by clk_out1_clk_wiz_0  {rise@0.000ns fall@20.000ns period=40.000ns})
  Destination:            u_jtag_mac/u_pre_chif_fifo/u_jtag_mac_fifo/U0/inst_fifo_gen/gconvfifo.rf/grf.rf/gntv_or_sync_fifo.gcx.clkx/rd_pntr_cdc_inst/dest_graysync_ff_reg[0][8]/D
                            (rising edge-triggered cell FDRE clocked by TCK  {rise@0.000ns fall@7.576ns period=15.152ns})
  Path Group:             (none)
  Path Type:              Setup (Max at Slow Process Corner)
  Data Path Delay:        1.370ns  (logic 0.518ns (37.819%)  route 0.852ns (62.181%))
  Logic Levels:           0  
  Clock Path Skew:        3.641ns (DCD - SCD + CPR)
    Destination Clock Delay (DCD):    2.954ns
    Source Clock Delay      (SCD):    -0.687ns
    Clock Pessimism Removal (CPR):    0.000ns
  Clock Uncertainty:      0.406ns  ((TSJ^2 + DJ^2)^1/2) / 2 + PE
    Total System Jitter     (TSJ):    0.071ns
    Discrete Jitter          (DJ):    0.313ns
    Phase Error              (PE):    0.246ns
  Timing Exception:       Asynchronous Clock Groups

    Location             Delay type                Incr(ns)  Path(ns)    Netlist Resource(s)
  -------------------------------------------------------------------    -------------------
                         (clock clk_out1_clk_wiz_0 rise edge)
                                                      0.000     0.000 r  
    L16                                               0.000     0.000 r  sysclk (IN)
                         net (fo=0)                   0.000     0.000    u_clk_wiz_0/inst/clk_in1
    L16                  IBUF (Prop_ibuf_I_O)         1.491     1.491 r  u_clk_wiz_0/inst/clkin1_ibufg/O
                         net (fo=1, routed)           1.285     2.776    u_clk_wiz_0/inst/clk_in1_clk_wiz_0
    MMCME2_ADV_X0Y1      MMCME2_ADV (Prop_mmcme2_adv_CLKIN1_CLKOUT0)
                                                     -6.996    -4.220 r  u_clk_wiz_0/inst/mmcm_adv_inst/CLKOUT0
                         net (fo=1, routed)           1.760    -2.460    u_clk_wiz_0/inst/clk_out1_clk_wiz_0
    BUFGCTRL_X0Y16       BUFG (Prop_bufg_I_O)         0.101    -2.359 r  u_clk_wiz_0/inst/clkout1_buf/O
                         net (fo=16020, routed)       1.672    -0.687    u_jtag_mac/u_pre_chif_fifo/u_jtag_mac_fifo/U0/inst_fifo_gen/gconvfifo.rf/grf.rf/gntv_or_sync_fifo.gcx.clkx/rd_pntr_cdc_inst/src_clk
    SLICE_X12Y19         FDRE                                         r  u_jtag_mac/u_pre_chif_fifo/u_jtag_mac_fifo/U0/inst_fifo_gen/gconvfifo.rf/grf.rf/gntv_or_sync_fifo.gcx.clkx/rd_pntr_cdc_inst/src_gray_ff_reg[8]/C
  -------------------------------------------------------------------    -------------------
    SLICE_X12Y19         FDRE (Prop_fdre_C_Q)         0.518    -0.169 r  u_jtag_mac/u_pre_chif_fifo/u_jtag_mac_fifo/U0/inst_fifo_gen/gconvfifo.rf/grf.rf/gntv_or_sync_fifo.gcx.clkx/rd_pntr_cdc_inst/src_gray_ff_reg[8]/Q
                         net (fo=1, routed)           0.852     0.683    u_jtag_mac/u_pre_chif_fifo/u_jtag_mac_fifo/U0/inst_fifo_gen/gconvfifo.rf/grf.rf/gntv_or_sync_fifo.gcx.clkx/rd_pntr_cdc_inst/async_path[8]
    SLICE_X12Y18         FDRE                                         r  u_jtag_mac/u_pre_chif_fifo/u_jtag_mac_fifo/U0/inst_fifo_gen/gconvfifo.rf/grf.rf/gntv_or_sync_fifo.gcx.clkx/rd_pntr_cdc_inst/dest_graysync_ff_reg[0][8]/D
  -------------------------------------------------------------------    -------------------

                         (clock TCK rise edge)        0.000     0.000 r  
    BSCAN_X0Y0           BSCANE2                      0.000     0.000 r  u_BSCANE2/TCK
                         net (fo=1, routed)           1.366     1.366    TCK
    BUFGCTRL_X0Y0        BUFG (Prop_bufg_I_O)         0.091     1.457 r  TCK_BUFG_inst/O
                         net (fo=505, routed)         1.497     2.954    u_jtag_mac/u_pre_chif_fifo/u_jtag_mac_fifo/U0/inst_fifo_gen/gconvfifo.rf/grf.rf/gntv_or_sync_fifo.gcx.clkx/rd_pntr_cdc_inst/dest_clk
    SLICE_X12Y18         FDRE                                         r  u_jtag_mac/u_pre_chif_fifo/u_jtag_mac_fifo/U0/inst_fifo_gen/gconvfifo.rf/grf.rf/gntv_or_sync_fifo.gcx.clkx/rd_pntr_cdc_inst/dest_graysync_ff_reg[0][8]/C

Slack:                    inf
  Source:                 u_jtag_mac/u_pre_chif_fifo/u_jtag_mac_fifo/U0/inst_fifo_gen/gconvfifo.rf/grf.rf/gntv_or_sync_fifo.gcx.clkx/rd_pntr_cdc_inst/src_gray_ff_reg[0]/C
                            (rising edge-triggered cell FDRE clocked by clk_out1_clk_wiz_0  {rise@0.000ns fall@20.000ns period=40.000ns})
  Destination:            u_jtag_mac/u_pre_chif_fifo/u_jtag_mac_fifo/U0/inst_fifo_gen/gconvfifo.rf/grf.rf/gntv_or_sync_fifo.gcx.clkx/rd_pntr_cdc_inst/dest_graysync_ff_reg[0][0]/D
                            (rising edge-triggered cell FDRE clocked by TCK  {rise@0.000ns fall@7.576ns period=15.152ns})
  Path Group:             (none)
  Path Type:              Setup (Max at Slow Process Corner)
  Data Path Delay:        1.358ns  (logic 0.456ns (33.569%)  route 0.902ns (66.431%))
  Logic Levels:           0  
  Clock Path Skew:        3.637ns (DCD - SCD + CPR)
    Destination Clock Delay (DCD):    2.951ns
    Source Clock Delay      (SCD):    -0.686ns
    Clock Pessimism Removal (CPR):    0.000ns
  Clock Uncertainty:      0.406ns  ((TSJ^2 + DJ^2)^1/2) / 2 + PE
    Total System Jitter     (TSJ):    0.071ns
    Discrete Jitter          (DJ):    0.313ns
    Phase Error              (PE):    0.246ns
  Timing Exception:       Asynchronous Clock Groups

    Location             Delay type                Incr(ns)  Path(ns)    Netlist Resource(s)
  -------------------------------------------------------------------    -------------------
                         (clock clk_out1_clk_wiz_0 rise edge)
                                                      0.000     0.000 r  
    L16                                               0.000     0.000 r  sysclk (IN)
                         net (fo=0)                   0.000     0.000    u_clk_wiz_0/inst/clk_in1
    L16                  IBUF (Prop_ibuf_I_O)         1.491     1.491 r  u_clk_wiz_0/inst/clkin1_ibufg/O
                         net (fo=1, routed)           1.285     2.776    u_clk_wiz_0/inst/clk_in1_clk_wiz_0
    MMCME2_ADV_X0Y1      MMCME2_ADV (Prop_mmcme2_adv_CLKIN1_CLKOUT0)
                                                     -6.996    -4.220 r  u_clk_wiz_0/inst/mmcm_adv_inst/CLKOUT0
                         net (fo=1, routed)           1.760    -2.460    u_clk_wiz_0/inst/clk_out1_clk_wiz_0
    BUFGCTRL_X0Y16       BUFG (Prop_bufg_I_O)         0.101    -2.359 r  u_clk_wiz_0/inst/clkout1_buf/O
                         net (fo=16020, routed)       1.673    -0.686    u_jtag_mac/u_pre_chif_fifo/u_jtag_mac_fifo/U0/inst_fifo_gen/gconvfifo.rf/grf.rf/gntv_or_sync_fifo.gcx.clkx/rd_pntr_cdc_inst/src_clk
    SLICE_X7Y18          FDRE                                         r  u_jtag_mac/u_pre_chif_fifo/u_jtag_mac_fifo/U0/inst_fifo_gen/gconvfifo.rf/grf.rf/gntv_or_sync_fifo.gcx.clkx/rd_pntr_cdc_inst/src_gray_ff_reg[0]/C
  -------------------------------------------------------------------    -------------------
    SLICE_X7Y18          FDRE (Prop_fdre_C_Q)         0.456    -0.230 r  u_jtag_mac/u_pre_chif_fifo/u_jtag_mac_fifo/U0/inst_fifo_gen/gconvfifo.rf/grf.rf/gntv_or_sync_fifo.gcx.clkx/rd_pntr_cdc_inst/src_gray_ff_reg[0]/Q
                         net (fo=1, routed)           0.902     0.673    u_jtag_mac/u_pre_chif_fifo/u_jtag_mac_fifo/U0/inst_fifo_gen/gconvfifo.rf/grf.rf/gntv_or_sync_fifo.gcx.clkx/rd_pntr_cdc_inst/async_path[0]
    SLICE_X14Y16         FDRE                                         r  u_jtag_mac/u_pre_chif_fifo/u_jtag_mac_fifo/U0/inst_fifo_gen/gconvfifo.rf/grf.rf/gntv_or_sync_fifo.gcx.clkx/rd_pntr_cdc_inst/dest_graysync_ff_reg[0][0]/D
  -------------------------------------------------------------------    -------------------

                         (clock TCK rise edge)        0.000     0.000 r  
    BSCAN_X0Y0           BSCANE2                      0.000     0.000 r  u_BSCANE2/TCK
                         net (fo=1, routed)           1.366     1.366    TCK
    BUFGCTRL_X0Y0        BUFG (Prop_bufg_I_O)         0.091     1.457 r  TCK_BUFG_inst/O
                         net (fo=505, routed)         1.494     2.951    u_jtag_mac/u_pre_chif_fifo/u_jtag_mac_fifo/U0/inst_fifo_gen/gconvfifo.rf/grf.rf/gntv_or_sync_fifo.gcx.clkx/rd_pntr_cdc_inst/dest_clk
    SLICE_X14Y16         FDRE                                         r  u_jtag_mac/u_pre_chif_fifo/u_jtag_mac_fifo/U0/inst_fifo_gen/gconvfifo.rf/grf.rf/gntv_or_sync_fifo.gcx.clkx/rd_pntr_cdc_inst/dest_graysync_ff_reg[0][0]/C

Slack:                    inf
  Source:                 u_jtag_mac/u_post_chif_fifo/u_jtag_mac_fifo/U0/inst_fifo_gen/gconvfifo.rf/grf.rf/gntv_or_sync_fifo.gcx.clkx/wr_pntr_cdc_inst/src_gray_ff_reg[5]/C
                            (rising edge-triggered cell FDRE clocked by clk_out1_clk_wiz_0  {rise@0.000ns fall@20.000ns period=40.000ns})
  Destination:            u_jtag_mac/u_post_chif_fifo/u_jtag_mac_fifo/U0/inst_fifo_gen/gconvfifo.rf/grf.rf/gntv_or_sync_fifo.gcx.clkx/wr_pntr_cdc_inst/dest_graysync_ff_reg[0][5]/D
                            (rising edge-triggered cell FDRE clocked by TCK  {rise@0.000ns fall@7.576ns period=15.152ns})
  Path Group:             (none)
  Path Type:              Setup (Max at Slow Process Corner)
  Data Path Delay:        1.264ns  (logic 0.419ns (33.137%)  route 0.845ns (66.863%))
  Logic Levels:           0  
  Clock Path Skew:        3.638ns (DCD - SCD + CPR)
    Destination Clock Delay (DCD):    2.993ns
    Source Clock Delay      (SCD):    -0.645ns
    Clock Pessimism Removal (CPR):    0.000ns
  Clock Uncertainty:      0.406ns  ((TSJ^2 + DJ^2)^1/2) / 2 + PE
    Total System Jitter     (TSJ):    0.071ns
    Discrete Jitter          (DJ):    0.313ns
    Phase Error              (PE):    0.246ns
  Timing Exception:       Asynchronous Clock Groups

    Location             Delay type                Incr(ns)  Path(ns)    Netlist Resource(s)
  -------------------------------------------------------------------    -------------------
                         (clock clk_out1_clk_wiz_0 rise edge)
                                                      0.000     0.000 r  
    L16                                               0.000     0.000 r  sysclk (IN)
                         net (fo=0)                   0.000     0.000    u_clk_wiz_0/inst/clk_in1
    L16                  IBUF (Prop_ibuf_I_O)         1.491     1.491 r  u_clk_wiz_0/inst/clkin1_ibufg/O
                         net (fo=1, routed)           1.285     2.776    u_clk_wiz_0/inst/clk_in1_clk_wiz_0
    MMCME2_ADV_X0Y1      MMCME2_ADV (Prop_mmcme2_adv_CLKIN1_CLKOUT0)
                                                     -6.996    -4.220 r  u_clk_wiz_0/inst/mmcm_adv_inst/CLKOUT0
                         net (fo=1, routed)           1.760    -2.460    u_clk_wiz_0/inst/clk_out1_clk_wiz_0
    BUFGCTRL_X0Y16       BUFG (Prop_bufg_I_O)         0.101    -2.359 r  u_clk_wiz_0/inst/clkout1_buf/O
                         net (fo=16020, routed)       1.714    -0.645    u_jtag_mac/u_post_chif_fifo/u_jtag_mac_fifo/U0/inst_fifo_gen/gconvfifo.rf/grf.rf/gntv_or_sync_fifo.gcx.clkx/wr_pntr_cdc_inst/src_clk
    SLICE_X5Y27          FDRE                                         r  u_jtag_mac/u_post_chif_fifo/u_jtag_mac_fifo/U0/inst_fifo_gen/gconvfifo.rf/grf.rf/gntv_or_sync_fifo.gcx.clkx/wr_pntr_cdc_inst/src_gray_ff_reg[5]/C
  -------------------------------------------------------------------    -------------------
    SLICE_X5Y27          FDRE (Prop_fdre_C_Q)         0.419    -0.226 r  u_jtag_mac/u_post_chif_fifo/u_jtag_mac_fifo/U0/inst_fifo_gen/gconvfifo.rf/grf.rf/gntv_or_sync_fifo.gcx.clkx/wr_pntr_cdc_inst/src_gray_ff_reg[5]/Q
                         net (fo=1, routed)           0.845     0.620    u_jtag_mac/u_post_chif_fifo/u_jtag_mac_fifo/U0/inst_fifo_gen/gconvfifo.rf/grf.rf/gntv_or_sync_fifo.gcx.clkx/wr_pntr_cdc_inst/async_path[5]
    SLICE_X5Y26          FDRE                                         r  u_jtag_mac/u_post_chif_fifo/u_jtag_mac_fifo/U0/inst_fifo_gen/gconvfifo.rf/grf.rf/gntv_or_sync_fifo.gcx.clkx/wr_pntr_cdc_inst/dest_graysync_ff_reg[0][5]/D
  -------------------------------------------------------------------    -------------------

                         (clock TCK rise edge)        0.000     0.000 r  
    BSCAN_X0Y0           BSCANE2                      0.000     0.000 r  u_BSCANE2/TCK
                         net (fo=1, routed)           1.366     1.366    TCK
    BUFGCTRL_X0Y0        BUFG (Prop_bufg_I_O)         0.091     1.457 r  TCK_BUFG_inst/O
                         net (fo=505, routed)         1.536     2.993    u_jtag_mac/u_post_chif_fifo/u_jtag_mac_fifo/U0/inst_fifo_gen/gconvfifo.rf/grf.rf/gntv_or_sync_fifo.gcx.clkx/wr_pntr_cdc_inst/dest_clk
    SLICE_X5Y26          FDRE                                         r  u_jtag_mac/u_post_chif_fifo/u_jtag_mac_fifo/U0/inst_fifo_gen/gconvfifo.rf/grf.rf/gntv_or_sync_fifo.gcx.clkx/wr_pntr_cdc_inst/dest_graysync_ff_reg[0][5]/C

Slack:                    inf
  Source:                 u_jtag_mac/u_simcycle_fifo/u_simcycle_fifo/U0/inst_fifo_gen/gconvfifo.rf/grf.rf/gntv_or_sync_fifo.gcx.clkx/rd_pntr_cdc_inst/src_gray_ff_reg[0]/C
                            (rising edge-triggered cell FDRE clocked by clk_out1_clk_wiz_0  {rise@0.000ns fall@20.000ns period=40.000ns})
  Destination:            u_jtag_mac/u_simcycle_fifo/u_simcycle_fifo/U0/inst_fifo_gen/gconvfifo.rf/grf.rf/gntv_or_sync_fifo.gcx.clkx/rd_pntr_cdc_inst/dest_graysync_ff_reg[0][0]/D
                            (rising edge-triggered cell FDRE clocked by TCK  {rise@0.000ns fall@7.576ns period=15.152ns})
  Path Group:             (none)
  Path Type:              Setup (Max at Slow Process Corner)
  Data Path Delay:        1.174ns  (logic 0.518ns (44.119%)  route 0.656ns (55.881%))
  Logic Levels:           0  
  Clock Path Skew:        3.592ns (DCD - SCD + CPR)
    Destination Clock Delay (DCD):    2.961ns
    Source Clock Delay      (SCD):    -0.631ns
    Clock Pessimism Removal (CPR):    0.000ns
  Clock Uncertainty:      0.406ns  ((TSJ^2 + DJ^2)^1/2) / 2 + PE
    Total System Jitter     (TSJ):    0.071ns
    Discrete Jitter          (DJ):    0.313ns
    Phase Error              (PE):    0.246ns
  Timing Exception:       Asynchronous Clock Groups

    Location             Delay type                Incr(ns)  Path(ns)    Netlist Resource(s)
  -------------------------------------------------------------------    -------------------
                         (clock clk_out1_clk_wiz_0 rise edge)
                                                      0.000     0.000 r  
    L16                                               0.000     0.000 r  sysclk (IN)
                         net (fo=0)                   0.000     0.000    u_clk_wiz_0/inst/clk_in1
    L16                  IBUF (Prop_ibuf_I_O)         1.491     1.491 r  u_clk_wiz_0/inst/clkin1_ibufg/O
                         net (fo=1, routed)           1.285     2.776    u_clk_wiz_0/inst/clk_in1_clk_wiz_0
    MMCME2_ADV_X0Y1      MMCME2_ADV (Prop_mmcme2_adv_CLKIN1_CLKOUT0)
                                                     -6.996    -4.220 r  u_clk_wiz_0/inst/mmcm_adv_inst/CLKOUT0
                         net (fo=1, routed)           1.760    -2.460    u_clk_wiz_0/inst/clk_out1_clk_wiz_0
    BUFGCTRL_X0Y16       BUFG (Prop_bufg_I_O)         0.101    -2.359 r  u_clk_wiz_0/inst/clkout1_buf/O
                         net (fo=16020, routed)       1.728    -0.631    u_jtag_mac/u_simcycle_fifo/u_simcycle_fifo/U0/inst_fifo_gen/gconvfifo.rf/grf.rf/gntv_or_sync_fifo.gcx.clkx/rd_pntr_cdc_inst/src_clk
    SLICE_X4Y11          FDRE                                         r  u_jtag_mac/u_simcycle_fifo/u_simcycle_fifo/U0/inst_fifo_gen/gconvfifo.rf/grf.rf/gntv_or_sync_fifo.gcx.clkx/rd_pntr_cdc_inst/src_gray_ff_reg[0]/C
  -------------------------------------------------------------------    -------------------
    SLICE_X4Y11          FDRE (Prop_fdre_C_Q)         0.518    -0.113 r  u_jtag_mac/u_simcycle_fifo/u_simcycle_fifo/U0/inst_fifo_gen/gconvfifo.rf/grf.rf/gntv_or_sync_fifo.gcx.clkx/rd_pntr_cdc_inst/src_gray_ff_reg[0]/Q
                         net (fo=1, routed)           0.656     0.543    u_jtag_mac/u_simcycle_fifo/u_simcycle_fifo/U0/inst_fifo_gen/gconvfifo.rf/grf.rf/gntv_or_sync_fifo.gcx.clkx/rd_pntr_cdc_inst/async_path[0]
    SLICE_X7Y9           FDRE                                         r  u_jtag_mac/u_simcycle_fifo/u_simcycle_fifo/U0/inst_fifo_gen/gconvfifo.rf/grf.rf/gntv_or_sync_fifo.gcx.clkx/rd_pntr_cdc_inst/dest_graysync_ff_reg[0][0]/D
  -------------------------------------------------------------------    -------------------

                         (clock TCK rise edge)        0.000     0.000 r  
    BSCAN_X0Y0           BSCANE2                      0.000     0.000 r  u_BSCANE2/TCK
                         net (fo=1, routed)           1.366     1.366    TCK
    BUFGCTRL_X0Y0        BUFG (Prop_bufg_I_O)         0.091     1.457 r  TCK_BUFG_inst/O
                         net (fo=505, routed)         1.504     2.961    u_jtag_mac/u_simcycle_fifo/u_simcycle_fifo/U0/inst_fifo_gen/gconvfifo.rf/grf.rf/gntv_or_sync_fifo.gcx.clkx/rd_pntr_cdc_inst/dest_clk
    SLICE_X7Y9           FDRE                                         r  u_jtag_mac/u_simcycle_fifo/u_simcycle_fifo/U0/inst_fifo_gen/gconvfifo.rf/grf.rf/gntv_or_sync_fifo.gcx.clkx/rd_pntr_cdc_inst/dest_graysync_ff_reg[0][0]/C





Min Delay Paths
--------------------------------------------------------------------------------------
Slack:                    inf
  Source:                 u_jtag_mac/u_post_chif_fifo/u_jtag_mac_fifo/U0/inst_fifo_gen/gconvfifo.rf/grf.rf/gntv_or_sync_fifo.gcx.clkx/wr_pntr_cdc_inst/src_gray_ff_reg[3]/C
                            (rising edge-triggered cell FDRE clocked by clk_out1_clk_wiz_0  {rise@0.000ns fall@20.000ns period=40.000ns})
  Destination:            u_jtag_mac/u_post_chif_fifo/u_jtag_mac_fifo/U0/inst_fifo_gen/gconvfifo.rf/grf.rf/gntv_or_sync_fifo.gcx.clkx/wr_pntr_cdc_inst/dest_graysync_ff_reg[0][3]/D
                            (rising edge-triggered cell FDRE clocked by TCK  {rise@0.000ns fall@7.576ns period=15.152ns})
  Path Group:             (none)
  Path Type:              Hold (Min at Slow Process Corner)
  Data Path Delay:        0.706ns  (logic 0.337ns (47.738%)  route 0.369ns (52.262%))
  Logic Levels:           0  
  Clock Path Skew:        4.704ns (DCD - SCD - CPR)
    Destination Clock Delay (DCD):    3.412ns
    Source Clock Delay      (SCD):    -1.292ns
    Clock Pessimism Removal (CPR):    -0.000ns
  Clock Uncertainty:      0.406ns  ((TSJ^2 + DJ^2)^1/2) / 2 + PE
    Total System Jitter     (TSJ):    0.071ns
    Discrete Jitter          (DJ):    0.313ns
    Phase Error              (PE):    0.246ns
  Timing Exception:       Asynchronous Clock Groups

    Location             Delay type                Incr(ns)  Path(ns)    Netlist Resource(s)
  -------------------------------------------------------------------    -------------------
                         (clock clk_out1_clk_wiz_0 rise edge)
                                                      0.000     0.000 r  
    L16                                               0.000     0.000 r  sysclk (IN)
                         net (fo=0)                   0.000     0.000    u_clk_wiz_0/inst/clk_in1
    L16                  IBUF (Prop_ibuf_I_O)         1.421     1.421 r  u_clk_wiz_0/inst/clkin1_ibufg/O
                         net (fo=1, routed)           1.162     2.583    u_clk_wiz_0/inst/clk_in1_clk_wiz_0
    MMCME2_ADV_X0Y1      MMCME2_ADV (Prop_mmcme2_adv_CLKIN1_CLKOUT0)
                                                     -7.105    -4.522 r  u_clk_wiz_0/inst/mmcm_adv_inst/CLKOUT0
                         net (fo=1, routed)           1.599    -2.923    u_clk_wiz_0/inst/clk_out1_clk_wiz_0
    BUFGCTRL_X0Y16       BUFG (Prop_bufg_I_O)         0.091    -2.832 r  u_clk_wiz_0/inst/clkout1_buf/O
                         net (fo=16020, routed)       1.540    -1.292    u_jtag_mac/u_post_chif_fifo/u_jtag_mac_fifo/U0/inst_fifo_gen/gconvfifo.rf/grf.rf/gntv_or_sync_fifo.gcx.clkx/wr_pntr_cdc_inst/src_clk
    SLICE_X5Y27          FDRE                                         r  u_jtag_mac/u_post_chif_fifo/u_jtag_mac_fifo/U0/inst_fifo_gen/gconvfifo.rf/grf.rf/gntv_or_sync_fifo.gcx.clkx/wr_pntr_cdc_inst/src_gray_ff_reg[3]/C
  -------------------------------------------------------------------    -------------------
    SLICE_X5Y27          FDRE (Prop_fdre_C_Q)         0.337    -0.955 r  u_jtag_mac/u_post_chif_fifo/u_jtag_mac_fifo/U0/inst_fifo_gen/gconvfifo.rf/grf.rf/gntv_or_sync_fifo.gcx.clkx/wr_pntr_cdc_inst/src_gray_ff_reg[3]/Q
                         net (fo=1, routed)           0.369    -0.586    u_jtag_mac/u_post_chif_fifo/u_jtag_mac_fifo/U0/inst_fifo_gen/gconvfifo.rf/grf.rf/gntv_or_sync_fifo.gcx.clkx/wr_pntr_cdc_inst/async_path[3]
    SLICE_X5Y26          FDRE                                         r  u_jtag_mac/u_post_chif_fifo/u_jtag_mac_fifo/U0/inst_fifo_gen/gconvfifo.rf/grf.rf/gntv_or_sync_fifo.gcx.clkx/wr_pntr_cdc_inst/dest_graysync_ff_reg[0][3]/D
  -------------------------------------------------------------------    -------------------

                         (clock TCK rise edge)        0.000     0.000 r  
    BSCAN_X0Y0           BSCANE2                      0.000     0.000 r  u_BSCANE2/TCK
                         net (fo=1, routed)           1.601     1.601    TCK
    BUFGCTRL_X0Y0        BUFG (Prop_bufg_I_O)         0.101     1.702 r  TCK_BUFG_inst/O
                         net (fo=505, routed)         1.710     3.412    u_jtag_mac/u_post_chif_fifo/u_jtag_mac_fifo/U0/inst_fifo_gen/gconvfifo.rf/grf.rf/gntv_or_sync_fifo.gcx.clkx/wr_pntr_cdc_inst/dest_clk
    SLICE_X5Y26          FDRE                                         r  u_jtag_mac/u_post_chif_fifo/u_jtag_mac_fifo/U0/inst_fifo_gen/gconvfifo.rf/grf.rf/gntv_or_sync_fifo.gcx.clkx/wr_pntr_cdc_inst/dest_graysync_ff_reg[0][3]/C

Slack:                    inf
  Source:                 u_jtag_mac/u_pre_chif_fifo/u_jtag_mac_fifo/U0/inst_fifo_gen/gconvfifo.rf/grf.rf/gntv_or_sync_fifo.gcx.clkx/rd_pntr_cdc_inst/src_gray_ff_reg[9]/C
                            (rising edge-triggered cell FDRE clocked by clk_out1_clk_wiz_0  {rise@0.000ns fall@20.000ns period=40.000ns})
  Destination:            u_jtag_mac/u_pre_chif_fifo/u_jtag_mac_fifo/U0/inst_fifo_gen/gconvfifo.rf/grf.rf/gntv_or_sync_fifo.gcx.clkx/rd_pntr_cdc_inst/dest_graysync_ff_reg[0][9]/D
                            (rising edge-triggered cell FDRE clocked by TCK  {rise@0.000ns fall@7.576ns period=15.152ns})
  Path Group:             (none)
  Path Type:              Hold (Min at Slow Process Corner)
  Data Path Delay:        0.761ns  (logic 0.385ns (50.592%)  route 0.376ns (49.408%))
  Logic Levels:           0  
  Clock Path Skew:        4.705ns (DCD - SCD - CPR)
    Destination Clock Delay (DCD):    3.372ns
    Source Clock Delay      (SCD):    -1.333ns
    Clock Pessimism Removal (CPR):    -0.000ns
  Clock Uncertainty:      0.406ns  ((TSJ^2 + DJ^2)^1/2) / 2 + PE
    Total System Jitter     (TSJ):    0.071ns
    Discrete Jitter          (DJ):    0.313ns
    Phase Error              (PE):    0.246ns
  Timing Exception:       Asynchronous Clock Groups

    Location             Delay type                Incr(ns)  Path(ns)    Netlist Resource(s)
  -------------------------------------------------------------------    -------------------
                         (clock clk_out1_clk_wiz_0 rise edge)
                                                      0.000     0.000 r  
    L16                                               0.000     0.000 r  sysclk (IN)
                         net (fo=0)                   0.000     0.000    u_clk_wiz_0/inst/clk_in1
    L16                  IBUF (Prop_ibuf_I_O)         1.421     1.421 r  u_clk_wiz_0/inst/clkin1_ibufg/O
                         net (fo=1, routed)           1.162     2.583    u_clk_wiz_0/inst/clk_in1_clk_wiz_0
    MMCME2_ADV_X0Y1      MMCME2_ADV (Prop_mmcme2_adv_CLKIN1_CLKOUT0)
                                                     -7.105    -4.522 r  u_clk_wiz_0/inst/mmcm_adv_inst/CLKOUT0
                         net (fo=1, routed)           1.599    -2.923    u_clk_wiz_0/inst/clk_out1_clk_wiz_0
    BUFGCTRL_X0Y16       BUFG (Prop_bufg_I_O)         0.091    -2.832 r  u_clk_wiz_0/inst/clkout1_buf/O
                         net (fo=16020, routed)       1.499    -1.333    u_jtag_mac/u_pre_chif_fifo/u_jtag_mac_fifo/U0/inst_fifo_gen/gconvfifo.rf/grf.rf/gntv_or_sync_fifo.gcx.clkx/rd_pntr_cdc_inst/src_clk
    SLICE_X12Y19         FDRE                                         r  u_jtag_mac/u_pre_chif_fifo/u_jtag_mac_fifo/U0/inst_fifo_gen/gconvfifo.rf/grf.rf/gntv_or_sync_fifo.gcx.clkx/rd_pntr_cdc_inst/src_gray_ff_reg[9]/C
  -------------------------------------------------------------------    -------------------
    SLICE_X12Y19         FDRE (Prop_fdre_C_Q)         0.385    -0.948 r  u_jtag_mac/u_pre_chif_fifo/u_jtag_mac_fifo/U0/inst_fifo_gen/gconvfifo.rf/grf.rf/gntv_or_sync_fifo.gcx.clkx/rd_pntr_cdc_inst/src_gray_ff_reg[9]/Q
                         net (fo=1, routed)           0.376    -0.572    u_jtag_mac/u_pre_chif_fifo/u_jtag_mac_fifo/U0/inst_fifo_gen/gconvfifo.rf/grf.rf/gntv_or_sync_fifo.gcx.clkx/rd_pntr_cdc_inst/async_path[9]
    SLICE_X12Y18         FDRE                                         r  u_jtag_mac/u_pre_chif_fifo/u_jtag_mac_fifo/U0/inst_fifo_gen/gconvfifo.rf/grf.rf/gntv_or_sync_fifo.gcx.clkx/rd_pntr_cdc_inst/dest_graysync_ff_reg[0][9]/D
  -------------------------------------------------------------------    -------------------

                         (clock TCK rise edge)        0.000     0.000 r  
    BSCAN_X0Y0           BSCANE2                      0.000     0.000 r  u_BSCANE2/TCK
                         net (fo=1, routed)           1.601     1.601    TCK
    BUFGCTRL_X0Y0        BUFG (Prop_bufg_I_O)         0.101     1.702 r  TCK_BUFG_inst/O
                         net (fo=505, routed)         1.670     3.372    u_jtag_mac/u_pre_chif_fifo/u_jtag_mac_fifo/U0/inst_fifo_gen/gconvfifo.rf/grf.rf/gntv_or_sync_fifo.gcx.clkx/rd_pntr_cdc_inst/dest_clk
    SLICE_X12Y18         FDRE                                         r  u_jtag_mac/u_pre_chif_fifo/u_jtag_mac_fifo/U0/inst_fifo_gen/gconvfifo.rf/grf.rf/gntv_or_sync_fifo.gcx.clkx/rd_pntr_cdc_inst/dest_graysync_ff_reg[0][9]/C

Slack:                    inf
  Source:                 u_jtag_mac/u_pre_chif_fifo/u_jtag_mac_fifo/U0/inst_fifo_gen/gconvfifo.rf/grf.rf/gntv_or_sync_fifo.gcx.clkx/rd_pntr_cdc_inst/src_gray_ff_reg[5]/C
                            (rising edge-triggered cell FDRE clocked by clk_out1_clk_wiz_0  {rise@0.000ns fall@20.000ns period=40.000ns})
  Destination:            u_jtag_mac/u_pre_chif_fifo/u_jtag_mac_fifo/U0/inst_fifo_gen/gconvfifo.rf/grf.rf/gntv_or_sync_fifo.gcx.clkx/rd_pntr_cdc_inst/dest_graysync_ff_reg[0][5]/D
                            (rising edge-triggered cell FDRE clocked by TCK  {rise@0.000ns fall@7.576ns period=15.152ns})
  Path Group:             (none)
  Path Type:              Hold (Min at Slow Process Corner)
  Data Path Delay:        0.763ns  (logic 0.385ns (50.455%)  route 0.378ns (49.545%))
  Logic Levels:           0  
  Clock Path Skew:        4.705ns (DCD - SCD - CPR)
    Destination Clock Delay (DCD):    3.372ns
    Source Clock Delay      (SCD):    -1.333ns
    Clock Pessimism Removal (CPR):    -0.000ns
  Clock Uncertainty:      0.406ns  ((TSJ^2 + DJ^2)^1/2) / 2 + PE
    Total System Jitter     (TSJ):    0.071ns
    Discrete Jitter          (DJ):    0.313ns
    Phase Error              (PE):    0.246ns
  Timing Exception:       Asynchronous Clock Groups

    Location             Delay type                Incr(ns)  Path(ns)    Netlist Resource(s)
  -------------------------------------------------------------------    -------------------
                         (clock clk_out1_clk_wiz_0 rise edge)
                                                      0.000     0.000 r  
    L16                                               0.000     0.000 r  sysclk (IN)
                         net (fo=0)                   0.000     0.000    u_clk_wiz_0/inst/clk_in1
    L16                  IBUF (Prop_ibuf_I_O)         1.421     1.421 r  u_clk_wiz_0/inst/clkin1_ibufg/O
                         net (fo=1, routed)           1.162     2.583    u_clk_wiz_0/inst/clk_in1_clk_wiz_0
    MMCME2_ADV_X0Y1      MMCME2_ADV (Prop_mmcme2_adv_CLKIN1_CLKOUT0)
                                                     -7.105    -4.522 r  u_clk_wiz_0/inst/mmcm_adv_inst/CLKOUT0
                         net (fo=1, routed)           1.599    -2.923    u_clk_wiz_0/inst/clk_out1_clk_wiz_0
    BUFGCTRL_X0Y16       BUFG (Prop_bufg_I_O)         0.091    -2.832 r  u_clk_wiz_0/inst/clkout1_buf/O
                         net (fo=16020, routed)       1.499    -1.333    u_jtag_mac/u_pre_chif_fifo/u_jtag_mac_fifo/U0/inst_fifo_gen/gconvfifo.rf/grf.rf/gntv_or_sync_fifo.gcx.clkx/rd_pntr_cdc_inst/src_clk
    SLICE_X12Y19         FDRE                                         r  u_jtag_mac/u_pre_chif_fifo/u_jtag_mac_fifo/U0/inst_fifo_gen/gconvfifo.rf/grf.rf/gntv_or_sync_fifo.gcx.clkx/rd_pntr_cdc_inst/src_gray_ff_reg[5]/C
  -------------------------------------------------------------------    -------------------
    SLICE_X12Y19         FDRE (Prop_fdre_C_Q)         0.385    -0.948 r  u_jtag_mac/u_pre_chif_fifo/u_jtag_mac_fifo/U0/inst_fifo_gen/gconvfifo.rf/grf.rf/gntv_or_sync_fifo.gcx.clkx/rd_pntr_cdc_inst/src_gray_ff_reg[5]/Q
                         net (fo=1, routed)           0.378    -0.570    u_jtag_mac/u_pre_chif_fifo/u_jtag_mac_fifo/U0/inst_fifo_gen/gconvfifo.rf/grf.rf/gntv_or_sync_fifo.gcx.clkx/rd_pntr_cdc_inst/async_path[5]
    SLICE_X12Y18         FDRE                                         r  u_jtag_mac/u_pre_chif_fifo/u_jtag_mac_fifo/U0/inst_fifo_gen/gconvfifo.rf/grf.rf/gntv_or_sync_fifo.gcx.clkx/rd_pntr_cdc_inst/dest_graysync_ff_reg[0][5]/D
  -------------------------------------------------------------------    -------------------

                         (clock TCK rise edge)        0.000     0.000 r  
    BSCAN_X0Y0           BSCANE2                      0.000     0.000 r  u_BSCANE2/TCK
                         net (fo=1, routed)           1.601     1.601    TCK
    BUFGCTRL_X0Y0        BUFG (Prop_bufg_I_O)         0.101     1.702 r  TCK_BUFG_inst/O
                         net (fo=505, routed)         1.670     3.372    u_jtag_mac/u_pre_chif_fifo/u_jtag_mac_fifo/U0/inst_fifo_gen/gconvfifo.rf/grf.rf/gntv_or_sync_fifo.gcx.clkx/rd_pntr_cdc_inst/dest_clk
    SLICE_X12Y18         FDRE                                         r  u_jtag_mac/u_pre_chif_fifo/u_jtag_mac_fifo/U0/inst_fifo_gen/gconvfifo.rf/grf.rf/gntv_or_sync_fifo.gcx.clkx/rd_pntr_cdc_inst/dest_graysync_ff_reg[0][5]/C

Slack:                    inf
  Source:                 u_jtag_mac/u_pre_chif_fifo/u_jtag_mac_fifo/U0/inst_fifo_gen/gconvfifo.rf/grf.rf/gntv_or_sync_fifo.gcx.clkx/rd_pntr_cdc_inst/src_gray_ff_reg[1]/C
                            (rising edge-triggered cell FDRE clocked by clk_out1_clk_wiz_0  {rise@0.000ns fall@20.000ns period=40.000ns})
  Destination:            u_jtag_mac/u_pre_chif_fifo/u_jtag_mac_fifo/U0/inst_fifo_gen/gconvfifo.rf/grf.rf/gntv_or_sync_fifo.gcx.clkx/rd_pntr_cdc_inst/dest_graysync_ff_reg[0][1]/D
                            (rising edge-triggered cell FDRE clocked by TCK  {rise@0.000ns fall@7.576ns period=15.152ns})
  Path Group:             (none)
  Path Type:              Hold (Min at Slow Process Corner)
  Data Path Delay:        0.764ns  (logic 0.337ns (44.138%)  route 0.427ns (55.862%))
  Logic Levels:           0  
  Clock Path Skew:        4.707ns (DCD - SCD - CPR)
    Destination Clock Delay (DCD):    3.374ns
    Source Clock Delay      (SCD):    -1.333ns
    Clock Pessimism Removal (CPR):    -0.000ns
  Clock Uncertainty:      0.406ns  ((TSJ^2 + DJ^2)^1/2) / 2 + PE
    Total System Jitter     (TSJ):    0.071ns
    Discrete Jitter          (DJ):    0.313ns
    Phase Error              (PE):    0.246ns
  Timing Exception:       Asynchronous Clock Groups

    Location             Delay type                Incr(ns)  Path(ns)    Netlist Resource(s)
  -------------------------------------------------------------------    -------------------
                         (clock clk_out1_clk_wiz_0 rise edge)
                                                      0.000     0.000 r  
    L16                                               0.000     0.000 r  sysclk (IN)
                         net (fo=0)                   0.000     0.000    u_clk_wiz_0/inst/clk_in1
    L16                  IBUF (Prop_ibuf_I_O)         1.421     1.421 r  u_clk_wiz_0/inst/clkin1_ibufg/O
                         net (fo=1, routed)           1.162     2.583    u_clk_wiz_0/inst/clk_in1_clk_wiz_0
    MMCME2_ADV_X0Y1      MMCME2_ADV (Prop_mmcme2_adv_CLKIN1_CLKOUT0)
                                                     -7.105    -4.522 r  u_clk_wiz_0/inst/mmcm_adv_inst/CLKOUT0
                         net (fo=1, routed)           1.599    -2.923    u_clk_wiz_0/inst/clk_out1_clk_wiz_0
    BUFGCTRL_X0Y16       BUFG (Prop_bufg_I_O)         0.091    -2.832 r  u_clk_wiz_0/inst/clkout1_buf/O
                         net (fo=16020, routed)       1.499    -1.333    u_jtag_mac/u_pre_chif_fifo/u_jtag_mac_fifo/U0/inst_fifo_gen/gconvfifo.rf/grf.rf/gntv_or_sync_fifo.gcx.clkx/rd_pntr_cdc_inst/src_clk
    SLICE_X7Y18          FDRE                                         r  u_jtag_mac/u_pre_chif_fifo/u_jtag_mac_fifo/U0/inst_fifo_gen/gconvfifo.rf/grf.rf/gntv_or_sync_fifo.gcx.clkx/rd_pntr_cdc_inst/src_gray_ff_reg[1]/C
  -------------------------------------------------------------------    -------------------
    SLICE_X7Y18          FDRE (Prop_fdre_C_Q)         0.337    -0.996 r  u_jtag_mac/u_pre_chif_fifo/u_jtag_mac_fifo/U0/inst_fifo_gen/gconvfifo.rf/grf.rf/gntv_or_sync_fifo.gcx.clkx/rd_pntr_cdc_inst/src_gray_ff_reg[1]/Q
                         net (fo=1, routed)           0.427    -0.569    u_jtag_mac/u_pre_chif_fifo/u_jtag_mac_fifo/U0/inst_fifo_gen/gconvfifo.rf/grf.rf/gntv_or_sync_fifo.gcx.clkx/rd_pntr_cdc_inst/async_path[1]
    SLICE_X12Y17         FDRE                                         r  u_jtag_mac/u_pre_chif_fifo/u_jtag_mac_fifo/U0/inst_fifo_gen/gconvfifo.rf/grf.rf/gntv_or_sync_fifo.gcx.clkx/rd_pntr_cdc_inst/dest_graysync_ff_reg[0][1]/D
  -------------------------------------------------------------------    -------------------

                         (clock TCK rise edge)        0.000     0.000 r  
    BSCAN_X0Y0           BSCANE2                      0.000     0.000 r  u_BSCANE2/TCK
                         net (fo=1, routed)           1.601     1.601    TCK
    BUFGCTRL_X0Y0        BUFG (Prop_bufg_I_O)         0.101     1.702 r  TCK_BUFG_inst/O
                         net (fo=505, routed)         1.672     3.374    u_jtag_mac/u_pre_chif_fifo/u_jtag_mac_fifo/U0/inst_fifo_gen/gconvfifo.rf/grf.rf/gntv_or_sync_fifo.gcx.clkx/rd_pntr_cdc_inst/dest_clk
    SLICE_X12Y17         FDRE                                         r  u_jtag_mac/u_pre_chif_fifo/u_jtag_mac_fifo/U0/inst_fifo_gen/gconvfifo.rf/grf.rf/gntv_or_sync_fifo.gcx.clkx/rd_pntr_cdc_inst/dest_graysync_ff_reg[0][1]/C

Slack:                    inf
  Source:                 u_jtag_mac/u_post_chif_fifo/u_jtag_mac_fifo/U0/inst_fifo_gen/gconvfifo.rf/grf.rf/gntv_or_sync_fifo.gcx.clkx/wr_pntr_cdc_inst/src_gray_ff_reg[4]/C
                            (rising edge-triggered cell FDRE clocked by clk_out1_clk_wiz_0  {rise@0.000ns fall@20.000ns period=40.000ns})
  Destination:            u_jtag_mac/u_post_chif_fifo/u_jtag_mac_fifo/U0/inst_fifo_gen/gconvfifo.rf/grf.rf/gntv_or_sync_fifo.gcx.clkx/wr_pntr_cdc_inst/dest_graysync_ff_reg[0][4]/D
                            (rising edge-triggered cell FDRE clocked by TCK  {rise@0.000ns fall@7.576ns period=15.152ns})
  Path Group:             (none)
  Path Type:              Hold (Min at Slow Process Corner)
  Data Path Delay:        0.734ns  (logic 0.367ns (49.971%)  route 0.367ns (50.029%))
  Logic Levels:           0  
  Clock Path Skew:        4.704ns (DCD - SCD - CPR)
    Destination Clock Delay (DCD):    3.412ns
    Source Clock Delay      (SCD):    -1.292ns
    Clock Pessimism Removal (CPR):    -0.000ns
  Clock Uncertainty:      0.406ns  ((TSJ^2 + DJ^2)^1/2) / 2 + PE
    Total System Jitter     (TSJ):    0.071ns
    Discrete Jitter          (DJ):    0.313ns
    Phase Error              (PE):    0.246ns
  Timing Exception:       Asynchronous Clock Groups

    Location             Delay type                Incr(ns)  Path(ns)    Netlist Resource(s)
  -------------------------------------------------------------------    -------------------
                         (clock clk_out1_clk_wiz_0 rise edge)
                                                      0.000     0.000 r  
    L16                                               0.000     0.000 r  sysclk (IN)
                         net (fo=0)                   0.000     0.000    u_clk_wiz_0/inst/clk_in1
    L16                  IBUF (Prop_ibuf_I_O)         1.421     1.421 r  u_clk_wiz_0/inst/clkin1_ibufg/O
                         net (fo=1, routed)           1.162     2.583    u_clk_wiz_0/inst/clk_in1_clk_wiz_0
    MMCME2_ADV_X0Y1      MMCME2_ADV (Prop_mmcme2_adv_CLKIN1_CLKOUT0)
                                                     -7.105    -4.522 r  u_clk_wiz_0/inst/mmcm_adv_inst/CLKOUT0
                         net (fo=1, routed)           1.599    -2.923    u_clk_wiz_0/inst/clk_out1_clk_wiz_0
    BUFGCTRL_X0Y16       BUFG (Prop_bufg_I_O)         0.091    -2.832 r  u_clk_wiz_0/inst/clkout1_buf/O
                         net (fo=16020, routed)       1.540    -1.292    u_jtag_mac/u_post_chif_fifo/u_jtag_mac_fifo/U0/inst_fifo_gen/gconvfifo.rf/grf.rf/gntv_or_sync_fifo.gcx.clkx/wr_pntr_cdc_inst/src_clk
    SLICE_X5Y27          FDRE                                         r  u_jtag_mac/u_post_chif_fifo/u_jtag_mac_fifo/U0/inst_fifo_gen/gconvfifo.rf/grf.rf/gntv_or_sync_fifo.gcx.clkx/wr_pntr_cdc_inst/src_gray_ff_reg[4]/C
  -------------------------------------------------------------------    -------------------
    SLICE_X5Y27          FDRE (Prop_fdre_C_Q)         0.367    -0.925 r  u_jtag_mac/u_post_chif_fifo/u_jtag_mac_fifo/U0/inst_fifo_gen/gconvfifo.rf/grf.rf/gntv_or_sync_fifo.gcx.clkx/wr_pntr_cdc_inst/src_gray_ff_reg[4]/Q
                         net (fo=1, routed)           0.367    -0.557    u_jtag_mac/u_post_chif_fifo/u_jtag_mac_fifo/U0/inst_fifo_gen/gconvfifo.rf/grf.rf/gntv_or_sync_fifo.gcx.clkx/wr_pntr_cdc_inst/async_path[4]
    SLICE_X2Y26          FDRE                                         r  u_jtag_mac/u_post_chif_fifo/u_jtag_mac_fifo/U0/inst_fifo_gen/gconvfifo.rf/grf.rf/gntv_or_sync_fifo.gcx.clkx/wr_pntr_cdc_inst/dest_graysync_ff_reg[0][4]/D
  -------------------------------------------------------------------    -------------------

                         (clock TCK rise edge)        0.000     0.000 r  
    BSCAN_X0Y0           BSCANE2                      0.000     0.000 r  u_BSCANE2/TCK
                         net (fo=1, routed)           1.601     1.601    TCK
    BUFGCTRL_X0Y0        BUFG (Prop_bufg_I_O)         0.101     1.702 r  TCK_BUFG_inst/O
                         net (fo=505, routed)         1.710     3.412    u_jtag_mac/u_post_chif_fifo/u_jtag_mac_fifo/U0/inst_fifo_gen/gconvfifo.rf/grf.rf/gntv_or_sync_fifo.gcx.clkx/wr_pntr_cdc_inst/dest_clk
    SLICE_X2Y26          FDRE                                         r  u_jtag_mac/u_post_chif_fifo/u_jtag_mac_fifo/U0/inst_fifo_gen/gconvfifo.rf/grf.rf/gntv_or_sync_fifo.gcx.clkx/wr_pntr_cdc_inst/dest_graysync_ff_reg[0][4]/C

Slack:                    inf
  Source:                 u_jtag_mac/u_post_chif_fifo/u_jtag_mac_fifo/U0/inst_fifo_gen/gconvfifo.rf/grf.rf/gntv_or_sync_fifo.gcx.clkx/wr_pntr_cdc_inst/src_gray_ff_reg[6]/C
                            (rising edge-triggered cell FDRE clocked by clk_out1_clk_wiz_0  {rise@0.000ns fall@20.000ns period=40.000ns})
  Destination:            u_jtag_mac/u_post_chif_fifo/u_jtag_mac_fifo/U0/inst_fifo_gen/gconvfifo.rf/grf.rf/gntv_or_sync_fifo.gcx.clkx/wr_pntr_cdc_inst/dest_graysync_ff_reg[0][6]/D
                            (rising edge-triggered cell FDRE clocked by TCK  {rise@0.000ns fall@7.576ns period=15.152ns})
  Path Group:             (none)
  Path Type:              Hold (Min at Slow Process Corner)
  Data Path Delay:        0.740ns  (logic 0.367ns (49.574%)  route 0.373ns (50.426%))
  Logic Levels:           0  
  Clock Path Skew:        4.708ns (DCD - SCD - CPR)
    Destination Clock Delay (DCD):    3.416ns
    Source Clock Delay      (SCD):    -1.292ns
    Clock Pessimism Removal (CPR):    -0.000ns
  Clock Uncertainty:      0.406ns  ((TSJ^2 + DJ^2)^1/2) / 2 + PE
    Total System Jitter     (TSJ):    0.071ns
    Discrete Jitter          (DJ):    0.313ns
    Phase Error              (PE):    0.246ns
  Timing Exception:       Asynchronous Clock Groups

    Location             Delay type                Incr(ns)  Path(ns)    Netlist Resource(s)
  -------------------------------------------------------------------    -------------------
                         (clock clk_out1_clk_wiz_0 rise edge)
                                                      0.000     0.000 r  
    L16                                               0.000     0.000 r  sysclk (IN)
                         net (fo=0)                   0.000     0.000    u_clk_wiz_0/inst/clk_in1
    L16                  IBUF (Prop_ibuf_I_O)         1.421     1.421 r  u_clk_wiz_0/inst/clkin1_ibufg/O
                         net (fo=1, routed)           1.162     2.583    u_clk_wiz_0/inst/clk_in1_clk_wiz_0
    MMCME2_ADV_X0Y1      MMCME2_ADV (Prop_mmcme2_adv_CLKIN1_CLKOUT0)
                                                     -7.105    -4.522 r  u_clk_wiz_0/inst/mmcm_adv_inst/CLKOUT0
                         net (fo=1, routed)           1.599    -2.923    u_clk_wiz_0/inst/clk_out1_clk_wiz_0
    BUFGCTRL_X0Y16       BUFG (Prop_bufg_I_O)         0.091    -2.832 r  u_clk_wiz_0/inst/clkout1_buf/O
                         net (fo=16020, routed)       1.540    -1.292    u_jtag_mac/u_post_chif_fifo/u_jtag_mac_fifo/U0/inst_fifo_gen/gconvfifo.rf/grf.rf/gntv_or_sync_fifo.gcx.clkx/wr_pntr_cdc_inst/src_clk
    SLICE_X5Y27          FDRE                                         r  u_jtag_mac/u_post_chif_fifo/u_jtag_mac_fifo/U0/inst_fifo_gen/gconvfifo.rf/grf.rf/gntv_or_sync_fifo.gcx.clkx/wr_pntr_cdc_inst/src_gray_ff_reg[6]/C
  -------------------------------------------------------------------    -------------------
    SLICE_X5Y27          FDRE (Prop_fdre_C_Q)         0.367    -0.925 r  u_jtag_mac/u_post_chif_fifo/u_jtag_mac_fifo/U0/inst_fifo_gen/gconvfifo.rf/grf.rf/gntv_or_sync_fifo.gcx.clkx/wr_pntr_cdc_inst/src_gray_ff_reg[6]/Q
                         net (fo=1, routed)           0.373    -0.551    u_jtag_mac/u_post_chif_fifo/u_jtag_mac_fifo/U0/inst_fifo_gen/gconvfifo.rf/grf.rf/gntv_or_sync_fifo.gcx.clkx/wr_pntr_cdc_inst/async_path[6]
    SLICE_X5Y28          FDRE                                         r  u_jtag_mac/u_post_chif_fifo/u_jtag_mac_fifo/U0/inst_fifo_gen/gconvfifo.rf/grf.rf/gntv_or_sync_fifo.gcx.clkx/wr_pntr_cdc_inst/dest_graysync_ff_reg[0][6]/D
  -------------------------------------------------------------------    -------------------

                         (clock TCK rise edge)        0.000     0.000 r  
    BSCAN_X0Y0           BSCANE2                      0.000     0.000 r  u_BSCANE2/TCK
                         net (fo=1, routed)           1.601     1.601    TCK
    BUFGCTRL_X0Y0        BUFG (Prop_bufg_I_O)         0.101     1.702 r  TCK_BUFG_inst/O
                         net (fo=505, routed)         1.714     3.416    u_jtag_mac/u_post_chif_fifo/u_jtag_mac_fifo/U0/inst_fifo_gen/gconvfifo.rf/grf.rf/gntv_or_sync_fifo.gcx.clkx/wr_pntr_cdc_inst/dest_clk
    SLICE_X5Y28          FDRE                                         r  u_jtag_mac/u_post_chif_fifo/u_jtag_mac_fifo/U0/inst_fifo_gen/gconvfifo.rf/grf.rf/gntv_or_sync_fifo.gcx.clkx/wr_pntr_cdc_inst/dest_graysync_ff_reg[0][6]/C

Slack:                    inf
  Source:                 u_jtag_mac/u_post_chif_fifo/u_jtag_mac_fifo/U0/inst_fifo_gen/gconvfifo.rf/grf.rf/gntv_or_sync_fifo.gcx.clkx/wr_pntr_cdc_inst/src_gray_ff_reg[9]/C
                            (rising edge-triggered cell FDRE clocked by clk_out1_clk_wiz_0  {rise@0.000ns fall@20.000ns period=40.000ns})
  Destination:            u_jtag_mac/u_post_chif_fifo/u_jtag_mac_fifo/U0/inst_fifo_gen/gconvfifo.rf/grf.rf/gntv_or_sync_fifo.gcx.clkx/wr_pntr_cdc_inst/dest_graysync_ff_reg[0][9]/D
                            (rising edge-triggered cell FDRE clocked by TCK  {rise@0.000ns fall@7.576ns period=15.152ns})
  Path Group:             (none)
  Path Type:              Hold (Min at Slow Process Corner)
  Data Path Delay:        0.741ns  (logic 0.337ns (45.487%)  route 0.404ns (54.513%))
  Logic Levels:           0  
  Clock Path Skew:        4.708ns (DCD - SCD - CPR)
    Destination Clock Delay (DCD):    3.416ns
    Source Clock Delay      (SCD):    -1.292ns
    Clock Pessimism Removal (CPR):    -0.000ns
  Clock Uncertainty:      0.406ns  ((TSJ^2 + DJ^2)^1/2) / 2 + PE
    Total System Jitter     (TSJ):    0.071ns
    Discrete Jitter          (DJ):    0.313ns
    Phase Error              (PE):    0.246ns
  Timing Exception:       Asynchronous Clock Groups

    Location             Delay type                Incr(ns)  Path(ns)    Netlist Resource(s)
  -------------------------------------------------------------------    -------------------
                         (clock clk_out1_clk_wiz_0 rise edge)
                                                      0.000     0.000 r  
    L16                                               0.000     0.000 r  sysclk (IN)
                         net (fo=0)                   0.000     0.000    u_clk_wiz_0/inst/clk_in1
    L16                  IBUF (Prop_ibuf_I_O)         1.421     1.421 r  u_clk_wiz_0/inst/clkin1_ibufg/O
                         net (fo=1, routed)           1.162     2.583    u_clk_wiz_0/inst/clk_in1_clk_wiz_0
    MMCME2_ADV_X0Y1      MMCME2_ADV (Prop_mmcme2_adv_CLKIN1_CLKOUT0)
                                                     -7.105    -4.522 r  u_clk_wiz_0/inst/mmcm_adv_inst/CLKOUT0
                         net (fo=1, routed)           1.599    -2.923    u_clk_wiz_0/inst/clk_out1_clk_wiz_0
    BUFGCTRL_X0Y16       BUFG (Prop_bufg_I_O)         0.091    -2.832 r  u_clk_wiz_0/inst/clkout1_buf/O
                         net (fo=16020, routed)       1.540    -1.292    u_jtag_mac/u_post_chif_fifo/u_jtag_mac_fifo/U0/inst_fifo_gen/gconvfifo.rf/grf.rf/gntv_or_sync_fifo.gcx.clkx/wr_pntr_cdc_inst/src_clk
    SLICE_X5Y27          FDRE                                         r  u_jtag_mac/u_post_chif_fifo/u_jtag_mac_fifo/U0/inst_fifo_gen/gconvfifo.rf/grf.rf/gntv_or_sync_fifo.gcx.clkx/wr_pntr_cdc_inst/src_gray_ff_reg[9]/C
  -------------------------------------------------------------------    -------------------
    SLICE_X5Y27          FDRE (Prop_fdre_C_Q)         0.337    -0.955 r  u_jtag_mac/u_post_chif_fifo/u_jtag_mac_fifo/U0/inst_fifo_gen/gconvfifo.rf/grf.rf/gntv_or_sync_fifo.gcx.clkx/wr_pntr_cdc_inst/src_gray_ff_reg[9]/Q
                         net (fo=1, routed)           0.404    -0.551    u_jtag_mac/u_post_chif_fifo/u_jtag_mac_fifo/U0/inst_fifo_gen/gconvfifo.rf/grf.rf/gntv_or_sync_fifo.gcx.clkx/wr_pntr_cdc_inst/async_path[9]
    SLICE_X5Y28          FDRE                                         r  u_jtag_mac/u_post_chif_fifo/u_jtag_mac_fifo/U0/inst_fifo_gen/gconvfifo.rf/grf.rf/gntv_or_sync_fifo.gcx.clkx/wr_pntr_cdc_inst/dest_graysync_ff_reg[0][9]/D
  -------------------------------------------------------------------    -------------------

                         (clock TCK rise edge)        0.000     0.000 r  
    BSCAN_X0Y0           BSCANE2                      0.000     0.000 r  u_BSCANE2/TCK
                         net (fo=1, routed)           1.601     1.601    TCK
    BUFGCTRL_X0Y0        BUFG (Prop_bufg_I_O)         0.101     1.702 r  TCK_BUFG_inst/O
                         net (fo=505, routed)         1.714     3.416    u_jtag_mac/u_post_chif_fifo/u_jtag_mac_fifo/U0/inst_fifo_gen/gconvfifo.rf/grf.rf/gntv_or_sync_fifo.gcx.clkx/wr_pntr_cdc_inst/dest_clk
    SLICE_X5Y28          FDRE                                         r  u_jtag_mac/u_post_chif_fifo/u_jtag_mac_fifo/U0/inst_fifo_gen/gconvfifo.rf/grf.rf/gntv_or_sync_fifo.gcx.clkx/wr_pntr_cdc_inst/dest_graysync_ff_reg[0][9]/C

Slack:                    inf
  Source:                 u_jtag_mac/u_post_chif_fifo/u_jtag_mac_fifo/U0/inst_fifo_gen/gconvfifo.rf/grf.rf/gntv_or_sync_fifo.gcx.clkx/wr_pntr_cdc_inst/src_gray_ff_reg[11]/C
                            (rising edge-triggered cell FDRE clocked by clk_out1_clk_wiz_0  {rise@0.000ns fall@20.000ns period=40.000ns})
  Destination:            u_jtag_mac/u_post_chif_fifo/u_jtag_mac_fifo/U0/inst_fifo_gen/gconvfifo.rf/grf.rf/gntv_or_sync_fifo.gcx.clkx/wr_pntr_cdc_inst/dest_graysync_ff_reg[0][11]/D
                            (rising edge-triggered cell FDRE clocked by TCK  {rise@0.000ns fall@7.576ns period=15.152ns})
  Path Group:             (none)
  Path Type:              Hold (Min at Slow Process Corner)
  Data Path Delay:        0.791ns  (logic 0.418ns (52.841%)  route 0.373ns (47.159%))
  Logic Levels:           0  
  Clock Path Skew:        4.703ns (DCD - SCD - CPR)
    Destination Clock Delay (DCD):    3.370ns
    Source Clock Delay      (SCD):    -1.333ns
    Clock Pessimism Removal (CPR):    -0.000ns
  Clock Uncertainty:      0.406ns  ((TSJ^2 + DJ^2)^1/2) / 2 + PE
    Total System Jitter     (TSJ):    0.071ns
    Discrete Jitter          (DJ):    0.313ns
    Phase Error              (PE):    0.246ns
  Timing Exception:       Asynchronous Clock Groups

    Location             Delay type                Incr(ns)  Path(ns)    Netlist Resource(s)
  -------------------------------------------------------------------    -------------------
                         (clock clk_out1_clk_wiz_0 rise edge)
                                                      0.000     0.000 r  
    L16                                               0.000     0.000 r  sysclk (IN)
                         net (fo=0)                   0.000     0.000    u_clk_wiz_0/inst/clk_in1
    L16                  IBUF (Prop_ibuf_I_O)         1.421     1.421 r  u_clk_wiz_0/inst/clkin1_ibufg/O
                         net (fo=1, routed)           1.162     2.583    u_clk_wiz_0/inst/clk_in1_clk_wiz_0
    MMCME2_ADV_X0Y1      MMCME2_ADV (Prop_mmcme2_adv_CLKIN1_CLKOUT0)
                                                     -7.105    -4.522 r  u_clk_wiz_0/inst/mmcm_adv_inst/CLKOUT0
                         net (fo=1, routed)           1.599    -2.923    u_clk_wiz_0/inst/clk_out1_clk_wiz_0
    BUFGCTRL_X0Y16       BUFG (Prop_bufg_I_O)         0.091    -2.832 r  u_clk_wiz_0/inst/clkout1_buf/O
                         net (fo=16020, routed)       1.499    -1.333    u_jtag_mac/u_post_chif_fifo/u_jtag_mac_fifo/U0/inst_fifo_gen/gconvfifo.rf/grf.rf/gntv_or_sync_fifo.gcx.clkx/wr_pntr_cdc_inst/src_clk
    SLICE_X6Y31          FDRE                                         r  u_jtag_mac/u_post_chif_fifo/u_jtag_mac_fifo/U0/inst_fifo_gen/gconvfifo.rf/grf.rf/gntv_or_sync_fifo.gcx.clkx/wr_pntr_cdc_inst/src_gray_ff_reg[11]/C
  -------------------------------------------------------------------    -------------------
    SLICE_X6Y31          FDRE (Prop_fdre_C_Q)         0.418    -0.915 r  u_jtag_mac/u_post_chif_fifo/u_jtag_mac_fifo/U0/inst_fifo_gen/gconvfifo.rf/grf.rf/gntv_or_sync_fifo.gcx.clkx/wr_pntr_cdc_inst/src_gray_ff_reg[11]/Q
                         net (fo=1, routed)           0.373    -0.542    u_jtag_mac/u_post_chif_fifo/u_jtag_mac_fifo/U0/inst_fifo_gen/gconvfifo.rf/grf.rf/gntv_or_sync_fifo.gcx.clkx/wr_pntr_cdc_inst/async_path[11]
    SLICE_X6Y29          FDRE                                         r  u_jtag_mac/u_post_chif_fifo/u_jtag_mac_fifo/U0/inst_fifo_gen/gconvfifo.rf/grf.rf/gntv_or_sync_fifo.gcx.clkx/wr_pntr_cdc_inst/dest_graysync_ff_reg[0][11]/D
  -------------------------------------------------------------------    -------------------

                         (clock TCK rise edge)        0.000     0.000 r  
    BSCAN_X0Y0           BSCANE2                      0.000     0.000 r  u_BSCANE2/TCK
                         net (fo=1, routed)           1.601     1.601    TCK
    BUFGCTRL_X0Y0        BUFG (Prop_bufg_I_O)         0.101     1.702 r  TCK_BUFG_inst/O
                         net (fo=505, routed)         1.668     3.370    u_jtag_mac/u_post_chif_fifo/u_jtag_mac_fifo/U0/inst_fifo_gen/gconvfifo.rf/grf.rf/gntv_or_sync_fifo.gcx.clkx/wr_pntr_cdc_inst/dest_clk
    SLICE_X6Y29          FDRE                                         r  u_jtag_mac/u_post_chif_fifo/u_jtag_mac_fifo/U0/inst_fifo_gen/gconvfifo.rf/grf.rf/gntv_or_sync_fifo.gcx.clkx/wr_pntr_cdc_inst/dest_graysync_ff_reg[0][11]/C

Slack:                    inf
  Source:                 u_jtag_mac/u_post_chif_fifo/u_jtag_mac_fifo/U0/inst_fifo_gen/gconvfifo.rf/grf.rf/gntv_or_sync_fifo.gcx.clkx/wr_pntr_cdc_inst/src_gray_ff_reg[0]/C
                            (rising edge-triggered cell FDRE clocked by clk_out1_clk_wiz_0  {rise@0.000ns fall@20.000ns period=40.000ns})
  Destination:            u_jtag_mac/u_post_chif_fifo/u_jtag_mac_fifo/U0/inst_fifo_gen/gconvfifo.rf/grf.rf/gntv_or_sync_fifo.gcx.clkx/wr_pntr_cdc_inst/dest_graysync_ff_reg[0][0]/D
                            (rising edge-triggered cell FDRE clocked by TCK  {rise@0.000ns fall@7.576ns period=15.152ns})
  Path Group:             (none)
  Path Type:              Hold (Min at Slow Process Corner)
  Data Path Delay:        0.780ns  (logic 0.367ns (47.059%)  route 0.413ns (52.941%))
  Logic Levels:           0  
  Clock Path Skew:        4.705ns (DCD - SCD - CPR)
    Destination Clock Delay (DCD):    3.410ns
    Source Clock Delay      (SCD):    -1.295ns
    Clock Pessimism Removal (CPR):    -0.000ns
  Clock Uncertainty:      0.406ns  ((TSJ^2 + DJ^2)^1/2) / 2 + PE
    Total System Jitter     (TSJ):    0.071ns
    Discrete Jitter          (DJ):    0.313ns
    Phase Error              (PE):    0.246ns
  Timing Exception:       Asynchronous Clock Groups

    Location             Delay type                Incr(ns)  Path(ns)    Netlist Resource(s)
  -------------------------------------------------------------------    -------------------
                         (clock clk_out1_clk_wiz_0 rise edge)
                                                      0.000     0.000 r  
    L16                                               0.000     0.000 r  sysclk (IN)
                         net (fo=0)                   0.000     0.000    u_clk_wiz_0/inst/clk_in1
    L16                  IBUF (Prop_ibuf_I_O)         1.421     1.421 r  u_clk_wiz_0/inst/clkin1_ibufg/O
                         net (fo=1, routed)           1.162     2.583    u_clk_wiz_0/inst/clk_in1_clk_wiz_0
    MMCME2_ADV_X0Y1      MMCME2_ADV (Prop_mmcme2_adv_CLKIN1_CLKOUT0)
                                                     -7.105    -4.522 r  u_clk_wiz_0/inst/mmcm_adv_inst/CLKOUT0
                         net (fo=1, routed)           1.599    -2.923    u_clk_wiz_0/inst/clk_out1_clk_wiz_0
    BUFGCTRL_X0Y16       BUFG (Prop_bufg_I_O)         0.091    -2.832 r  u_clk_wiz_0/inst/clkout1_buf/O
                         net (fo=16020, routed)       1.537    -1.295    u_jtag_mac/u_post_chif_fifo/u_jtag_mac_fifo/U0/inst_fifo_gen/gconvfifo.rf/grf.rf/gntv_or_sync_fifo.gcx.clkx/wr_pntr_cdc_inst/src_clk
    SLICE_X3Y25          FDRE                                         r  u_jtag_mac/u_post_chif_fifo/u_jtag_mac_fifo/U0/inst_fifo_gen/gconvfifo.rf/grf.rf/gntv_or_sync_fifo.gcx.clkx/wr_pntr_cdc_inst/src_gray_ff_reg[0]/C
  -------------------------------------------------------------------    -------------------
    SLICE_X3Y25          FDRE (Prop_fdre_C_Q)         0.367    -0.928 r  u_jtag_mac/u_post_chif_fifo/u_jtag_mac_fifo/U0/inst_fifo_gen/gconvfifo.rf/grf.rf/gntv_or_sync_fifo.gcx.clkx/wr_pntr_cdc_inst/src_gray_ff_reg[0]/Q
                         net (fo=1, routed)           0.413    -0.515    u_jtag_mac/u_post_chif_fifo/u_jtag_mac_fifo/U0/inst_fifo_gen/gconvfifo.rf/grf.rf/gntv_or_sync_fifo.gcx.clkx/wr_pntr_cdc_inst/async_path[0]
    SLICE_X2Y25          FDRE                                         r  u_jtag_mac/u_post_chif_fifo/u_jtag_mac_fifo/U0/inst_fifo_gen/gconvfifo.rf/grf.rf/gntv_or_sync_fifo.gcx.clkx/wr_pntr_cdc_inst/dest_graysync_ff_reg[0][0]/D
  -------------------------------------------------------------------    -------------------

                         (clock TCK rise edge)        0.000     0.000 r  
    BSCAN_X0Y0           BSCANE2                      0.000     0.000 r  u_BSCANE2/TCK
                         net (fo=1, routed)           1.601     1.601    TCK
    BUFGCTRL_X0Y0        BUFG (Prop_bufg_I_O)         0.101     1.702 r  TCK_BUFG_inst/O
                         net (fo=505, routed)         1.708     3.410    u_jtag_mac/u_post_chif_fifo/u_jtag_mac_fifo/U0/inst_fifo_gen/gconvfifo.rf/grf.rf/gntv_or_sync_fifo.gcx.clkx/wr_pntr_cdc_inst/dest_clk
    SLICE_X2Y25          FDRE                                         r  u_jtag_mac/u_post_chif_fifo/u_jtag_mac_fifo/U0/inst_fifo_gen/gconvfifo.rf/grf.rf/gntv_or_sync_fifo.gcx.clkx/wr_pntr_cdc_inst/dest_graysync_ff_reg[0][0]/C

Slack:                    inf
  Source:                 u_jtag_mac/u_pre_chif_fifo/u_jtag_mac_fifo/U0/inst_fifo_gen/gconvfifo.rf/grf.rf/gntv_or_sync_fifo.gcx.clkx/rd_pntr_cdc_inst/src_gray_ff_reg[6]/C
                            (rising edge-triggered cell FDRE clocked by clk_out1_clk_wiz_0  {rise@0.000ns fall@20.000ns period=40.000ns})
  Destination:            u_jtag_mac/u_pre_chif_fifo/u_jtag_mac_fifo/U0/inst_fifo_gen/gconvfifo.rf/grf.rf/gntv_or_sync_fifo.gcx.clkx/rd_pntr_cdc_inst/dest_graysync_ff_reg[0][6]/D
                            (rising edge-triggered cell FDRE clocked by TCK  {rise@0.000ns fall@7.576ns period=15.152ns})
  Path Group:             (none)
  Path Type:              Hold (Min at Slow Process Corner)
  Data Path Delay:        0.822ns  (logic 0.418ns (50.822%)  route 0.404ns (49.178%))
  Logic Levels:           0  
  Clock Path Skew:        4.704ns (DCD - SCD - CPR)
    Destination Clock Delay (DCD):    3.371ns
    Source Clock Delay      (SCD):    -1.333ns
    Clock Pessimism Removal (CPR):    -0.000ns
  Clock Uncertainty:      0.406ns  ((TSJ^2 + DJ^2)^1/2) / 2 + PE
    Total System Jitter     (TSJ):    0.071ns
    Discrete Jitter          (DJ):    0.313ns
    Phase Error              (PE):    0.246ns
  Timing Exception:       Asynchronous Clock Groups

    Location             Delay type                Incr(ns)  Path(ns)    Netlist Resource(s)
  -------------------------------------------------------------------    -------------------
                         (clock clk_out1_clk_wiz_0 rise edge)
                                                      0.000     0.000 r  
    L16                                               0.000     0.000 r  sysclk (IN)
                         net (fo=0)                   0.000     0.000    u_clk_wiz_0/inst/clk_in1
    L16                  IBUF (Prop_ibuf_I_O)         1.421     1.421 r  u_clk_wiz_0/inst/clkin1_ibufg/O
                         net (fo=1, routed)           1.162     2.583    u_clk_wiz_0/inst/clk_in1_clk_wiz_0
    MMCME2_ADV_X0Y1      MMCME2_ADV (Prop_mmcme2_adv_CLKIN1_CLKOUT0)
                                                     -7.105    -4.522 r  u_clk_wiz_0/inst/mmcm_adv_inst/CLKOUT0
                         net (fo=1, routed)           1.599    -2.923    u_clk_wiz_0/inst/clk_out1_clk_wiz_0
    BUFGCTRL_X0Y16       BUFG (Prop_bufg_I_O)         0.091    -2.832 r  u_clk_wiz_0/inst/clkout1_buf/O
                         net (fo=16020, routed)       1.499    -1.333    u_jtag_mac/u_pre_chif_fifo/u_jtag_mac_fifo/U0/inst_fifo_gen/gconvfifo.rf/grf.rf/gntv_or_sync_fifo.gcx.clkx/rd_pntr_cdc_inst/src_clk
    SLICE_X12Y19         FDRE                                         r  u_jtag_mac/u_pre_chif_fifo/u_jtag_mac_fifo/U0/inst_fifo_gen/gconvfifo.rf/grf.rf/gntv_or_sync_fifo.gcx.clkx/rd_pntr_cdc_inst/src_gray_ff_reg[6]/C
  -------------------------------------------------------------------    -------------------
    SLICE_X12Y19         FDRE (Prop_fdre_C_Q)         0.418    -0.915 r  u_jtag_mac/u_pre_chif_fifo/u_jtag_mac_fifo/U0/inst_fifo_gen/gconvfifo.rf/grf.rf/gntv_or_sync_fifo.gcx.clkx/rd_pntr_cdc_inst/src_gray_ff_reg[6]/Q
                         net (fo=1, routed)           0.404    -0.510    u_jtag_mac/u_pre_chif_fifo/u_jtag_mac_fifo/U0/inst_fifo_gen/gconvfifo.rf/grf.rf/gntv_or_sync_fifo.gcx.clkx/rd_pntr_cdc_inst/async_path[6]
    SLICE_X13Y19         FDRE                                         r  u_jtag_mac/u_pre_chif_fifo/u_jtag_mac_fifo/U0/inst_fifo_gen/gconvfifo.rf/grf.rf/gntv_or_sync_fifo.gcx.clkx/rd_pntr_cdc_inst/dest_graysync_ff_reg[0][6]/D
  -------------------------------------------------------------------    -------------------

                         (clock TCK rise edge)        0.000     0.000 r  
    BSCAN_X0Y0           BSCANE2                      0.000     0.000 r  u_BSCANE2/TCK
                         net (fo=1, routed)           1.601     1.601    TCK
    BUFGCTRL_X0Y0        BUFG (Prop_bufg_I_O)         0.101     1.702 r  TCK_BUFG_inst/O
                         net (fo=505, routed)         1.669     3.371    u_jtag_mac/u_pre_chif_fifo/u_jtag_mac_fifo/U0/inst_fifo_gen/gconvfifo.rf/grf.rf/gntv_or_sync_fifo.gcx.clkx/rd_pntr_cdc_inst/dest_clk
    SLICE_X13Y19         FDRE                                         r  u_jtag_mac/u_pre_chif_fifo/u_jtag_mac_fifo/U0/inst_fifo_gen/gconvfifo.rf/grf.rf/gntv_or_sync_fifo.gcx.clkx/rd_pntr_cdc_inst/dest_graysync_ff_reg[0][6]/C





--------------------------------------------------------------------------------------
Path Group:  (none)
From Clock:  
  To Clock:  clk_out1_clk_wiz_0

Max Delay             3 Endpoints
Min Delay             3 Endpoints
--------------------------------------------------------------------------------------


Max Delay Paths
--------------------------------------------------------------------------------------
Slack:                    inf
  Source:                 u_clk_wiz_0/inst/mmcm_adv_inst/LOCKED
                            (internal pin)
  Destination:            u_jtag_mac/u_pre_chif_fifo/u_jtag_mac_fifo/U0/inst_fifo_gen/gconvfifo.rf/grf.rf/rstblk/ngwrdrst.grst.g7serrst.gsckt_wrst.gic_rst.xpm_cdc_sync_rst_inst_wrst/syncstages_ff_reg[0]/D
                            (rising edge-triggered cell FDRE clocked by clk_out1_clk_wiz_0  {rise@0.000ns fall@20.000ns period=40.000ns})
  Path Group:             (none)
  Path Type:              Setup (Max at Slow Process Corner)
  Data Path Delay:        20.966ns  (logic 0.124ns (0.591%)  route 20.842ns (99.409%))
  Logic Levels:           1  (LUT2=1)
  Clock Uncertainty:      0.404ns  ((TSJ^2 + DJ^2)^1/2) / 2 + PE
    Total System Jitter     (TSJ):    0.050ns
    Discrete Jitter          (DJ):    0.313ns
    Phase Error              (PE):    0.246ns
  Timing Exception:       False Path

    Location             Delay type                Incr(ns)  Path(ns)    Netlist Resource(s)
  -------------------------------------------------------------------    -------------------
    MMCME2_ADV_X0Y1      MMCME2_ADV                   0.000     0.000 f  u_clk_wiz_0/inst/mmcm_adv_inst/LOCKED
                         net (fo=68, routed)          1.152     1.152    u_jtag_mac/locked
    SLICE_X41Y47         LUT2 (Prop_lut2_I1_O)        0.124     1.276 r  u_jtag_mac/empty_tmp_d1_i_1/O
                         net (fo=8129, routed)       19.689    20.966    u_jtag_mac/u_pre_chif_fifo/u_jtag_mac_fifo/U0/inst_fifo_gen/gconvfifo.rf/grf.rf/rstblk/ngwrdrst.grst.g7serrst.gsckt_wrst.gic_rst.xpm_cdc_sync_rst_inst_wrst/src_rst
    SLICE_X5Y18          FDRE                                         r  u_jtag_mac/u_pre_chif_fifo/u_jtag_mac_fifo/U0/inst_fifo_gen/gconvfifo.rf/grf.rf/rstblk/ngwrdrst.grst.g7serrst.gsckt_wrst.gic_rst.xpm_cdc_sync_rst_inst_wrst/syncstages_ff_reg[0]/D
  -------------------------------------------------------------------    -------------------

                         (clock clk_out1_clk_wiz_0 rise edge)
                                                      0.000     0.000 r  
    L16                                               0.000     0.000 r  sysclk (IN)
                         net (fo=0)                   0.000     0.000    u_clk_wiz_0/inst/clk_in1
    L16                  IBUF (Prop_ibuf_I_O)         1.421     1.421 r  u_clk_wiz_0/inst/clkin1_ibufg/O
                         net (fo=1, routed)           1.162     2.583    u_clk_wiz_0/inst/clk_in1_clk_wiz_0
    MMCME2_ADV_X0Y1      MMCME2_ADV (Prop_mmcme2_adv_CLKIN1_CLKOUT0)
                                                     -7.105    -4.522 r  u_clk_wiz_0/inst/mmcm_adv_inst/CLKOUT0
                         net (fo=1, routed)           1.599    -2.923    u_clk_wiz_0/inst/clk_out1_clk_wiz_0
    BUFGCTRL_X0Y16       BUFG (Prop_bufg_I_O)         0.091    -2.832 r  u_clk_wiz_0/inst/clkout1_buf/O
                         net (fo=16020, routed)       1.544    -1.288    u_jtag_mac/u_pre_chif_fifo/u_jtag_mac_fifo/U0/inst_fifo_gen/gconvfifo.rf/grf.rf/rstblk/ngwrdrst.grst.g7serrst.gsckt_wrst.gic_rst.xpm_cdc_sync_rst_inst_wrst/dest_clk
    SLICE_X5Y18          FDRE                                         r  u_jtag_mac/u_pre_chif_fifo/u_jtag_mac_fifo/U0/inst_fifo_gen/gconvfifo.rf/grf.rf/rstblk/ngwrdrst.grst.g7serrst.gsckt_wrst.gic_rst.xpm_cdc_sync_rst_inst_wrst/syncstages_ff_reg[0]/C

Slack:                    inf
  Source:                 u_clk_wiz_0/inst/mmcm_adv_inst/LOCKED
                            (internal pin)
  Destination:            u_jtag_mac/u_simcycle_fifo/u_simcycle_fifo/U0/inst_fifo_gen/gconvfifo.rf/grf.rf/rstblk/ngwrdrst.grst.g7serrst.gsckt_wrst.gic_rst.xpm_cdc_sync_rst_inst_wrst/syncstages_ff_reg[0]/D
                            (rising edge-triggered cell FDRE clocked by clk_out1_clk_wiz_0  {rise@0.000ns fall@20.000ns period=40.000ns})
  Path Group:             (none)
  Path Type:              Setup (Max at Slow Process Corner)
  Data Path Delay:        19.923ns  (logic 0.124ns (0.622%)  route 19.799ns (99.378%))
  Logic Levels:           1  (LUT2=1)
  Clock Uncertainty:      0.404ns  ((TSJ^2 + DJ^2)^1/2) / 2 + PE
    Total System Jitter     (TSJ):    0.050ns
    Discrete Jitter          (DJ):    0.313ns
    Phase Error              (PE):    0.246ns
  Timing Exception:       False Path

    Location             Delay type                Incr(ns)  Path(ns)    Netlist Resource(s)
  -------------------------------------------------------------------    -------------------
    MMCME2_ADV_X0Y1      MMCME2_ADV                   0.000     0.000 f  u_clk_wiz_0/inst/mmcm_adv_inst/LOCKED
                         net (fo=68, routed)          1.152     1.152    u_jtag_mac/locked
    SLICE_X41Y47         LUT2 (Prop_lut2_I1_O)        0.124     1.276 r  u_jtag_mac/empty_tmp_d1_i_1/O
                         net (fo=8129, routed)       18.646    19.923    u_jtag_mac/u_simcycle_fifo/u_simcycle_fifo/U0/inst_fifo_gen/gconvfifo.rf/grf.rf/rstblk/ngwrdrst.grst.g7serrst.gsckt_wrst.gic_rst.xpm_cdc_sync_rst_inst_wrst/src_rst
    SLICE_X3Y10          FDRE                                         r  u_jtag_mac/u_simcycle_fifo/u_simcycle_fifo/U0/inst_fifo_gen/gconvfifo.rf/grf.rf/rstblk/ngwrdrst.grst.g7serrst.gsckt_wrst.gic_rst.xpm_cdc_sync_rst_inst_wrst/syncstages_ff_reg[0]/D
  -------------------------------------------------------------------    -------------------

                         (clock clk_out1_clk_wiz_0 rise edge)
                                                      0.000     0.000 r  
    L16                                               0.000     0.000 r  sysclk (IN)
                         net (fo=0)                   0.000     0.000    u_clk_wiz_0/inst/clk_in1
    L16                  IBUF (Prop_ibuf_I_O)         1.421     1.421 r  u_clk_wiz_0/inst/clkin1_ibufg/O
                         net (fo=1, routed)           1.162     2.583    u_clk_wiz_0/inst/clk_in1_clk_wiz_0
    MMCME2_ADV_X0Y1      MMCME2_ADV (Prop_mmcme2_adv_CLKIN1_CLKOUT0)
                                                     -7.105    -4.522 r  u_clk_wiz_0/inst/mmcm_adv_inst/CLKOUT0
                         net (fo=1, routed)           1.599    -2.923    u_clk_wiz_0/inst/clk_out1_clk_wiz_0
    BUFGCTRL_X0Y16       BUFG (Prop_bufg_I_O)         0.091    -2.832 r  u_clk_wiz_0/inst/clkout1_buf/O
                         net (fo=16020, routed)       1.552    -1.280    u_jtag_mac/u_simcycle_fifo/u_simcycle_fifo/U0/inst_fifo_gen/gconvfifo.rf/grf.rf/rstblk/ngwrdrst.grst.g7serrst.gsckt_wrst.gic_rst.xpm_cdc_sync_rst_inst_wrst/dest_clk
    SLICE_X3Y10          FDRE                                         r  u_jtag_mac/u_simcycle_fifo/u_simcycle_fifo/U0/inst_fifo_gen/gconvfifo.rf/grf.rf/rstblk/ngwrdrst.grst.g7serrst.gsckt_wrst.gic_rst.xpm_cdc_sync_rst_inst_wrst/syncstages_ff_reg[0]/C

Slack:                    inf
  Source:                 u_clk_wiz_0/inst/mmcm_adv_inst/LOCKED
                            (internal pin)
  Destination:            u_jtag_mac/u_post_chif_fifo/u_jtag_mac_fifo/U0/inst_fifo_gen/gconvfifo.rf/grf.rf/rstblk/ngwrdrst.grst.g7serrst.gsckt_wrst.xpm_cdc_sync_rst_inst_wrst/syncstages_ff_reg[0]/D
                            (rising edge-triggered cell FDRE clocked by clk_out1_clk_wiz_0  {rise@0.000ns fall@20.000ns period=40.000ns})
  Path Group:             (none)
  Path Type:              Setup (Max at Slow Process Corner)
  Data Path Delay:        16.077ns  (logic 0.124ns (0.771%)  route 15.953ns (99.229%))
  Logic Levels:           1  (LUT2=1)
  Clock Uncertainty:      0.404ns  ((TSJ^2 + DJ^2)^1/2) / 2 + PE
    Total System Jitter     (TSJ):    0.050ns
    Discrete Jitter          (DJ):    0.313ns
    Phase Error              (PE):    0.246ns
  Timing Exception:       False Path

    Location             Delay type                Incr(ns)  Path(ns)    Netlist Resource(s)
  -------------------------------------------------------------------    -------------------
    MMCME2_ADV_X0Y1      MMCME2_ADV                   0.000     0.000 f  u_clk_wiz_0/inst/mmcm_adv_inst/LOCKED
                         net (fo=68, routed)          1.152     1.152    u_jtag_mac/locked
    SLICE_X41Y47         LUT2 (Prop_lut2_I1_O)        0.124     1.276 r  u_jtag_mac/empty_tmp_d1_i_1/O
                         net (fo=8129, routed)       14.800    16.077    u_jtag_mac/u_post_chif_fifo/u_jtag_mac_fifo/U0/inst_fifo_gen/gconvfifo.rf/grf.rf/rstblk/ngwrdrst.grst.g7serrst.gsckt_wrst.xpm_cdc_sync_rst_inst_wrst/src_rst
    SLICE_X2Y32          FDRE                                         r  u_jtag_mac/u_post_chif_fifo/u_jtag_mac_fifo/U0/inst_fifo_gen/gconvfifo.rf/grf.rf/rstblk/ngwrdrst.grst.g7serrst.gsckt_wrst.xpm_cdc_sync_rst_inst_wrst/syncstages_ff_reg[0]/D
  -------------------------------------------------------------------    -------------------

                         (clock clk_out1_clk_wiz_0 rise edge)
                                                      0.000     0.000 r  
    L16                                               0.000     0.000 r  sysclk (IN)
                         net (fo=0)                   0.000     0.000    u_clk_wiz_0/inst/clk_in1
    L16                  IBUF (Prop_ibuf_I_O)         1.421     1.421 r  u_clk_wiz_0/inst/clkin1_ibufg/O
                         net (fo=1, routed)           1.162     2.583    u_clk_wiz_0/inst/clk_in1_clk_wiz_0
    MMCME2_ADV_X0Y1      MMCME2_ADV (Prop_mmcme2_adv_CLKIN1_CLKOUT0)
                                                     -7.105    -4.522 r  u_clk_wiz_0/inst/mmcm_adv_inst/CLKOUT0
                         net (fo=1, routed)           1.599    -2.923    u_clk_wiz_0/inst/clk_out1_clk_wiz_0
    BUFGCTRL_X0Y16       BUFG (Prop_bufg_I_O)         0.091    -2.832 r  u_clk_wiz_0/inst/clkout1_buf/O
                         net (fo=16020, routed)       1.546    -1.286    u_jtag_mac/u_post_chif_fifo/u_jtag_mac_fifo/U0/inst_fifo_gen/gconvfifo.rf/grf.rf/rstblk/ngwrdrst.grst.g7serrst.gsckt_wrst.xpm_cdc_sync_rst_inst_wrst/dest_clk
    SLICE_X2Y32          FDRE                                         r  u_jtag_mac/u_post_chif_fifo/u_jtag_mac_fifo/U0/inst_fifo_gen/gconvfifo.rf/grf.rf/rstblk/ngwrdrst.grst.g7serrst.gsckt_wrst.xpm_cdc_sync_rst_inst_wrst/syncstages_ff_reg[0]/C





Min Delay Paths
--------------------------------------------------------------------------------------
Slack:                    inf
  Source:                 u_clk_wiz_0/inst/mmcm_adv_inst/LOCKED
                            (internal pin)
  Destination:            u_jtag_mac/u_post_chif_fifo/u_jtag_mac_fifo/U0/inst_fifo_gen/gconvfifo.rf/grf.rf/rstblk/ngwrdrst.grst.g7serrst.gsckt_wrst.xpm_cdc_sync_rst_inst_wrst/syncstages_ff_reg[0]/D
                            (rising edge-triggered cell FDRE clocked by clk_out1_clk_wiz_0  {rise@0.000ns fall@20.000ns period=40.000ns})
  Path Group:             (none)
  Path Type:              Hold (Min at Fast Process Corner)
  Data Path Delay:        7.212ns  (logic 0.045ns (0.624%)  route 7.167ns (99.376%))
  Logic Levels:           1  (LUT2=1)
  Clock Uncertainty:      0.404ns  ((TSJ^2 + DJ^2)^1/2) / 2 + PE
    Total System Jitter     (TSJ):    0.050ns
    Discrete Jitter          (DJ):    0.313ns
    Phase Error              (PE):    0.246ns
  Timing Exception:       False Path

    Location             Delay type                Incr(ns)  Path(ns)    Netlist Resource(s)
  -------------------------------------------------------------------    -------------------
    MMCME2_ADV_X0Y1      MMCME2_ADV                   0.000     0.000 f  u_clk_wiz_0/inst/mmcm_adv_inst/LOCKED
                         net (fo=68, routed)          0.478     0.478    u_jtag_mac/locked
    SLICE_X41Y47         LUT2 (Prop_lut2_I1_O)        0.045     0.523 r  u_jtag_mac/empty_tmp_d1_i_1/O
                         net (fo=8129, routed)        6.688     7.212    u_jtag_mac/u_post_chif_fifo/u_jtag_mac_fifo/U0/inst_fifo_gen/gconvfifo.rf/grf.rf/rstblk/ngwrdrst.grst.g7serrst.gsckt_wrst.xpm_cdc_sync_rst_inst_wrst/src_rst
    SLICE_X2Y32          FDRE                                         r  u_jtag_mac/u_post_chif_fifo/u_jtag_mac_fifo/U0/inst_fifo_gen/gconvfifo.rf/grf.rf/rstblk/ngwrdrst.grst.g7serrst.gsckt_wrst.xpm_cdc_sync_rst_inst_wrst/syncstages_ff_reg[0]/D
  -------------------------------------------------------------------    -------------------

                         (clock clk_out1_clk_wiz_0 rise edge)
                                                      0.000     0.000 r  
    L16                                               0.000     0.000 r  sysclk (IN)
                         net (fo=0)                   0.000     0.000    u_clk_wiz_0/inst/clk_in1
    L16                  IBUF (Prop_ibuf_I_O)         0.447     0.447 r  u_clk_wiz_0/inst/clkin1_ibufg/O
                         net (fo=1, routed)           0.480     0.927    u_clk_wiz_0/inst/clk_in1_clk_wiz_0
    MMCME2_ADV_X0Y1      MMCME2_ADV (Prop_mmcme2_adv_CLKIN1_CLKOUT0)
                                                     -3.047    -2.120 r  u_clk_wiz_0/inst/mmcm_adv_inst/CLKOUT0
                         net (fo=1, routed)           0.528    -1.592    u_clk_wiz_0/inst/clk_out1_clk_wiz_0
    BUFGCTRL_X0Y16       BUFG (Prop_bufg_I_O)         0.029    -1.563 r  u_clk_wiz_0/inst/clkout1_buf/O
                         net (fo=16020, routed)       0.847    -0.716    u_jtag_mac/u_post_chif_fifo/u_jtag_mac_fifo/U0/inst_fifo_gen/gconvfifo.rf/grf.rf/rstblk/ngwrdrst.grst.g7serrst.gsckt_wrst.xpm_cdc_sync_rst_inst_wrst/dest_clk
    SLICE_X2Y32          FDRE                                         r  u_jtag_mac/u_post_chif_fifo/u_jtag_mac_fifo/U0/inst_fifo_gen/gconvfifo.rf/grf.rf/rstblk/ngwrdrst.grst.g7serrst.gsckt_wrst.xpm_cdc_sync_rst_inst_wrst/syncstages_ff_reg[0]/C

Slack:                    inf
  Source:                 u_clk_wiz_0/inst/mmcm_adv_inst/LOCKED
                            (internal pin)
  Destination:            u_jtag_mac/u_simcycle_fifo/u_simcycle_fifo/U0/inst_fifo_gen/gconvfifo.rf/grf.rf/rstblk/ngwrdrst.grst.g7serrst.gsckt_wrst.gic_rst.xpm_cdc_sync_rst_inst_wrst/syncstages_ff_reg[0]/D
                            (rising edge-triggered cell FDRE clocked by clk_out1_clk_wiz_0  {rise@0.000ns fall@20.000ns period=40.000ns})
  Path Group:             (none)
  Path Type:              Hold (Min at Fast Process Corner)
  Data Path Delay:        9.082ns  (logic 0.045ns (0.495%)  route 9.037ns (99.505%))
  Logic Levels:           1  (LUT2=1)
  Clock Uncertainty:      0.404ns  ((TSJ^2 + DJ^2)^1/2) / 2 + PE
    Total System Jitter     (TSJ):    0.050ns
    Discrete Jitter          (DJ):    0.313ns
    Phase Error              (PE):    0.246ns
  Timing Exception:       False Path

    Location             Delay type                Incr(ns)  Path(ns)    Netlist Resource(s)
  -------------------------------------------------------------------    -------------------
    MMCME2_ADV_X0Y1      MMCME2_ADV                   0.000     0.000 f  u_clk_wiz_0/inst/mmcm_adv_inst/LOCKED
                         net (fo=68, routed)          0.478     0.478    u_jtag_mac/locked
    SLICE_X41Y47         LUT2 (Prop_lut2_I1_O)        0.045     0.523 r  u_jtag_mac/empty_tmp_d1_i_1/O
                         net (fo=8129, routed)        8.558     9.082    u_jtag_mac/u_simcycle_fifo/u_simcycle_fifo/U0/inst_fifo_gen/gconvfifo.rf/grf.rf/rstblk/ngwrdrst.grst.g7serrst.gsckt_wrst.gic_rst.xpm_cdc_sync_rst_inst_wrst/src_rst
    SLICE_X3Y10          FDRE                                         r  u_jtag_mac/u_simcycle_fifo/u_simcycle_fifo/U0/inst_fifo_gen/gconvfifo.rf/grf.rf/rstblk/ngwrdrst.grst.g7serrst.gsckt_wrst.gic_rst.xpm_cdc_sync_rst_inst_wrst/syncstages_ff_reg[0]/D
  -------------------------------------------------------------------    -------------------

                         (clock clk_out1_clk_wiz_0 rise edge)
                                                      0.000     0.000 r  
    L16                                               0.000     0.000 r  sysclk (IN)
                         net (fo=0)                   0.000     0.000    u_clk_wiz_0/inst/clk_in1
    L16                  IBUF (Prop_ibuf_I_O)         0.447     0.447 r  u_clk_wiz_0/inst/clkin1_ibufg/O
                         net (fo=1, routed)           0.480     0.927    u_clk_wiz_0/inst/clk_in1_clk_wiz_0
    MMCME2_ADV_X0Y1      MMCME2_ADV (Prop_mmcme2_adv_CLKIN1_CLKOUT0)
                                                     -3.047    -2.120 r  u_clk_wiz_0/inst/mmcm_adv_inst/CLKOUT0
                         net (fo=1, routed)           0.528    -1.592    u_clk_wiz_0/inst/clk_out1_clk_wiz_0
    BUFGCTRL_X0Y16       BUFG (Prop_bufg_I_O)         0.029    -1.563 r  u_clk_wiz_0/inst/clkout1_buf/O
                         net (fo=16020, routed)       0.853    -0.710    u_jtag_mac/u_simcycle_fifo/u_simcycle_fifo/U0/inst_fifo_gen/gconvfifo.rf/grf.rf/rstblk/ngwrdrst.grst.g7serrst.gsckt_wrst.gic_rst.xpm_cdc_sync_rst_inst_wrst/dest_clk
    SLICE_X3Y10          FDRE                                         r  u_jtag_mac/u_simcycle_fifo/u_simcycle_fifo/U0/inst_fifo_gen/gconvfifo.rf/grf.rf/rstblk/ngwrdrst.grst.g7serrst.gsckt_wrst.gic_rst.xpm_cdc_sync_rst_inst_wrst/syncstages_ff_reg[0]/C

Slack:                    inf
  Source:                 u_clk_wiz_0/inst/mmcm_adv_inst/LOCKED
                            (internal pin)
  Destination:            u_jtag_mac/u_pre_chif_fifo/u_jtag_mac_fifo/U0/inst_fifo_gen/gconvfifo.rf/grf.rf/rstblk/ngwrdrst.grst.g7serrst.gsckt_wrst.gic_rst.xpm_cdc_sync_rst_inst_wrst/syncstages_ff_reg[0]/D
                            (rising edge-triggered cell FDRE clocked by clk_out1_clk_wiz_0  {rise@0.000ns fall@20.000ns period=40.000ns})
  Path Group:             (none)
  Path Type:              Hold (Min at Fast Process Corner)
  Data Path Delay:        9.399ns  (logic 0.045ns (0.479%)  route 9.354ns (99.521%))
  Logic Levels:           1  (LUT2=1)
  Clock Uncertainty:      0.404ns  ((TSJ^2 + DJ^2)^1/2) / 2 + PE
    Total System Jitter     (TSJ):    0.050ns
    Discrete Jitter          (DJ):    0.313ns
    Phase Error              (PE):    0.246ns
  Timing Exception:       False Path

    Location             Delay type                Incr(ns)  Path(ns)    Netlist Resource(s)
  -------------------------------------------------------------------    -------------------
    MMCME2_ADV_X0Y1      MMCME2_ADV                   0.000     0.000 f  u_clk_wiz_0/inst/mmcm_adv_inst/LOCKED
                         net (fo=68, routed)          0.478     0.478    u_jtag_mac/locked
    SLICE_X41Y47         LUT2 (Prop_lut2_I1_O)        0.045     0.523 r  u_jtag_mac/empty_tmp_d1_i_1/O
                         net (fo=8129, routed)        8.875     9.399    u_jtag_mac/u_pre_chif_fifo/u_jtag_mac_fifo/U0/inst_fifo_gen/gconvfifo.rf/grf.rf/rstblk/ngwrdrst.grst.g7serrst.gsckt_wrst.gic_rst.xpm_cdc_sync_rst_inst_wrst/src_rst
    SLICE_X5Y18          FDRE                                         r  u_jtag_mac/u_pre_chif_fifo/u_jtag_mac_fifo/U0/inst_fifo_gen/gconvfifo.rf/grf.rf/rstblk/ngwrdrst.grst.g7serrst.gsckt_wrst.gic_rst.xpm_cdc_sync_rst_inst_wrst/syncstages_ff_reg[0]/D
  -------------------------------------------------------------------    -------------------

                         (clock clk_out1_clk_wiz_0 rise edge)
                                                      0.000     0.000 r  
    L16                                               0.000     0.000 r  sysclk (IN)
                         net (fo=0)                   0.000     0.000    u_clk_wiz_0/inst/clk_in1
    L16                  IBUF (Prop_ibuf_I_O)         0.447     0.447 r  u_clk_wiz_0/inst/clkin1_ibufg/O
                         net (fo=1, routed)           0.480     0.927    u_clk_wiz_0/inst/clk_in1_clk_wiz_0
    MMCME2_ADV_X0Y1      MMCME2_ADV (Prop_mmcme2_adv_CLKIN1_CLKOUT0)
                                                     -3.047    -2.120 r  u_clk_wiz_0/inst/mmcm_adv_inst/CLKOUT0
                         net (fo=1, routed)           0.528    -1.592    u_clk_wiz_0/inst/clk_out1_clk_wiz_0
    BUFGCTRL_X0Y16       BUFG (Prop_bufg_I_O)         0.029    -1.563 r  u_clk_wiz_0/inst/clkout1_buf/O
                         net (fo=16020, routed)       0.846    -0.717    u_jtag_mac/u_pre_chif_fifo/u_jtag_mac_fifo/U0/inst_fifo_gen/gconvfifo.rf/grf.rf/rstblk/ngwrdrst.grst.g7serrst.gsckt_wrst.gic_rst.xpm_cdc_sync_rst_inst_wrst/dest_clk
    SLICE_X5Y18          FDRE                                         r  u_jtag_mac/u_pre_chif_fifo/u_jtag_mac_fifo/U0/inst_fifo_gen/gconvfifo.rf/grf.rf/rstblk/ngwrdrst.grst.g7serrst.gsckt_wrst.gic_rst.xpm_cdc_sync_rst_inst_wrst/syncstages_ff_reg[0]/C





--------------------------------------------------------------------------------------
Path Group:  (none)
From Clock:  TCK
  To Clock:  clk_out1_clk_wiz_0

Max Delay         14157 Endpoints
Min Delay         14157 Endpoints
--------------------------------------------------------------------------------------


Max Delay Paths
--------------------------------------------------------------------------------------
Slack:                    inf
  Source:                 u_jtag_mac/user_rst_assert_reg/C
                            (rising edge-triggered cell FDRE clocked by TCK  {rise@0.000ns fall@7.576ns period=15.152ns})
  Destination:            u_jtag_mac/u_pre_chif_fifo/u_jtag_mac_fifo/U0/inst_fifo_gen/gconvfifo.rf/grf.rf/rstblk/ngwrdrst.grst.g7serrst.gsckt_wrst.gic_rst.xpm_cdc_sync_rst_inst_wrst/syncstages_ff_reg[0]/D
                            (rising edge-triggered cell FDRE clocked by clk_out1_clk_wiz_0  {rise@0.000ns fall@20.000ns period=40.000ns})
  Path Group:             (none)
  Path Type:              Setup (Max at Slow Process Corner)
  Data Path Delay:        22.669ns  (logic 0.580ns (2.559%)  route 22.089ns (97.441%))
  Logic Levels:           1  (LUT2=1)
  Clock Path Skew:        -4.713ns (DCD - SCD + CPR)
    Destination Clock Delay (DCD):    -1.288ns
    Source Clock Delay      (SCD):    3.425ns
    Clock Pessimism Removal (CPR):    0.000ns
  Clock Uncertainty:      0.406ns  ((TSJ^2 + DJ^2)^1/2) / 2 + PE
    Total System Jitter     (TSJ):    0.071ns
    Discrete Jitter          (DJ):    0.313ns
    Phase Error              (PE):    0.246ns
  Timing Exception:       Asynchronous Clock Groups

    Location             Delay type                Incr(ns)  Path(ns)    Netlist Resource(s)
  -------------------------------------------------------------------    -------------------
                         (clock TCK rise edge)        0.000     0.000 r  
    BSCAN_X0Y0           BSCANE2                      0.000     0.000 r  u_BSCANE2/TCK
                         net (fo=1, routed)           1.601     1.601    TCK
    BUFGCTRL_X0Y0        BUFG (Prop_bufg_I_O)         0.101     1.702 r  TCK_BUFG_inst/O
                         net (fo=505, routed)         1.723     3.425    u_jtag_mac/CLK
    SLICE_X3Y13          FDRE                                         r  u_jtag_mac/user_rst_assert_reg/C
  -------------------------------------------------------------------    -------------------
    SLICE_X3Y13          FDRE (Prop_fdre_C_Q)         0.456     3.881 r  u_jtag_mac/user_rst_assert_reg/Q
                         net (fo=66, routed)          2.399     6.280    u_jtag_mac/user_rst_assert
    SLICE_X41Y47         LUT2 (Prop_lut2_I0_O)        0.124     6.404 r  u_jtag_mac/empty_tmp_d1_i_1/O
                         net (fo=8129, routed)       19.689    26.094    u_jtag_mac/u_pre_chif_fifo/u_jtag_mac_fifo/U0/inst_fifo_gen/gconvfifo.rf/grf.rf/rstblk/ngwrdrst.grst.g7serrst.gsckt_wrst.gic_rst.xpm_cdc_sync_rst_inst_wrst/src_rst
    SLICE_X5Y18          FDRE                                         r  u_jtag_mac/u_pre_chif_fifo/u_jtag_mac_fifo/U0/inst_fifo_gen/gconvfifo.rf/grf.rf/rstblk/ngwrdrst.grst.g7serrst.gsckt_wrst.gic_rst.xpm_cdc_sync_rst_inst_wrst/syncstages_ff_reg[0]/D
  -------------------------------------------------------------------    -------------------

                         (clock clk_out1_clk_wiz_0 rise edge)
                                                      0.000     0.000 r  
    L16                                               0.000     0.000 r  sysclk (IN)
                         net (fo=0)                   0.000     0.000    u_clk_wiz_0/inst/clk_in1
    L16                  IBUF (Prop_ibuf_I_O)         1.421     1.421 r  u_clk_wiz_0/inst/clkin1_ibufg/O
                         net (fo=1, routed)           1.162     2.583    u_clk_wiz_0/inst/clk_in1_clk_wiz_0
    MMCME2_ADV_X0Y1      MMCME2_ADV (Prop_mmcme2_adv_CLKIN1_CLKOUT0)
                                                     -7.105    -4.522 r  u_clk_wiz_0/inst/mmcm_adv_inst/CLKOUT0
                         net (fo=1, routed)           1.599    -2.923    u_clk_wiz_0/inst/clk_out1_clk_wiz_0
    BUFGCTRL_X0Y16       BUFG (Prop_bufg_I_O)         0.091    -2.832 r  u_clk_wiz_0/inst/clkout1_buf/O
                         net (fo=16020, routed)       1.544    -1.288    u_jtag_mac/u_pre_chif_fifo/u_jtag_mac_fifo/U0/inst_fifo_gen/gconvfifo.rf/grf.rf/rstblk/ngwrdrst.grst.g7serrst.gsckt_wrst.gic_rst.xpm_cdc_sync_rst_inst_wrst/dest_clk
    SLICE_X5Y18          FDRE                                         r  u_jtag_mac/u_pre_chif_fifo/u_jtag_mac_fifo/U0/inst_fifo_gen/gconvfifo.rf/grf.rf/rstblk/ngwrdrst.grst.g7serrst.gsckt_wrst.gic_rst.xpm_cdc_sync_rst_inst_wrst/syncstages_ff_reg[0]/C

Slack:                    inf
  Source:                 u_jtag_mac/user_rst_assert_reg/C
                            (rising edge-triggered cell FDRE clocked by TCK  {rise@0.000ns fall@7.576ns period=15.152ns})
  Destination:            u_jtag_mac/u_simcycle_fifo/u_simcycle_fifo/U0/inst_fifo_gen/gconvfifo.rf/grf.rf/rstblk/ngwrdrst.grst.g7serrst.gsckt_wrst.gic_rst.xpm_cdc_sync_rst_inst_wrst/syncstages_ff_reg[0]/D
                            (rising edge-triggered cell FDRE clocked by clk_out1_clk_wiz_0  {rise@0.000ns fall@20.000ns period=40.000ns})
  Path Group:             (none)
  Path Type:              Setup (Max at Slow Process Corner)
  Data Path Delay:        21.626ns  (logic 0.580ns (2.682%)  route 21.046ns (97.318%))
  Logic Levels:           1  (LUT2=1)
  Clock Path Skew:        -4.705ns (DCD - SCD + CPR)
    Destination Clock Delay (DCD):    -1.280ns
    Source Clock Delay      (SCD):    3.425ns
    Clock Pessimism Removal (CPR):    0.000ns
  Clock Uncertainty:      0.406ns  ((TSJ^2 + DJ^2)^1/2) / 2 + PE
    Total System Jitter     (TSJ):    0.071ns
    Discrete Jitter          (DJ):    0.313ns
    Phase Error              (PE):    0.246ns
  Timing Exception:       Asynchronous Clock Groups

    Location             Delay type                Incr(ns)  Path(ns)    Netlist Resource(s)
  -------------------------------------------------------------------    -------------------
                         (clock TCK rise edge)        0.000     0.000 r  
    BSCAN_X0Y0           BSCANE2                      0.000     0.000 r  u_BSCANE2/TCK
                         net (fo=1, routed)           1.601     1.601    TCK
    BUFGCTRL_X0Y0        BUFG (Prop_bufg_I_O)         0.101     1.702 r  TCK_BUFG_inst/O
                         net (fo=505, routed)         1.723     3.425    u_jtag_mac/CLK
    SLICE_X3Y13          FDRE                                         r  u_jtag_mac/user_rst_assert_reg/C
  -------------------------------------------------------------------    -------------------
    SLICE_X3Y13          FDRE (Prop_fdre_C_Q)         0.456     3.881 r  u_jtag_mac/user_rst_assert_reg/Q
                         net (fo=66, routed)          2.399     6.280    u_jtag_mac/user_rst_assert
    SLICE_X41Y47         LUT2 (Prop_lut2_I0_O)        0.124     6.404 r  u_jtag_mac/empty_tmp_d1_i_1/O
                         net (fo=8129, routed)       18.646    25.051    u_jtag_mac/u_simcycle_fifo/u_simcycle_fifo/U0/inst_fifo_gen/gconvfifo.rf/grf.rf/rstblk/ngwrdrst.grst.g7serrst.gsckt_wrst.gic_rst.xpm_cdc_sync_rst_inst_wrst/src_rst
    SLICE_X3Y10          FDRE                                         r  u_jtag_mac/u_simcycle_fifo/u_simcycle_fifo/U0/inst_fifo_gen/gconvfifo.rf/grf.rf/rstblk/ngwrdrst.grst.g7serrst.gsckt_wrst.gic_rst.xpm_cdc_sync_rst_inst_wrst/syncstages_ff_reg[0]/D
  -------------------------------------------------------------------    -------------------

                         (clock clk_out1_clk_wiz_0 rise edge)
                                                      0.000     0.000 r  
    L16                                               0.000     0.000 r  sysclk (IN)
                         net (fo=0)                   0.000     0.000    u_clk_wiz_0/inst/clk_in1
    L16                  IBUF (Prop_ibuf_I_O)         1.421     1.421 r  u_clk_wiz_0/inst/clkin1_ibufg/O
                         net (fo=1, routed)           1.162     2.583    u_clk_wiz_0/inst/clk_in1_clk_wiz_0
    MMCME2_ADV_X0Y1      MMCME2_ADV (Prop_mmcme2_adv_CLKIN1_CLKOUT0)
                                                     -7.105    -4.522 r  u_clk_wiz_0/inst/mmcm_adv_inst/CLKOUT0
                         net (fo=1, routed)           1.599    -2.923    u_clk_wiz_0/inst/clk_out1_clk_wiz_0
    BUFGCTRL_X0Y16       BUFG (Prop_bufg_I_O)         0.091    -2.832 r  u_clk_wiz_0/inst/clkout1_buf/O
                         net (fo=16020, routed)       1.552    -1.280    u_jtag_mac/u_simcycle_fifo/u_simcycle_fifo/U0/inst_fifo_gen/gconvfifo.rf/grf.rf/rstblk/ngwrdrst.grst.g7serrst.gsckt_wrst.gic_rst.xpm_cdc_sync_rst_inst_wrst/dest_clk
    SLICE_X3Y10          FDRE                                         r  u_jtag_mac/u_simcycle_fifo/u_simcycle_fifo/U0/inst_fifo_gen/gconvfifo.rf/grf.rf/rstblk/ngwrdrst.grst.g7serrst.gsckt_wrst.gic_rst.xpm_cdc_sync_rst_inst_wrst/syncstages_ff_reg[0]/C

Slack:                    inf
  Source:                 u_jtag_mac/user_rst_assert_reg/C
                            (rising edge-triggered cell FDRE clocked by TCK  {rise@0.000ns fall@7.576ns period=15.152ns})
  Destination:            u_jtag_mac/u_post_chif_fifo/u_jtag_mac_fifo/U0/inst_fifo_gen/gconvfifo.rf/grf.rf/rstblk/ngwrdrst.grst.g7serrst.gsckt_wrst.xpm_cdc_sync_rst_inst_wrst/syncstages_ff_reg[0]/D
                            (rising edge-triggered cell FDRE clocked by clk_out1_clk_wiz_0  {rise@0.000ns fall@20.000ns period=40.000ns})
  Path Group:             (none)
  Path Type:              Setup (Max at Slow Process Corner)
  Data Path Delay:        17.780ns  (logic 0.580ns (3.262%)  route 17.200ns (96.738%))
  Logic Levels:           1  (LUT2=1)
  Clock Path Skew:        -4.711ns (DCD - SCD + CPR)
    Destination Clock Delay (DCD):    -1.286ns
    Source Clock Delay      (SCD):    3.425ns
    Clock Pessimism Removal (CPR):    0.000ns
  Clock Uncertainty:      0.406ns  ((TSJ^2 + DJ^2)^1/2) / 2 + PE
    Total System Jitter     (TSJ):    0.071ns
    Discrete Jitter          (DJ):    0.313ns
    Phase Error              (PE):    0.246ns
  Timing Exception:       Asynchronous Clock Groups

    Location             Delay type                Incr(ns)  Path(ns)    Netlist Resource(s)
  -------------------------------------------------------------------    -------------------
                         (clock TCK rise edge)        0.000     0.000 r  
    BSCAN_X0Y0           BSCANE2                      0.000     0.000 r  u_BSCANE2/TCK
                         net (fo=1, routed)           1.601     1.601    TCK
    BUFGCTRL_X0Y0        BUFG (Prop_bufg_I_O)         0.101     1.702 r  TCK_BUFG_inst/O
                         net (fo=505, routed)         1.723     3.425    u_jtag_mac/CLK
    SLICE_X3Y13          FDRE                                         r  u_jtag_mac/user_rst_assert_reg/C
  -------------------------------------------------------------------    -------------------
    SLICE_X3Y13          FDRE (Prop_fdre_C_Q)         0.456     3.881 r  u_jtag_mac/user_rst_assert_reg/Q
                         net (fo=66, routed)          2.399     6.280    u_jtag_mac/user_rst_assert
    SLICE_X41Y47         LUT2 (Prop_lut2_I0_O)        0.124     6.404 r  u_jtag_mac/empty_tmp_d1_i_1/O
                         net (fo=8129, routed)       14.800    21.205    u_jtag_mac/u_post_chif_fifo/u_jtag_mac_fifo/U0/inst_fifo_gen/gconvfifo.rf/grf.rf/rstblk/ngwrdrst.grst.g7serrst.gsckt_wrst.xpm_cdc_sync_rst_inst_wrst/src_rst
    SLICE_X2Y32          FDRE                                         r  u_jtag_mac/u_post_chif_fifo/u_jtag_mac_fifo/U0/inst_fifo_gen/gconvfifo.rf/grf.rf/rstblk/ngwrdrst.grst.g7serrst.gsckt_wrst.xpm_cdc_sync_rst_inst_wrst/syncstages_ff_reg[0]/D
  -------------------------------------------------------------------    -------------------

                         (clock clk_out1_clk_wiz_0 rise edge)
                                                      0.000     0.000 r  
    L16                                               0.000     0.000 r  sysclk (IN)
                         net (fo=0)                   0.000     0.000    u_clk_wiz_0/inst/clk_in1
    L16                  IBUF (Prop_ibuf_I_O)         1.421     1.421 r  u_clk_wiz_0/inst/clkin1_ibufg/O
                         net (fo=1, routed)           1.162     2.583    u_clk_wiz_0/inst/clk_in1_clk_wiz_0
    MMCME2_ADV_X0Y1      MMCME2_ADV (Prop_mmcme2_adv_CLKIN1_CLKOUT0)
                                                     -7.105    -4.522 r  u_clk_wiz_0/inst/mmcm_adv_inst/CLKOUT0
                         net (fo=1, routed)           1.599    -2.923    u_clk_wiz_0/inst/clk_out1_clk_wiz_0
    BUFGCTRL_X0Y16       BUFG (Prop_bufg_I_O)         0.091    -2.832 r  u_clk_wiz_0/inst/clkout1_buf/O
                         net (fo=16020, routed)       1.546    -1.286    u_jtag_mac/u_post_chif_fifo/u_jtag_mac_fifo/U0/inst_fifo_gen/gconvfifo.rf/grf.rf/rstblk/ngwrdrst.grst.g7serrst.gsckt_wrst.xpm_cdc_sync_rst_inst_wrst/dest_clk
    SLICE_X2Y32          FDRE                                         r  u_jtag_mac/u_post_chif_fifo/u_jtag_mac_fifo/U0/inst_fifo_gen/gconvfifo.rf/grf.rf/rstblk/ngwrdrst.grst.g7serrst.gsckt_wrst.xpm_cdc_sync_rst_inst_wrst/syncstages_ff_reg[0]/C

Slack:                    inf
  Source:                 u_jtag_mac/u_pre_chif_fifo/u_jtag_mac_fifo/U0/inst_fifo_gen/gconvfifo.rf/grf.rf/rstblk/ngwrdrst.grst.g7serrst.gsckt_wrst.gic_rst.sckt_wr_rst_ic_reg/C
                            (rising edge-triggered cell FDRE clocked by TCK  {rise@0.000ns fall@7.576ns period=15.152ns})
  Destination:            u_jtag_mac/u_pre_chif_fifo/u_jtag_mac_fifo/U0/inst_fifo_gen/gconvfifo.rf/grf.rf/rstblk/ngwrdrst.grst.g7serrst.gsckt_wrst.gic_rst.xpm_cdc_single_inst_wrst_rd/syncstages_ff_reg[0]/D
                            (rising edge-triggered cell FDRE clocked by clk_out1_clk_wiz_0  {rise@0.000ns fall@20.000ns period=40.000ns})
  Path Group:             (none)
  Path Type:              Setup (Max at Slow Process Corner)
  Data Path Delay:        1.679ns  (logic 0.518ns (30.843%)  route 1.161ns (69.157%))
  Logic Levels:           0  
  Clock Path Skew:        -4.701ns (DCD - SCD + CPR)
    Destination Clock Delay (DCD):    -1.333ns
    Source Clock Delay      (SCD):    3.368ns
    Clock Pessimism Removal (CPR):    0.000ns
  Clock Uncertainty:      0.406ns  ((TSJ^2 + DJ^2)^1/2) / 2 + PE
    Total System Jitter     (TSJ):    0.071ns
    Discrete Jitter          (DJ):    0.313ns
    Phase Error              (PE):    0.246ns
  Timing Exception:       Asynchronous Clock Groups

    Location             Delay type                Incr(ns)  Path(ns)    Netlist Resource(s)
  -------------------------------------------------------------------    -------------------
                         (clock TCK rise edge)        0.000     0.000 r  
    BSCAN_X0Y0           BSCANE2                      0.000     0.000 r  u_BSCANE2/TCK
                         net (fo=1, routed)           1.601     1.601    TCK
    BUFGCTRL_X0Y0        BUFG (Prop_bufg_I_O)         0.101     1.702 r  TCK_BUFG_inst/O
                         net (fo=505, routed)         1.666     3.368    u_jtag_mac/u_pre_chif_fifo/u_jtag_mac_fifo/U0/inst_fifo_gen/gconvfifo.rf/grf.rf/rstblk/wr_clk
    SLICE_X16Y16         FDRE                                         r  u_jtag_mac/u_pre_chif_fifo/u_jtag_mac_fifo/U0/inst_fifo_gen/gconvfifo.rf/grf.rf/rstblk/ngwrdrst.grst.g7serrst.gsckt_wrst.gic_rst.sckt_wr_rst_ic_reg/C
  -------------------------------------------------------------------    -------------------
    SLICE_X16Y16         FDRE (Prop_fdre_C_Q)         0.518     3.886 r  u_jtag_mac/u_pre_chif_fifo/u_jtag_mac_fifo/U0/inst_fifo_gen/gconvfifo.rf/grf.rf/rstblk/ngwrdrst.grst.g7serrst.gsckt_wrst.gic_rst.sckt_wr_rst_ic_reg/Q
                         net (fo=54, routed)          1.161     5.047    u_jtag_mac/u_pre_chif_fifo/u_jtag_mac_fifo/U0/inst_fifo_gen/gconvfifo.rf/grf.rf/rstblk/ngwrdrst.grst.g7serrst.gsckt_wrst.gic_rst.xpm_cdc_single_inst_wrst_rd/src_in
    SLICE_X6Y18          FDRE                                         r  u_jtag_mac/u_pre_chif_fifo/u_jtag_mac_fifo/U0/inst_fifo_gen/gconvfifo.rf/grf.rf/rstblk/ngwrdrst.grst.g7serrst.gsckt_wrst.gic_rst.xpm_cdc_single_inst_wrst_rd/syncstages_ff_reg[0]/D
  -------------------------------------------------------------------    -------------------

                         (clock clk_out1_clk_wiz_0 rise edge)
                                                      0.000     0.000 r  
    L16                                               0.000     0.000 r  sysclk (IN)
                         net (fo=0)                   0.000     0.000    u_clk_wiz_0/inst/clk_in1
    L16                  IBUF (Prop_ibuf_I_O)         1.421     1.421 r  u_clk_wiz_0/inst/clkin1_ibufg/O
                         net (fo=1, routed)           1.162     2.583    u_clk_wiz_0/inst/clk_in1_clk_wiz_0
    MMCME2_ADV_X0Y1      MMCME2_ADV (Prop_mmcme2_adv_CLKIN1_CLKOUT0)
                                                     -7.105    -4.522 r  u_clk_wiz_0/inst/mmcm_adv_inst/CLKOUT0
                         net (fo=1, routed)           1.599    -2.923    u_clk_wiz_0/inst/clk_out1_clk_wiz_0
    BUFGCTRL_X0Y16       BUFG (Prop_bufg_I_O)         0.091    -2.832 r  u_clk_wiz_0/inst/clkout1_buf/O
                         net (fo=16020, routed)       1.499    -1.333    u_jtag_mac/u_pre_chif_fifo/u_jtag_mac_fifo/U0/inst_fifo_gen/gconvfifo.rf/grf.rf/rstblk/ngwrdrst.grst.g7serrst.gsckt_wrst.gic_rst.xpm_cdc_single_inst_wrst_rd/dest_clk
    SLICE_X6Y18          FDRE                                         r  u_jtag_mac/u_pre_chif_fifo/u_jtag_mac_fifo/U0/inst_fifo_gen/gconvfifo.rf/grf.rf/rstblk/ngwrdrst.grst.g7serrst.gsckt_wrst.gic_rst.xpm_cdc_single_inst_wrst_rd/syncstages_ff_reg[0]/C

Slack:                    inf
  Source:                 u_jtag_mac/u_post_chif_fifo/u_jtag_mac_fifo/U0/inst_fifo_gen/gconvfifo.rf/grf.rf/rstblk/ngwrdrst.grst.g7serrst.gsckt_wrst.gic_rst.sckt_rd_rst_ic_reg/C
                            (rising edge-triggered cell FDRE clocked by TCK  {rise@0.000ns fall@7.576ns period=15.152ns})
  Destination:            u_jtag_mac/u_post_chif_fifo/u_jtag_mac_fifo/U0/inst_fifo_gen/gconvfifo.rf/grf.rf/rstblk/ngwrdrst.grst.g7serrst.gsckt_wrst.gic_rst.xpm_cdc_single_inst_rrst_wr/syncstages_ff_reg[0]/D
                            (rising edge-triggered cell FDRE clocked by clk_out1_clk_wiz_0  {rise@0.000ns fall@20.000ns period=40.000ns})
  Path Group:             (none)
  Path Type:              Setup (Max at Slow Process Corner)
  Data Path Delay:        1.189ns  (logic 0.456ns (38.364%)  route 0.733ns (61.636%))
  Logic Levels:           0  
  Clock Path Skew:        -4.698ns (DCD - SCD + CPR)
    Destination Clock Delay (DCD):    -1.286ns
    Source Clock Delay      (SCD):    3.412ns
    Clock Pessimism Removal (CPR):    0.000ns
  Clock Uncertainty:      0.406ns  ((TSJ^2 + DJ^2)^1/2) / 2 + PE
    Total System Jitter     (TSJ):    0.071ns
    Discrete Jitter          (DJ):    0.313ns
    Phase Error              (PE):    0.246ns
  Timing Exception:       Asynchronous Clock Groups

    Location             Delay type                Incr(ns)  Path(ns)    Netlist Resource(s)
  -------------------------------------------------------------------    -------------------
                         (clock TCK rise edge)        0.000     0.000 r  
    BSCAN_X0Y0           BSCANE2                      0.000     0.000 r  u_BSCANE2/TCK
                         net (fo=1, routed)           1.601     1.601    TCK
    BUFGCTRL_X0Y0        BUFG (Prop_bufg_I_O)         0.101     1.702 r  TCK_BUFG_inst/O
                         net (fo=505, routed)         1.710     3.412    u_jtag_mac/u_post_chif_fifo/u_jtag_mac_fifo/U0/inst_fifo_gen/gconvfifo.rf/grf.rf/rstblk/rd_clk
    SLICE_X3Y26          FDRE                                         r  u_jtag_mac/u_post_chif_fifo/u_jtag_mac_fifo/U0/inst_fifo_gen/gconvfifo.rf/grf.rf/rstblk/ngwrdrst.grst.g7serrst.gsckt_wrst.gic_rst.sckt_rd_rst_ic_reg/C
  -------------------------------------------------------------------    -------------------
    SLICE_X3Y26          FDRE (Prop_fdre_C_Q)         0.456     3.868 r  u_jtag_mac/u_post_chif_fifo/u_jtag_mac_fifo/U0/inst_fifo_gen/gconvfifo.rf/grf.rf/rstblk/ngwrdrst.grst.g7serrst.gsckt_wrst.gic_rst.sckt_rd_rst_ic_reg/Q
                         net (fo=43, routed)          0.733     4.601    u_jtag_mac/u_post_chif_fifo/u_jtag_mac_fifo/U0/inst_fifo_gen/gconvfifo.rf/grf.rf/rstblk/ngwrdrst.grst.g7serrst.gsckt_wrst.gic_rst.xpm_cdc_single_inst_rrst_wr/src_in
    SLICE_X3Y32          FDRE                                         r  u_jtag_mac/u_post_chif_fifo/u_jtag_mac_fifo/U0/inst_fifo_gen/gconvfifo.rf/grf.rf/rstblk/ngwrdrst.grst.g7serrst.gsckt_wrst.gic_rst.xpm_cdc_single_inst_rrst_wr/syncstages_ff_reg[0]/D
  -------------------------------------------------------------------    -------------------

                         (clock clk_out1_clk_wiz_0 rise edge)
                                                      0.000     0.000 r  
    L16                                               0.000     0.000 r  sysclk (IN)
                         net (fo=0)                   0.000     0.000    u_clk_wiz_0/inst/clk_in1
    L16                  IBUF (Prop_ibuf_I_O)         1.421     1.421 r  u_clk_wiz_0/inst/clkin1_ibufg/O
                         net (fo=1, routed)           1.162     2.583    u_clk_wiz_0/inst/clk_in1_clk_wiz_0
    MMCME2_ADV_X0Y1      MMCME2_ADV (Prop_mmcme2_adv_CLKIN1_CLKOUT0)
                                                     -7.105    -4.522 r  u_clk_wiz_0/inst/mmcm_adv_inst/CLKOUT0
                         net (fo=1, routed)           1.599    -2.923    u_clk_wiz_0/inst/clk_out1_clk_wiz_0
    BUFGCTRL_X0Y16       BUFG (Prop_bufg_I_O)         0.091    -2.832 r  u_clk_wiz_0/inst/clkout1_buf/O
                         net (fo=16020, routed)       1.546    -1.286    u_jtag_mac/u_post_chif_fifo/u_jtag_mac_fifo/U0/inst_fifo_gen/gconvfifo.rf/grf.rf/rstblk/ngwrdrst.grst.g7serrst.gsckt_wrst.gic_rst.xpm_cdc_single_inst_rrst_wr/dest_clk
    SLICE_X3Y32          FDRE                                         r  u_jtag_mac/u_post_chif_fifo/u_jtag_mac_fifo/U0/inst_fifo_gen/gconvfifo.rf/grf.rf/rstblk/ngwrdrst.grst.g7serrst.gsckt_wrst.gic_rst.xpm_cdc_single_inst_rrst_wr/syncstages_ff_reg[0]/C

Slack:                    inf
  Source:                 u_jtag_mac/u_simcycle_fifo/u_simcycle_fifo/U0/inst_fifo_gen/gconvfifo.rf/grf.rf/rstblk/ngwrdrst.grst.g7serrst.gsckt_wrst.gic_rst.sckt_wr_rst_ic_reg/C
                            (rising edge-triggered cell FDRE clocked by TCK  {rise@0.000ns fall@7.576ns period=15.152ns})
  Destination:            u_jtag_mac/u_simcycle_fifo/u_simcycle_fifo/U0/inst_fifo_gen/gconvfifo.rf/grf.rf/rstblk/ngwrdrst.grst.g7serrst.gsckt_wrst.gic_rst.xpm_cdc_single_inst_wrst_rd/syncstages_ff_reg[0]/D
                            (rising edge-triggered cell FDRE clocked by clk_out1_clk_wiz_0  {rise@0.000ns fall@20.000ns period=40.000ns})
  Path Group:             (none)
  Path Type:              Setup (Max at Slow Process Corner)
  Data Path Delay:        0.823ns  (logic 0.456ns (55.374%)  route 0.367ns (44.626%))
  Logic Levels:           0  
  Clock Path Skew:        -4.712ns (DCD - SCD + CPR)
    Destination Clock Delay (DCD):    -1.284ns
    Source Clock Delay      (SCD):    3.428ns
    Clock Pessimism Removal (CPR):    0.000ns
  Clock Uncertainty:      0.406ns  ((TSJ^2 + DJ^2)^1/2) / 2 + PE
    Total System Jitter     (TSJ):    0.071ns
    Discrete Jitter          (DJ):    0.313ns
    Phase Error              (PE):    0.246ns
  Timing Exception:       Asynchronous Clock Groups

    Location             Delay type                Incr(ns)  Path(ns)    Netlist Resource(s)
  -------------------------------------------------------------------    -------------------
                         (clock TCK rise edge)        0.000     0.000 r  
    BSCAN_X0Y0           BSCANE2                      0.000     0.000 r  u_BSCANE2/TCK
                         net (fo=1, routed)           1.601     1.601    TCK
    BUFGCTRL_X0Y0        BUFG (Prop_bufg_I_O)         0.101     1.702 r  TCK_BUFG_inst/O
                         net (fo=505, routed)         1.726     3.428    u_jtag_mac/u_simcycle_fifo/u_simcycle_fifo/U0/inst_fifo_gen/gconvfifo.rf/grf.rf/rstblk/wr_clk
    SLICE_X2Y9           FDRE                                         r  u_jtag_mac/u_simcycle_fifo/u_simcycle_fifo/U0/inst_fifo_gen/gconvfifo.rf/grf.rf/rstblk/ngwrdrst.grst.g7serrst.gsckt_wrst.gic_rst.sckt_wr_rst_ic_reg/C
  -------------------------------------------------------------------    -------------------
    SLICE_X2Y9           FDRE (Prop_fdre_C_Q)         0.456     3.884 r  u_jtag_mac/u_simcycle_fifo/u_simcycle_fifo/U0/inst_fifo_gen/gconvfifo.rf/grf.rf/rstblk/ngwrdrst.grst.g7serrst.gsckt_wrst.gic_rst.sckt_wr_rst_ic_reg/Q
                         net (fo=16, routed)          0.367     4.251    u_jtag_mac/u_simcycle_fifo/u_simcycle_fifo/U0/inst_fifo_gen/gconvfifo.rf/grf.rf/rstblk/ngwrdrst.grst.g7serrst.gsckt_wrst.gic_rst.xpm_cdc_single_inst_wrst_rd/src_in
    SLICE_X1Y10          FDRE                                         r  u_jtag_mac/u_simcycle_fifo/u_simcycle_fifo/U0/inst_fifo_gen/gconvfifo.rf/grf.rf/rstblk/ngwrdrst.grst.g7serrst.gsckt_wrst.gic_rst.xpm_cdc_single_inst_wrst_rd/syncstages_ff_reg[0]/D
  -------------------------------------------------------------------    -------------------

                         (clock clk_out1_clk_wiz_0 rise edge)
                                                      0.000     0.000 r  
    L16                                               0.000     0.000 r  sysclk (IN)
                         net (fo=0)                   0.000     0.000    u_clk_wiz_0/inst/clk_in1
    L16                  IBUF (Prop_ibuf_I_O)         1.421     1.421 r  u_clk_wiz_0/inst/clkin1_ibufg/O
                         net (fo=1, routed)           1.162     2.583    u_clk_wiz_0/inst/clk_in1_clk_wiz_0
    MMCME2_ADV_X0Y1      MMCME2_ADV (Prop_mmcme2_adv_CLKIN1_CLKOUT0)
                                                     -7.105    -4.522 r  u_clk_wiz_0/inst/mmcm_adv_inst/CLKOUT0
                         net (fo=1, routed)           1.599    -2.923    u_clk_wiz_0/inst/clk_out1_clk_wiz_0
    BUFGCTRL_X0Y16       BUFG (Prop_bufg_I_O)         0.091    -2.832 r  u_clk_wiz_0/inst/clkout1_buf/O
                         net (fo=16020, routed)       1.548    -1.284    u_jtag_mac/u_simcycle_fifo/u_simcycle_fifo/U0/inst_fifo_gen/gconvfifo.rf/grf.rf/rstblk/ngwrdrst.grst.g7serrst.gsckt_wrst.gic_rst.xpm_cdc_single_inst_wrst_rd/dest_clk
    SLICE_X1Y10          FDRE                                         r  u_jtag_mac/u_simcycle_fifo/u_simcycle_fifo/U0/inst_fifo_gen/gconvfifo.rf/grf.rf/rstblk/ngwrdrst.grst.g7serrst.gsckt_wrst.gic_rst.xpm_cdc_single_inst_wrst_rd/syncstages_ff_reg[0]/C

Slack:                    inf
  Source:                 u_jtag_mac/user_rst_assert_reg/C
                            (rising edge-triggered cell FDRE clocked by TCK  {rise@0.000ns fall@7.576ns period=15.152ns})
  Destination:            u_mwfil_chiftop/u_dut/u_Subsystem1/Subsystem_Reference_1_1/Absolute_of_Complex_1_1/CORDIC_Square_Root_HDL_Optim_1/Cast_to_Union_of_Types_1_1/delayMatch_reg_reg[1][17]/R
                            (rising edge-triggered cell FDRE clocked by clk_out1_clk_wiz_0  {rise@0.000ns fall@20.000ns period=40.000ns})
  Path Group:             (none)
  Path Type:              Setup (Max at Slow Process Corner)
  Data Path Delay:        37.408ns  (logic 0.580ns (1.550%)  route 36.828ns (98.450%))
  Logic Levels:           1  (LUT2=1)
  Clock Path Skew:        -4.705ns (DCD - SCD + CPR)
    Destination Clock Delay (DCD):    -1.280ns
    Source Clock Delay      (SCD):    3.425ns
    Clock Pessimism Removal (CPR):    0.000ns
  Clock Uncertainty:      0.406ns  ((TSJ^2 + DJ^2)^1/2) / 2 + PE
    Total System Jitter     (TSJ):    0.071ns
    Discrete Jitter          (DJ):    0.313ns
    Phase Error              (PE):    0.246ns
  Timing Exception:       Asynchronous Clock Groups

    Location             Delay type                Incr(ns)  Path(ns)    Netlist Resource(s)
  -------------------------------------------------------------------    -------------------
                         (clock TCK rise edge)        0.000     0.000 r  
    BSCAN_X0Y0           BSCANE2                      0.000     0.000 r  u_BSCANE2/TCK
                         net (fo=1, routed)           1.601     1.601    TCK
    BUFGCTRL_X0Y0        BUFG (Prop_bufg_I_O)         0.101     1.702 r  TCK_BUFG_inst/O
                         net (fo=505, routed)         1.723     3.425    u_jtag_mac/CLK
    SLICE_X3Y13          FDRE                                         r  u_jtag_mac/user_rst_assert_reg/C
  -------------------------------------------------------------------    -------------------
    SLICE_X3Y13          FDRE (Prop_fdre_C_Q)         0.456     3.881 r  u_jtag_mac/user_rst_assert_reg/Q
                         net (fo=66, routed)          2.399     6.280    u_jtag_mac/user_rst_assert
    SLICE_X41Y47         LUT2 (Prop_lut2_I0_O)        0.124     6.404 r  u_jtag_mac/empty_tmp_d1_i_1/O
                         net (fo=8129, routed)       34.429    40.833    u_mwfil_chiftop/u_dut/u_Subsystem1/Subsystem_Reference_1_1/Absolute_of_Complex_1_1/CORDIC_Square_Root_HDL_Optim_1/Cast_to_Union_of_Types_1_1/chif_reset
    SLICE_X42Y69         FDRE                                         r  u_mwfil_chiftop/u_dut/u_Subsystem1/Subsystem_Reference_1_1/Absolute_of_Complex_1_1/CORDIC_Square_Root_HDL_Optim_1/Cast_to_Union_of_Types_1_1/delayMatch_reg_reg[1][17]/R
  -------------------------------------------------------------------    -------------------

                         (clock clk_out1_clk_wiz_0 rise edge)
                                                      0.000     0.000 r  
    L16                                               0.000     0.000 r  sysclk (IN)
                         net (fo=0)                   0.000     0.000    u_clk_wiz_0/inst/clk_in1
    L16                  IBUF (Prop_ibuf_I_O)         1.421     1.421 r  u_clk_wiz_0/inst/clkin1_ibufg/O
                         net (fo=1, routed)           1.162     2.583    u_clk_wiz_0/inst/clk_in1_clk_wiz_0
    MMCME2_ADV_X0Y1      MMCME2_ADV (Prop_mmcme2_adv_CLKIN1_CLKOUT0)
                                                     -7.105    -4.522 r  u_clk_wiz_0/inst/mmcm_adv_inst/CLKOUT0
                         net (fo=1, routed)           1.599    -2.923    u_clk_wiz_0/inst/clk_out1_clk_wiz_0
    BUFGCTRL_X0Y16       BUFG (Prop_bufg_I_O)         0.091    -2.832 r  u_clk_wiz_0/inst/clkout1_buf/O
                         net (fo=16020, routed)       1.552    -1.280    u_mwfil_chiftop/u_dut/u_Subsystem1/Subsystem_Reference_1_1/Absolute_of_Complex_1_1/CORDIC_Square_Root_HDL_Optim_1/Cast_to_Union_of_Types_1_1/clk_out1
    SLICE_X42Y69         FDRE                                         r  u_mwfil_chiftop/u_dut/u_Subsystem1/Subsystem_Reference_1_1/Absolute_of_Complex_1_1/CORDIC_Square_Root_HDL_Optim_1/Cast_to_Union_of_Types_1_1/delayMatch_reg_reg[1][17]/C

Slack:                    inf
  Source:                 u_jtag_mac/user_rst_assert_reg/C
                            (rising edge-triggered cell FDRE clocked by TCK  {rise@0.000ns fall@7.576ns period=15.152ns})
  Destination:            u_mwfil_chiftop/u_dut/u_Subsystem1/Subsystem_Reference_1_1/Absolute_of_Complex_1_1/CORDIC_Square_Root_HDL_Optim_1/Cast_to_Union_of_Types_1_1/delayMatch_reg_reg[1][9]/R
                            (rising edge-triggered cell FDRE clocked by clk_out1_clk_wiz_0  {rise@0.000ns fall@20.000ns period=40.000ns})
  Path Group:             (none)
  Path Type:              Setup (Max at Slow Process Corner)
  Data Path Delay:        37.408ns  (logic 0.580ns (1.550%)  route 36.828ns (98.450%))
  Logic Levels:           1  (LUT2=1)
  Clock Path Skew:        -4.705ns (DCD - SCD + CPR)
    Destination Clock Delay (DCD):    -1.280ns
    Source Clock Delay      (SCD):    3.425ns
    Clock Pessimism Removal (CPR):    0.000ns
  Clock Uncertainty:      0.406ns  ((TSJ^2 + DJ^2)^1/2) / 2 + PE
    Total System Jitter     (TSJ):    0.071ns
    Discrete Jitter          (DJ):    0.313ns
    Phase Error              (PE):    0.246ns
  Timing Exception:       Asynchronous Clock Groups

    Location             Delay type                Incr(ns)  Path(ns)    Netlist Resource(s)
  -------------------------------------------------------------------    -------------------
                         (clock TCK rise edge)        0.000     0.000 r  
    BSCAN_X0Y0           BSCANE2                      0.000     0.000 r  u_BSCANE2/TCK
                         net (fo=1, routed)           1.601     1.601    TCK
    BUFGCTRL_X0Y0        BUFG (Prop_bufg_I_O)         0.101     1.702 r  TCK_BUFG_inst/O
                         net (fo=505, routed)         1.723     3.425    u_jtag_mac/CLK
    SLICE_X3Y13          FDRE                                         r  u_jtag_mac/user_rst_assert_reg/C
  -------------------------------------------------------------------    -------------------
    SLICE_X3Y13          FDRE (Prop_fdre_C_Q)         0.456     3.881 r  u_jtag_mac/user_rst_assert_reg/Q
                         net (fo=66, routed)          2.399     6.280    u_jtag_mac/user_rst_assert
    SLICE_X41Y47         LUT2 (Prop_lut2_I0_O)        0.124     6.404 r  u_jtag_mac/empty_tmp_d1_i_1/O
                         net (fo=8129, routed)       34.429    40.833    u_mwfil_chiftop/u_dut/u_Subsystem1/Subsystem_Reference_1_1/Absolute_of_Complex_1_1/CORDIC_Square_Root_HDL_Optim_1/Cast_to_Union_of_Types_1_1/chif_reset
    SLICE_X42Y69         FDRE                                         r  u_mwfil_chiftop/u_dut/u_Subsystem1/Subsystem_Reference_1_1/Absolute_of_Complex_1_1/CORDIC_Square_Root_HDL_Optim_1/Cast_to_Union_of_Types_1_1/delayMatch_reg_reg[1][9]/R
  -------------------------------------------------------------------    -------------------

                         (clock clk_out1_clk_wiz_0 rise edge)
                                                      0.000     0.000 r  
    L16                                               0.000     0.000 r  sysclk (IN)
                         net (fo=0)                   0.000     0.000    u_clk_wiz_0/inst/clk_in1
    L16                  IBUF (Prop_ibuf_I_O)         1.421     1.421 r  u_clk_wiz_0/inst/clkin1_ibufg/O
                         net (fo=1, routed)           1.162     2.583    u_clk_wiz_0/inst/clk_in1_clk_wiz_0
    MMCME2_ADV_X0Y1      MMCME2_ADV (Prop_mmcme2_adv_CLKIN1_CLKOUT0)
                                                     -7.105    -4.522 r  u_clk_wiz_0/inst/mmcm_adv_inst/CLKOUT0
                         net (fo=1, routed)           1.599    -2.923    u_clk_wiz_0/inst/clk_out1_clk_wiz_0
    BUFGCTRL_X0Y16       BUFG (Prop_bufg_I_O)         0.091    -2.832 r  u_clk_wiz_0/inst/clkout1_buf/O
                         net (fo=16020, routed)       1.552    -1.280    u_mwfil_chiftop/u_dut/u_Subsystem1/Subsystem_Reference_1_1/Absolute_of_Complex_1_1/CORDIC_Square_Root_HDL_Optim_1/Cast_to_Union_of_Types_1_1/clk_out1
    SLICE_X42Y69         FDRE                                         r  u_mwfil_chiftop/u_dut/u_Subsystem1/Subsystem_Reference_1_1/Absolute_of_Complex_1_1/CORDIC_Square_Root_HDL_Optim_1/Cast_to_Union_of_Types_1_1/delayMatch_reg_reg[1][9]/C

Slack:                    inf
  Source:                 u_jtag_mac/user_rst_assert_reg/C
                            (rising edge-triggered cell FDRE clocked by TCK  {rise@0.000ns fall@7.576ns period=15.152ns})
  Destination:            u_mwfil_chiftop/u_dut/u_Subsystem1/Subsystem_Reference_1_1/Absolute_of_Complex_1_1/CORDIC_Square_Root_HDL_Optim_1/Cast_to_Union_of_Types_1_1/delayMatch_reg_reg[2][17]/R
                            (rising edge-triggered cell FDRE clocked by clk_out1_clk_wiz_0  {rise@0.000ns fall@20.000ns period=40.000ns})
  Path Group:             (none)
  Path Type:              Setup (Max at Slow Process Corner)
  Data Path Delay:        37.408ns  (logic 0.580ns (1.550%)  route 36.828ns (98.450%))
  Logic Levels:           1  (LUT2=1)
  Clock Path Skew:        -4.705ns (DCD - SCD + CPR)
    Destination Clock Delay (DCD):    -1.280ns
    Source Clock Delay      (SCD):    3.425ns
    Clock Pessimism Removal (CPR):    0.000ns
  Clock Uncertainty:      0.406ns  ((TSJ^2 + DJ^2)^1/2) / 2 + PE
    Total System Jitter     (TSJ):    0.071ns
    Discrete Jitter          (DJ):    0.313ns
    Phase Error              (PE):    0.246ns
  Timing Exception:       Asynchronous Clock Groups

    Location             Delay type                Incr(ns)  Path(ns)    Netlist Resource(s)
  -------------------------------------------------------------------    -------------------
                         (clock TCK rise edge)        0.000     0.000 r  
    BSCAN_X0Y0           BSCANE2                      0.000     0.000 r  u_BSCANE2/TCK
                         net (fo=1, routed)           1.601     1.601    TCK
    BUFGCTRL_X0Y0        BUFG (Prop_bufg_I_O)         0.101     1.702 r  TCK_BUFG_inst/O
                         net (fo=505, routed)         1.723     3.425    u_jtag_mac/CLK
    SLICE_X3Y13          FDRE                                         r  u_jtag_mac/user_rst_assert_reg/C
  -------------------------------------------------------------------    -------------------
    SLICE_X3Y13          FDRE (Prop_fdre_C_Q)         0.456     3.881 r  u_jtag_mac/user_rst_assert_reg/Q
                         net (fo=66, routed)          2.399     6.280    u_jtag_mac/user_rst_assert
    SLICE_X41Y47         LUT2 (Prop_lut2_I0_O)        0.124     6.404 r  u_jtag_mac/empty_tmp_d1_i_1/O
                         net (fo=8129, routed)       34.429    40.833    u_mwfil_chiftop/u_dut/u_Subsystem1/Subsystem_Reference_1_1/Absolute_of_Complex_1_1/CORDIC_Square_Root_HDL_Optim_1/Cast_to_Union_of_Types_1_1/chif_reset
    SLICE_X42Y69         FDRE                                         r  u_mwfil_chiftop/u_dut/u_Subsystem1/Subsystem_Reference_1_1/Absolute_of_Complex_1_1/CORDIC_Square_Root_HDL_Optim_1/Cast_to_Union_of_Types_1_1/delayMatch_reg_reg[2][17]/R
  -------------------------------------------------------------------    -------------------

                         (clock clk_out1_clk_wiz_0 rise edge)
                                                      0.000     0.000 r  
    L16                                               0.000     0.000 r  sysclk (IN)
                         net (fo=0)                   0.000     0.000    u_clk_wiz_0/inst/clk_in1
    L16                  IBUF (Prop_ibuf_I_O)         1.421     1.421 r  u_clk_wiz_0/inst/clkin1_ibufg/O
                         net (fo=1, routed)           1.162     2.583    u_clk_wiz_0/inst/clk_in1_clk_wiz_0
    MMCME2_ADV_X0Y1      MMCME2_ADV (Prop_mmcme2_adv_CLKIN1_CLKOUT0)
                                                     -7.105    -4.522 r  u_clk_wiz_0/inst/mmcm_adv_inst/CLKOUT0
                         net (fo=1, routed)           1.599    -2.923    u_clk_wiz_0/inst/clk_out1_clk_wiz_0
    BUFGCTRL_X0Y16       BUFG (Prop_bufg_I_O)         0.091    -2.832 r  u_clk_wiz_0/inst/clkout1_buf/O
                         net (fo=16020, routed)       1.552    -1.280    u_mwfil_chiftop/u_dut/u_Subsystem1/Subsystem_Reference_1_1/Absolute_of_Complex_1_1/CORDIC_Square_Root_HDL_Optim_1/Cast_to_Union_of_Types_1_1/clk_out1
    SLICE_X42Y69         FDRE                                         r  u_mwfil_chiftop/u_dut/u_Subsystem1/Subsystem_Reference_1_1/Absolute_of_Complex_1_1/CORDIC_Square_Root_HDL_Optim_1/Cast_to_Union_of_Types_1_1/delayMatch_reg_reg[2][17]/C

Slack:                    inf
  Source:                 u_jtag_mac/user_rst_assert_reg/C
                            (rising edge-triggered cell FDRE clocked by TCK  {rise@0.000ns fall@7.576ns period=15.152ns})
  Destination:            u_mwfil_chiftop/u_dut/u_Subsystem1/Subsystem_Reference_1_1/Absolute_of_Complex_1_1/CORDIC_Square_Root_HDL_Optim_1/Cast_to_Union_of_Types_1_1/delayMatch_reg_reg[2][9]/R
                            (rising edge-triggered cell FDRE clocked by clk_out1_clk_wiz_0  {rise@0.000ns fall@20.000ns period=40.000ns})
  Path Group:             (none)
  Path Type:              Setup (Max at Slow Process Corner)
  Data Path Delay:        37.408ns  (logic 0.580ns (1.550%)  route 36.828ns (98.450%))
  Logic Levels:           1  (LUT2=1)
  Clock Path Skew:        -4.705ns (DCD - SCD + CPR)
    Destination Clock Delay (DCD):    -1.280ns
    Source Clock Delay      (SCD):    3.425ns
    Clock Pessimism Removal (CPR):    0.000ns
  Clock Uncertainty:      0.406ns  ((TSJ^2 + DJ^2)^1/2) / 2 + PE
    Total System Jitter     (TSJ):    0.071ns
    Discrete Jitter          (DJ):    0.313ns
    Phase Error              (PE):    0.246ns
  Timing Exception:       Asynchronous Clock Groups

    Location             Delay type                Incr(ns)  Path(ns)    Netlist Resource(s)
  -------------------------------------------------------------------    -------------------
                         (clock TCK rise edge)        0.000     0.000 r  
    BSCAN_X0Y0           BSCANE2                      0.000     0.000 r  u_BSCANE2/TCK
                         net (fo=1, routed)           1.601     1.601    TCK
    BUFGCTRL_X0Y0        BUFG (Prop_bufg_I_O)         0.101     1.702 r  TCK_BUFG_inst/O
                         net (fo=505, routed)         1.723     3.425    u_jtag_mac/CLK
    SLICE_X3Y13          FDRE                                         r  u_jtag_mac/user_rst_assert_reg/C
  -------------------------------------------------------------------    -------------------
    SLICE_X3Y13          FDRE (Prop_fdre_C_Q)         0.456     3.881 r  u_jtag_mac/user_rst_assert_reg/Q
                         net (fo=66, routed)          2.399     6.280    u_jtag_mac/user_rst_assert
    SLICE_X41Y47         LUT2 (Prop_lut2_I0_O)        0.124     6.404 r  u_jtag_mac/empty_tmp_d1_i_1/O
                         net (fo=8129, routed)       34.429    40.833    u_mwfil_chiftop/u_dut/u_Subsystem1/Subsystem_Reference_1_1/Absolute_of_Complex_1_1/CORDIC_Square_Root_HDL_Optim_1/Cast_to_Union_of_Types_1_1/chif_reset
    SLICE_X42Y69         FDRE                                         r  u_mwfil_chiftop/u_dut/u_Subsystem1/Subsystem_Reference_1_1/Absolute_of_Complex_1_1/CORDIC_Square_Root_HDL_Optim_1/Cast_to_Union_of_Types_1_1/delayMatch_reg_reg[2][9]/R
  -------------------------------------------------------------------    -------------------

                         (clock clk_out1_clk_wiz_0 rise edge)
                                                      0.000     0.000 r  
    L16                                               0.000     0.000 r  sysclk (IN)
                         net (fo=0)                   0.000     0.000    u_clk_wiz_0/inst/clk_in1
    L16                  IBUF (Prop_ibuf_I_O)         1.421     1.421 r  u_clk_wiz_0/inst/clkin1_ibufg/O
                         net (fo=1, routed)           1.162     2.583    u_clk_wiz_0/inst/clk_in1_clk_wiz_0
    MMCME2_ADV_X0Y1      MMCME2_ADV (Prop_mmcme2_adv_CLKIN1_CLKOUT0)
                                                     -7.105    -4.522 r  u_clk_wiz_0/inst/mmcm_adv_inst/CLKOUT0
                         net (fo=1, routed)           1.599    -2.923    u_clk_wiz_0/inst/clk_out1_clk_wiz_0
    BUFGCTRL_X0Y16       BUFG (Prop_bufg_I_O)         0.091    -2.832 r  u_clk_wiz_0/inst/clkout1_buf/O
                         net (fo=16020, routed)       1.552    -1.280    u_mwfil_chiftop/u_dut/u_Subsystem1/Subsystem_Reference_1_1/Absolute_of_Complex_1_1/CORDIC_Square_Root_HDL_Optim_1/Cast_to_Union_of_Types_1_1/clk_out1
    SLICE_X42Y69         FDRE                                         r  u_mwfil_chiftop/u_dut/u_Subsystem1/Subsystem_Reference_1_1/Absolute_of_Complex_1_1/CORDIC_Square_Root_HDL_Optim_1/Cast_to_Union_of_Types_1_1/delayMatch_reg_reg[2][9]/C





Min Delay Paths
--------------------------------------------------------------------------------------
Slack:                    inf
  Source:                 u_jtag_mac/u_pre_chif_fifo/u_jtag_mac_fifo/U0/inst_fifo_gen/gconvfifo.rf/grf.rf/gntv_or_sync_fifo.gcx.clkx/wr_pntr_cdc_inst/src_gray_ff_reg[3]/C
                            (rising edge-triggered cell FDRE clocked by TCK  {rise@0.000ns fall@7.576ns period=15.152ns})
  Destination:            u_jtag_mac/u_pre_chif_fifo/u_jtag_mac_fifo/U0/inst_fifo_gen/gconvfifo.rf/grf.rf/gntv_or_sync_fifo.gcx.clkx/wr_pntr_cdc_inst/dest_graysync_ff_reg[0][3]/D
                            (rising edge-triggered cell FDRE clocked by clk_out1_clk_wiz_0  {rise@0.000ns fall@20.000ns period=40.000ns})
  Path Group:             (none)
  Path Type:              Hold (Min at Fast Process Corner)
  Data Path Delay:        0.303ns  (logic 0.128ns (42.273%)  route 0.175ns (57.727%))
  Logic Levels:           0  
  Clock Path Skew:        -1.911ns (DCD - SCD - CPR)
    Destination Clock Delay (DCD):    -0.742ns
    Source Clock Delay      (SCD):    1.169ns
    Clock Pessimism Removal (CPR):    -0.000ns
  Clock Uncertainty:      0.406ns  ((TSJ^2 + DJ^2)^1/2) / 2 + PE
    Total System Jitter     (TSJ):    0.071ns
    Discrete Jitter          (DJ):    0.313ns
    Phase Error              (PE):    0.246ns
  Timing Exception:       Asynchronous Clock Groups

    Location             Delay type                Incr(ns)  Path(ns)    Netlist Resource(s)
  -------------------------------------------------------------------    -------------------
                         (clock TCK rise edge)        0.000     0.000 r  
    BSCAN_X0Y0           BSCANE2                      0.000     0.000 r  u_BSCANE2/TCK
                         net (fo=1, routed)           0.589     0.589    TCK
    BUFGCTRL_X0Y0        BUFG (Prop_bufg_I_O)         0.026     0.615 r  TCK_BUFG_inst/O
                         net (fo=505, routed)         0.554     1.169    u_jtag_mac/u_pre_chif_fifo/u_jtag_mac_fifo/U0/inst_fifo_gen/gconvfifo.rf/grf.rf/gntv_or_sync_fifo.gcx.clkx/wr_pntr_cdc_inst/src_clk
    SLICE_X14Y20         FDRE                                         r  u_jtag_mac/u_pre_chif_fifo/u_jtag_mac_fifo/U0/inst_fifo_gen/gconvfifo.rf/grf.rf/gntv_or_sync_fifo.gcx.clkx/wr_pntr_cdc_inst/src_gray_ff_reg[3]/C
  -------------------------------------------------------------------    -------------------
    SLICE_X14Y20         FDRE (Prop_fdre_C_Q)         0.128     1.297 r  u_jtag_mac/u_pre_chif_fifo/u_jtag_mac_fifo/U0/inst_fifo_gen/gconvfifo.rf/grf.rf/gntv_or_sync_fifo.gcx.clkx/wr_pntr_cdc_inst/src_gray_ff_reg[3]/Q
                         net (fo=1, routed)           0.175     1.471    u_jtag_mac/u_pre_chif_fifo/u_jtag_mac_fifo/U0/inst_fifo_gen/gconvfifo.rf/grf.rf/gntv_or_sync_fifo.gcx.clkx/wr_pntr_cdc_inst/async_path[3]
    SLICE_X15Y21         FDRE                                         r  u_jtag_mac/u_pre_chif_fifo/u_jtag_mac_fifo/U0/inst_fifo_gen/gconvfifo.rf/grf.rf/gntv_or_sync_fifo.gcx.clkx/wr_pntr_cdc_inst/dest_graysync_ff_reg[0][3]/D
  -------------------------------------------------------------------    -------------------

                         (clock clk_out1_clk_wiz_0 rise edge)
                                                      0.000     0.000 r  
    L16                                               0.000     0.000 r  sysclk (IN)
                         net (fo=0)                   0.000     0.000    u_clk_wiz_0/inst/clk_in1
    L16                  IBUF (Prop_ibuf_I_O)         0.447     0.447 r  u_clk_wiz_0/inst/clkin1_ibufg/O
                         net (fo=1, routed)           0.480     0.927    u_clk_wiz_0/inst/clk_in1_clk_wiz_0
    MMCME2_ADV_X0Y1      MMCME2_ADV (Prop_mmcme2_adv_CLKIN1_CLKOUT0)
                                                     -3.047    -2.120 r  u_clk_wiz_0/inst/mmcm_adv_inst/CLKOUT0
                         net (fo=1, routed)           0.528    -1.592    u_clk_wiz_0/inst/clk_out1_clk_wiz_0
    BUFGCTRL_X0Y16       BUFG (Prop_bufg_I_O)         0.029    -1.563 r  u_clk_wiz_0/inst/clkout1_buf/O
                         net (fo=16020, routed)       0.821    -0.742    u_jtag_mac/u_pre_chif_fifo/u_jtag_mac_fifo/U0/inst_fifo_gen/gconvfifo.rf/grf.rf/gntv_or_sync_fifo.gcx.clkx/wr_pntr_cdc_inst/dest_clk
    SLICE_X15Y21         FDRE                                         r  u_jtag_mac/u_pre_chif_fifo/u_jtag_mac_fifo/U0/inst_fifo_gen/gconvfifo.rf/grf.rf/gntv_or_sync_fifo.gcx.clkx/wr_pntr_cdc_inst/dest_graysync_ff_reg[0][3]/C

Slack:                    inf
  Source:                 u_jtag_mac/u_pre_chif_fifo/u_jtag_mac_fifo/U0/inst_fifo_gen/gconvfifo.rf/grf.rf/gntv_or_sync_fifo.gcx.clkx/wr_pntr_cdc_inst/src_gray_ff_reg[10]/C
                            (rising edge-triggered cell FDRE clocked by TCK  {rise@0.000ns fall@7.576ns period=15.152ns})
  Destination:            u_jtag_mac/u_pre_chif_fifo/u_jtag_mac_fifo/U0/inst_fifo_gen/gconvfifo.rf/grf.rf/gntv_or_sync_fifo.gcx.clkx/wr_pntr_cdc_inst/dest_graysync_ff_reg[0][10]/D
                            (rising edge-triggered cell FDRE clocked by clk_out1_clk_wiz_0  {rise@0.000ns fall@20.000ns period=40.000ns})
  Path Group:             (none)
  Path Type:              Hold (Min at Fast Process Corner)
  Data Path Delay:        0.309ns  (logic 0.141ns (45.586%)  route 0.168ns (54.414%))
  Logic Levels:           0  
  Clock Path Skew:        -1.911ns (DCD - SCD - CPR)
    Destination Clock Delay (DCD):    -0.742ns
    Source Clock Delay      (SCD):    1.169ns
    Clock Pessimism Removal (CPR):    -0.000ns
  Clock Uncertainty:      0.406ns  ((TSJ^2 + DJ^2)^1/2) / 2 + PE
    Total System Jitter     (TSJ):    0.071ns
    Discrete Jitter          (DJ):    0.313ns
    Phase Error              (PE):    0.246ns
  Timing Exception:       Asynchronous Clock Groups

    Location             Delay type                Incr(ns)  Path(ns)    Netlist Resource(s)
  -------------------------------------------------------------------    -------------------
                         (clock TCK rise edge)        0.000     0.000 r  
    BSCAN_X0Y0           BSCANE2                      0.000     0.000 r  u_BSCANE2/TCK
                         net (fo=1, routed)           0.589     0.589    TCK
    BUFGCTRL_X0Y0        BUFG (Prop_bufg_I_O)         0.026     0.615 r  TCK_BUFG_inst/O
                         net (fo=505, routed)         0.554     1.169    u_jtag_mac/u_pre_chif_fifo/u_jtag_mac_fifo/U0/inst_fifo_gen/gconvfifo.rf/grf.rf/gntv_or_sync_fifo.gcx.clkx/wr_pntr_cdc_inst/src_clk
    SLICE_X15Y20         FDRE                                         r  u_jtag_mac/u_pre_chif_fifo/u_jtag_mac_fifo/U0/inst_fifo_gen/gconvfifo.rf/grf.rf/gntv_or_sync_fifo.gcx.clkx/wr_pntr_cdc_inst/src_gray_ff_reg[10]/C
  -------------------------------------------------------------------    -------------------
    SLICE_X15Y20         FDRE (Prop_fdre_C_Q)         0.141     1.310 r  u_jtag_mac/u_pre_chif_fifo/u_jtag_mac_fifo/U0/inst_fifo_gen/gconvfifo.rf/grf.rf/gntv_or_sync_fifo.gcx.clkx/wr_pntr_cdc_inst/src_gray_ff_reg[10]/Q
                         net (fo=1, routed)           0.168     1.478    u_jtag_mac/u_pre_chif_fifo/u_jtag_mac_fifo/U0/inst_fifo_gen/gconvfifo.rf/grf.rf/gntv_or_sync_fifo.gcx.clkx/wr_pntr_cdc_inst/async_path[10]
    SLICE_X15Y21         FDRE                                         r  u_jtag_mac/u_pre_chif_fifo/u_jtag_mac_fifo/U0/inst_fifo_gen/gconvfifo.rf/grf.rf/gntv_or_sync_fifo.gcx.clkx/wr_pntr_cdc_inst/dest_graysync_ff_reg[0][10]/D
  -------------------------------------------------------------------    -------------------

                         (clock clk_out1_clk_wiz_0 rise edge)
                                                      0.000     0.000 r  
    L16                                               0.000     0.000 r  sysclk (IN)
                         net (fo=0)                   0.000     0.000    u_clk_wiz_0/inst/clk_in1
    L16                  IBUF (Prop_ibuf_I_O)         0.447     0.447 r  u_clk_wiz_0/inst/clkin1_ibufg/O
                         net (fo=1, routed)           0.480     0.927    u_clk_wiz_0/inst/clk_in1_clk_wiz_0
    MMCME2_ADV_X0Y1      MMCME2_ADV (Prop_mmcme2_adv_CLKIN1_CLKOUT0)
                                                     -3.047    -2.120 r  u_clk_wiz_0/inst/mmcm_adv_inst/CLKOUT0
                         net (fo=1, routed)           0.528    -1.592    u_clk_wiz_0/inst/clk_out1_clk_wiz_0
    BUFGCTRL_X0Y16       BUFG (Prop_bufg_I_O)         0.029    -1.563 r  u_clk_wiz_0/inst/clkout1_buf/O
                         net (fo=16020, routed)       0.821    -0.742    u_jtag_mac/u_pre_chif_fifo/u_jtag_mac_fifo/U0/inst_fifo_gen/gconvfifo.rf/grf.rf/gntv_or_sync_fifo.gcx.clkx/wr_pntr_cdc_inst/dest_clk
    SLICE_X15Y21         FDRE                                         r  u_jtag_mac/u_pre_chif_fifo/u_jtag_mac_fifo/U0/inst_fifo_gen/gconvfifo.rf/grf.rf/gntv_or_sync_fifo.gcx.clkx/wr_pntr_cdc_inst/dest_graysync_ff_reg[0][10]/C

Slack:                    inf
  Source:                 u_jtag_mac/u_post_chif_fifo/u_jtag_mac_fifo/U0/inst_fifo_gen/gconvfifo.rf/grf.rf/gntv_or_sync_fifo.gcx.clkx/rd_pntr_cdc_inst/src_gray_ff_reg[7]/C
                            (rising edge-triggered cell FDRE clocked by TCK  {rise@0.000ns fall@7.576ns period=15.152ns})
  Destination:            u_jtag_mac/u_post_chif_fifo/u_jtag_mac_fifo/U0/inst_fifo_gen/gconvfifo.rf/grf.rf/gntv_or_sync_fifo.gcx.clkx/rd_pntr_cdc_inst/dest_graysync_ff_reg[0][7]/D
                            (rising edge-triggered cell FDRE clocked by clk_out1_clk_wiz_0  {rise@0.000ns fall@20.000ns period=40.000ns})
  Path Group:             (none)
  Path Type:              Hold (Min at Fast Process Corner)
  Data Path Delay:        0.288ns  (logic 0.128ns (44.395%)  route 0.160ns (55.605%))
  Logic Levels:           0  
  Clock Path Skew:        -1.910ns (DCD - SCD - CPR)
    Destination Clock Delay (DCD):    -0.720ns
    Source Clock Delay      (SCD):    1.190ns
    Clock Pessimism Removal (CPR):    -0.000ns
  Clock Uncertainty:      0.406ns  ((TSJ^2 + DJ^2)^1/2) / 2 + PE
    Total System Jitter     (TSJ):    0.071ns
    Discrete Jitter          (DJ):    0.313ns
    Phase Error              (PE):    0.246ns
  Timing Exception:       Asynchronous Clock Groups

    Location             Delay type                Incr(ns)  Path(ns)    Netlist Resource(s)
  -------------------------------------------------------------------    -------------------
                         (clock TCK rise edge)        0.000     0.000 r  
    BSCAN_X0Y0           BSCANE2                      0.000     0.000 r  u_BSCANE2/TCK
                         net (fo=1, routed)           0.589     0.589    TCK
    BUFGCTRL_X0Y0        BUFG (Prop_bufg_I_O)         0.026     0.615 r  TCK_BUFG_inst/O
                         net (fo=505, routed)         0.575     1.190    u_jtag_mac/u_post_chif_fifo/u_jtag_mac_fifo/U0/inst_fifo_gen/gconvfifo.rf/grf.rf/gntv_or_sync_fifo.gcx.clkx/rd_pntr_cdc_inst/src_clk
    SLICE_X5Y28          FDRE                                         r  u_jtag_mac/u_post_chif_fifo/u_jtag_mac_fifo/U0/inst_fifo_gen/gconvfifo.rf/grf.rf/gntv_or_sync_fifo.gcx.clkx/rd_pntr_cdc_inst/src_gray_ff_reg[7]/C
  -------------------------------------------------------------------    -------------------
    SLICE_X5Y28          FDRE (Prop_fdre_C_Q)         0.128     1.318 r  u_jtag_mac/u_post_chif_fifo/u_jtag_mac_fifo/U0/inst_fifo_gen/gconvfifo.rf/grf.rf/gntv_or_sync_fifo.gcx.clkx/rd_pntr_cdc_inst/src_gray_ff_reg[7]/Q
                         net (fo=1, routed)           0.160     1.478    u_jtag_mac/u_post_chif_fifo/u_jtag_mac_fifo/U0/inst_fifo_gen/gconvfifo.rf/grf.rf/gntv_or_sync_fifo.gcx.clkx/rd_pntr_cdc_inst/async_path[7]
    SLICE_X2Y28          FDRE                                         r  u_jtag_mac/u_post_chif_fifo/u_jtag_mac_fifo/U0/inst_fifo_gen/gconvfifo.rf/grf.rf/gntv_or_sync_fifo.gcx.clkx/rd_pntr_cdc_inst/dest_graysync_ff_reg[0][7]/D
  -------------------------------------------------------------------    -------------------

                         (clock clk_out1_clk_wiz_0 rise edge)
                                                      0.000     0.000 r  
    L16                                               0.000     0.000 r  sysclk (IN)
                         net (fo=0)                   0.000     0.000    u_clk_wiz_0/inst/clk_in1
    L16                  IBUF (Prop_ibuf_I_O)         0.447     0.447 r  u_clk_wiz_0/inst/clkin1_ibufg/O
                         net (fo=1, routed)           0.480     0.927    u_clk_wiz_0/inst/clk_in1_clk_wiz_0
    MMCME2_ADV_X0Y1      MMCME2_ADV (Prop_mmcme2_adv_CLKIN1_CLKOUT0)
                                                     -3.047    -2.120 r  u_clk_wiz_0/inst/mmcm_adv_inst/CLKOUT0
                         net (fo=1, routed)           0.528    -1.592    u_clk_wiz_0/inst/clk_out1_clk_wiz_0
    BUFGCTRL_X0Y16       BUFG (Prop_bufg_I_O)         0.029    -1.563 r  u_clk_wiz_0/inst/clkout1_buf/O
                         net (fo=16020, routed)       0.843    -0.720    u_jtag_mac/u_post_chif_fifo/u_jtag_mac_fifo/U0/inst_fifo_gen/gconvfifo.rf/grf.rf/gntv_or_sync_fifo.gcx.clkx/rd_pntr_cdc_inst/dest_clk
    SLICE_X2Y28          FDRE                                         r  u_jtag_mac/u_post_chif_fifo/u_jtag_mac_fifo/U0/inst_fifo_gen/gconvfifo.rf/grf.rf/gntv_or_sync_fifo.gcx.clkx/rd_pntr_cdc_inst/dest_graysync_ff_reg[0][7]/C

Slack:                    inf
  Source:                 u_jtag_mac/u_pre_chif_fifo/u_jtag_mac_fifo/U0/inst_fifo_gen/gconvfifo.rf/grf.rf/gntv_or_sync_fifo.gcx.clkx/wr_pntr_cdc_inst/src_gray_ff_reg[11]/C
                            (rising edge-triggered cell FDRE clocked by TCK  {rise@0.000ns fall@7.576ns period=15.152ns})
  Destination:            u_jtag_mac/u_pre_chif_fifo/u_jtag_mac_fifo/U0/inst_fifo_gen/gconvfifo.rf/grf.rf/gntv_or_sync_fifo.gcx.clkx/wr_pntr_cdc_inst/dest_graysync_ff_reg[0][11]/D
                            (rising edge-triggered cell FDRE clocked by clk_out1_clk_wiz_0  {rise@0.000ns fall@20.000ns period=40.000ns})
  Path Group:             (none)
  Path Type:              Hold (Min at Fast Process Corner)
  Data Path Delay:        0.306ns  (logic 0.141ns (46.132%)  route 0.165ns (53.868%))
  Logic Levels:           0  
  Clock Path Skew:        -1.910ns (DCD - SCD - CPR)
    Destination Clock Delay (DCD):    -0.737ns
    Source Clock Delay      (SCD):    1.173ns
    Clock Pessimism Removal (CPR):    -0.000ns
  Clock Uncertainty:      0.406ns  ((TSJ^2 + DJ^2)^1/2) / 2 + PE
    Total System Jitter     (TSJ):    0.071ns
    Discrete Jitter          (DJ):    0.313ns
    Phase Error              (PE):    0.246ns
  Timing Exception:       Asynchronous Clock Groups

    Location             Delay type                Incr(ns)  Path(ns)    Netlist Resource(s)
  -------------------------------------------------------------------    -------------------
                         (clock TCK rise edge)        0.000     0.000 r  
    BSCAN_X0Y0           BSCANE2                      0.000     0.000 r  u_BSCANE2/TCK
                         net (fo=1, routed)           0.589     0.589    TCK
    BUFGCTRL_X0Y0        BUFG (Prop_bufg_I_O)         0.026     0.615 r  TCK_BUFG_inst/O
                         net (fo=505, routed)         0.558     1.173    u_jtag_mac/u_pre_chif_fifo/u_jtag_mac_fifo/U0/inst_fifo_gen/gconvfifo.rf/grf.rf/gntv_or_sync_fifo.gcx.clkx/wr_pntr_cdc_inst/src_clk
    SLICE_X9Y19          FDRE                                         r  u_jtag_mac/u_pre_chif_fifo/u_jtag_mac_fifo/U0/inst_fifo_gen/gconvfifo.rf/grf.rf/gntv_or_sync_fifo.gcx.clkx/wr_pntr_cdc_inst/src_gray_ff_reg[11]/C
  -------------------------------------------------------------------    -------------------
    SLICE_X9Y19          FDRE (Prop_fdre_C_Q)         0.141     1.314 r  u_jtag_mac/u_pre_chif_fifo/u_jtag_mac_fifo/U0/inst_fifo_gen/gconvfifo.rf/grf.rf/gntv_or_sync_fifo.gcx.clkx/wr_pntr_cdc_inst/src_gray_ff_reg[11]/Q
                         net (fo=1, routed)           0.165     1.478    u_jtag_mac/u_pre_chif_fifo/u_jtag_mac_fifo/U0/inst_fifo_gen/gconvfifo.rf/grf.rf/gntv_or_sync_fifo.gcx.clkx/wr_pntr_cdc_inst/async_path[11]
    SLICE_X7Y19          FDRE                                         r  u_jtag_mac/u_pre_chif_fifo/u_jtag_mac_fifo/U0/inst_fifo_gen/gconvfifo.rf/grf.rf/gntv_or_sync_fifo.gcx.clkx/wr_pntr_cdc_inst/dest_graysync_ff_reg[0][11]/D
  -------------------------------------------------------------------    -------------------

                         (clock clk_out1_clk_wiz_0 rise edge)
                                                      0.000     0.000 r  
    L16                                               0.000     0.000 r  sysclk (IN)
                         net (fo=0)                   0.000     0.000    u_clk_wiz_0/inst/clk_in1
    L16                  IBUF (Prop_ibuf_I_O)         0.447     0.447 r  u_clk_wiz_0/inst/clkin1_ibufg/O
                         net (fo=1, routed)           0.480     0.927    u_clk_wiz_0/inst/clk_in1_clk_wiz_0
    MMCME2_ADV_X0Y1      MMCME2_ADV (Prop_mmcme2_adv_CLKIN1_CLKOUT0)
                                                     -3.047    -2.120 r  u_clk_wiz_0/inst/mmcm_adv_inst/CLKOUT0
                         net (fo=1, routed)           0.528    -1.592    u_clk_wiz_0/inst/clk_out1_clk_wiz_0
    BUFGCTRL_X0Y16       BUFG (Prop_bufg_I_O)         0.029    -1.563 r  u_clk_wiz_0/inst/clkout1_buf/O
                         net (fo=16020, routed)       0.826    -0.737    u_jtag_mac/u_pre_chif_fifo/u_jtag_mac_fifo/U0/inst_fifo_gen/gconvfifo.rf/grf.rf/gntv_or_sync_fifo.gcx.clkx/wr_pntr_cdc_inst/dest_clk
    SLICE_X7Y19          FDRE                                         r  u_jtag_mac/u_pre_chif_fifo/u_jtag_mac_fifo/U0/inst_fifo_gen/gconvfifo.rf/grf.rf/gntv_or_sync_fifo.gcx.clkx/wr_pntr_cdc_inst/dest_graysync_ff_reg[0][11]/C

Slack:                    inf
  Source:                 u_jtag_mac/u_pre_chif_fifo/u_jtag_mac_fifo/U0/inst_fifo_gen/gconvfifo.rf/grf.rf/gntv_or_sync_fifo.gcx.clkx/wr_pntr_cdc_inst/src_gray_ff_reg[9]/C
                            (rising edge-triggered cell FDRE clocked by TCK  {rise@0.000ns fall@7.576ns period=15.152ns})
  Destination:            u_jtag_mac/u_pre_chif_fifo/u_jtag_mac_fifo/U0/inst_fifo_gen/gconvfifo.rf/grf.rf/gntv_or_sync_fifo.gcx.clkx/wr_pntr_cdc_inst/dest_graysync_ff_reg[0][9]/D
                            (rising edge-triggered cell FDRE clocked by clk_out1_clk_wiz_0  {rise@0.000ns fall@20.000ns period=40.000ns})
  Path Group:             (none)
  Path Type:              Hold (Min at Fast Process Corner)
  Data Path Delay:        0.311ns  (logic 0.128ns (41.148%)  route 0.183ns (58.852%))
  Logic Levels:           0  
  Clock Path Skew:        -1.911ns (DCD - SCD - CPR)
    Destination Clock Delay (DCD):    -0.742ns
    Source Clock Delay      (SCD):    1.169ns
    Clock Pessimism Removal (CPR):    -0.000ns
  Clock Uncertainty:      0.406ns  ((TSJ^2 + DJ^2)^1/2) / 2 + PE
    Total System Jitter     (TSJ):    0.071ns
    Discrete Jitter          (DJ):    0.313ns
    Phase Error              (PE):    0.246ns
  Timing Exception:       Asynchronous Clock Groups

    Location             Delay type                Incr(ns)  Path(ns)    Netlist Resource(s)
  -------------------------------------------------------------------    -------------------
                         (clock TCK rise edge)        0.000     0.000 r  
    BSCAN_X0Y0           BSCANE2                      0.000     0.000 r  u_BSCANE2/TCK
                         net (fo=1, routed)           0.589     0.589    TCK
    BUFGCTRL_X0Y0        BUFG (Prop_bufg_I_O)         0.026     0.615 r  TCK_BUFG_inst/O
                         net (fo=505, routed)         0.554     1.169    u_jtag_mac/u_pre_chif_fifo/u_jtag_mac_fifo/U0/inst_fifo_gen/gconvfifo.rf/grf.rf/gntv_or_sync_fifo.gcx.clkx/wr_pntr_cdc_inst/src_clk
    SLICE_X15Y20         FDRE                                         r  u_jtag_mac/u_pre_chif_fifo/u_jtag_mac_fifo/U0/inst_fifo_gen/gconvfifo.rf/grf.rf/gntv_or_sync_fifo.gcx.clkx/wr_pntr_cdc_inst/src_gray_ff_reg[9]/C
  -------------------------------------------------------------------    -------------------
    SLICE_X15Y20         FDRE (Prop_fdre_C_Q)         0.128     1.297 r  u_jtag_mac/u_pre_chif_fifo/u_jtag_mac_fifo/U0/inst_fifo_gen/gconvfifo.rf/grf.rf/gntv_or_sync_fifo.gcx.clkx/wr_pntr_cdc_inst/src_gray_ff_reg[9]/Q
                         net (fo=1, routed)           0.183     1.480    u_jtag_mac/u_pre_chif_fifo/u_jtag_mac_fifo/U0/inst_fifo_gen/gconvfifo.rf/grf.rf/gntv_or_sync_fifo.gcx.clkx/wr_pntr_cdc_inst/async_path[9]
    SLICE_X15Y21         FDRE                                         r  u_jtag_mac/u_pre_chif_fifo/u_jtag_mac_fifo/U0/inst_fifo_gen/gconvfifo.rf/grf.rf/gntv_or_sync_fifo.gcx.clkx/wr_pntr_cdc_inst/dest_graysync_ff_reg[0][9]/D
  -------------------------------------------------------------------    -------------------

                         (clock clk_out1_clk_wiz_0 rise edge)
                                                      0.000     0.000 r  
    L16                                               0.000     0.000 r  sysclk (IN)
                         net (fo=0)                   0.000     0.000    u_clk_wiz_0/inst/clk_in1
    L16                  IBUF (Prop_ibuf_I_O)         0.447     0.447 r  u_clk_wiz_0/inst/clkin1_ibufg/O
                         net (fo=1, routed)           0.480     0.927    u_clk_wiz_0/inst/clk_in1_clk_wiz_0
    MMCME2_ADV_X0Y1      MMCME2_ADV (Prop_mmcme2_adv_CLKIN1_CLKOUT0)
                                                     -3.047    -2.120 r  u_clk_wiz_0/inst/mmcm_adv_inst/CLKOUT0
                         net (fo=1, routed)           0.528    -1.592    u_clk_wiz_0/inst/clk_out1_clk_wiz_0
    BUFGCTRL_X0Y16       BUFG (Prop_bufg_I_O)         0.029    -1.563 r  u_clk_wiz_0/inst/clkout1_buf/O
                         net (fo=16020, routed)       0.821    -0.742    u_jtag_mac/u_pre_chif_fifo/u_jtag_mac_fifo/U0/inst_fifo_gen/gconvfifo.rf/grf.rf/gntv_or_sync_fifo.gcx.clkx/wr_pntr_cdc_inst/dest_clk
    SLICE_X15Y21         FDRE                                         r  u_jtag_mac/u_pre_chif_fifo/u_jtag_mac_fifo/U0/inst_fifo_gen/gconvfifo.rf/grf.rf/gntv_or_sync_fifo.gcx.clkx/wr_pntr_cdc_inst/dest_graysync_ff_reg[0][9]/C

Slack:                    inf
  Source:                 u_jtag_mac/u_post_chif_fifo/u_jtag_mac_fifo/U0/inst_fifo_gen/gconvfifo.rf/grf.rf/gntv_or_sync_fifo.gcx.clkx/rd_pntr_cdc_inst/src_gray_ff_reg[5]/C
                            (rising edge-triggered cell FDRE clocked by TCK  {rise@0.000ns fall@7.576ns period=15.152ns})
  Destination:            u_jtag_mac/u_post_chif_fifo/u_jtag_mac_fifo/U0/inst_fifo_gen/gconvfifo.rf/grf.rf/gntv_or_sync_fifo.gcx.clkx/rd_pntr_cdc_inst/dest_graysync_ff_reg[0][5]/D
                            (rising edge-triggered cell FDRE clocked by clk_out1_clk_wiz_0  {rise@0.000ns fall@20.000ns period=40.000ns})
  Path Group:             (none)
  Path Type:              Hold (Min at Fast Process Corner)
  Data Path Delay:        0.295ns  (logic 0.128ns (43.398%)  route 0.167ns (56.602%))
  Logic Levels:           0  
  Clock Path Skew:        -1.909ns (DCD - SCD - CPR)
    Destination Clock Delay (DCD):    -0.721ns
    Source Clock Delay      (SCD):    1.188ns
    Clock Pessimism Removal (CPR):    -0.000ns
  Clock Uncertainty:      0.406ns  ((TSJ^2 + DJ^2)^1/2) / 2 + PE
    Total System Jitter     (TSJ):    0.071ns
    Discrete Jitter          (DJ):    0.313ns
    Phase Error              (PE):    0.246ns
  Timing Exception:       Asynchronous Clock Groups

    Location             Delay type                Incr(ns)  Path(ns)    Netlist Resource(s)
  -------------------------------------------------------------------    -------------------
                         (clock TCK rise edge)        0.000     0.000 r  
    BSCAN_X0Y0           BSCANE2                      0.000     0.000 r  u_BSCANE2/TCK
                         net (fo=1, routed)           0.589     0.589    TCK
    BUFGCTRL_X0Y0        BUFG (Prop_bufg_I_O)         0.026     0.615 r  TCK_BUFG_inst/O
                         net (fo=505, routed)         0.573     1.188    u_jtag_mac/u_post_chif_fifo/u_jtag_mac_fifo/U0/inst_fifo_gen/gconvfifo.rf/grf.rf/gntv_or_sync_fifo.gcx.clkx/rd_pntr_cdc_inst/src_clk
    SLICE_X1Y28          FDRE                                         r  u_jtag_mac/u_post_chif_fifo/u_jtag_mac_fifo/U0/inst_fifo_gen/gconvfifo.rf/grf.rf/gntv_or_sync_fifo.gcx.clkx/rd_pntr_cdc_inst/src_gray_ff_reg[5]/C
  -------------------------------------------------------------------    -------------------
    SLICE_X1Y28          FDRE (Prop_fdre_C_Q)         0.128     1.316 r  u_jtag_mac/u_post_chif_fifo/u_jtag_mac_fifo/U0/inst_fifo_gen/gconvfifo.rf/grf.rf/gntv_or_sync_fifo.gcx.clkx/rd_pntr_cdc_inst/src_gray_ff_reg[5]/Q
                         net (fo=1, routed)           0.167     1.483    u_jtag_mac/u_post_chif_fifo/u_jtag_mac_fifo/U0/inst_fifo_gen/gconvfifo.rf/grf.rf/gntv_or_sync_fifo.gcx.clkx/rd_pntr_cdc_inst/async_path[5]
    SLICE_X1Y29          FDRE                                         r  u_jtag_mac/u_post_chif_fifo/u_jtag_mac_fifo/U0/inst_fifo_gen/gconvfifo.rf/grf.rf/gntv_or_sync_fifo.gcx.clkx/rd_pntr_cdc_inst/dest_graysync_ff_reg[0][5]/D
  -------------------------------------------------------------------    -------------------

                         (clock clk_out1_clk_wiz_0 rise edge)
                                                      0.000     0.000 r  
    L16                                               0.000     0.000 r  sysclk (IN)
                         net (fo=0)                   0.000     0.000    u_clk_wiz_0/inst/clk_in1
    L16                  IBUF (Prop_ibuf_I_O)         0.447     0.447 r  u_clk_wiz_0/inst/clkin1_ibufg/O
                         net (fo=1, routed)           0.480     0.927    u_clk_wiz_0/inst/clk_in1_clk_wiz_0
    MMCME2_ADV_X0Y1      MMCME2_ADV (Prop_mmcme2_adv_CLKIN1_CLKOUT0)
                                                     -3.047    -2.120 r  u_clk_wiz_0/inst/mmcm_adv_inst/CLKOUT0
                         net (fo=1, routed)           0.528    -1.592    u_clk_wiz_0/inst/clk_out1_clk_wiz_0
    BUFGCTRL_X0Y16       BUFG (Prop_bufg_I_O)         0.029    -1.563 r  u_clk_wiz_0/inst/clkout1_buf/O
                         net (fo=16020, routed)       0.842    -0.721    u_jtag_mac/u_post_chif_fifo/u_jtag_mac_fifo/U0/inst_fifo_gen/gconvfifo.rf/grf.rf/gntv_or_sync_fifo.gcx.clkx/rd_pntr_cdc_inst/dest_clk
    SLICE_X1Y29          FDRE                                         r  u_jtag_mac/u_post_chif_fifo/u_jtag_mac_fifo/U0/inst_fifo_gen/gconvfifo.rf/grf.rf/gntv_or_sync_fifo.gcx.clkx/rd_pntr_cdc_inst/dest_graysync_ff_reg[0][5]/C

Slack:                    inf
  Source:                 u_jtag_mac/u_post_chif_fifo/u_jtag_mac_fifo/U0/inst_fifo_gen/gconvfifo.rf/grf.rf/gntv_or_sync_fifo.gcx.clkx/rd_pntr_cdc_inst/src_gray_ff_reg[1]/C
                            (rising edge-triggered cell FDRE clocked by TCK  {rise@0.000ns fall@7.576ns period=15.152ns})
  Destination:            u_jtag_mac/u_post_chif_fifo/u_jtag_mac_fifo/U0/inst_fifo_gen/gconvfifo.rf/grf.rf/gntv_or_sync_fifo.gcx.clkx/rd_pntr_cdc_inst/dest_graysync_ff_reg[0][1]/D
                            (rising edge-triggered cell FDRE clocked by clk_out1_clk_wiz_0  {rise@0.000ns fall@20.000ns period=40.000ns})
  Path Group:             (none)
  Path Type:              Hold (Min at Fast Process Corner)
  Data Path Delay:        0.298ns  (logic 0.128ns (42.962%)  route 0.170ns (57.038%))
  Logic Levels:           0  
  Clock Path Skew:        -1.913ns (DCD - SCD - CPR)
    Destination Clock Delay (DCD):    -0.725ns
    Source Clock Delay      (SCD):    1.188ns
    Clock Pessimism Removal (CPR):    -0.000ns
  Clock Uncertainty:      0.406ns  ((TSJ^2 + DJ^2)^1/2) / 2 + PE
    Total System Jitter     (TSJ):    0.071ns
    Discrete Jitter          (DJ):    0.313ns
    Phase Error              (PE):    0.246ns
  Timing Exception:       Asynchronous Clock Groups

    Location             Delay type                Incr(ns)  Path(ns)    Netlist Resource(s)
  -------------------------------------------------------------------    -------------------
                         (clock TCK rise edge)        0.000     0.000 r  
    BSCAN_X0Y0           BSCANE2                      0.000     0.000 r  u_BSCANE2/TCK
                         net (fo=1, routed)           0.589     0.589    TCK
    BUFGCTRL_X0Y0        BUFG (Prop_bufg_I_O)         0.026     0.615 r  TCK_BUFG_inst/O
                         net (fo=505, routed)         0.573     1.188    u_jtag_mac/u_post_chif_fifo/u_jtag_mac_fifo/U0/inst_fifo_gen/gconvfifo.rf/grf.rf/gntv_or_sync_fifo.gcx.clkx/rd_pntr_cdc_inst/src_clk
    SLICE_X1Y27          FDRE                                         r  u_jtag_mac/u_post_chif_fifo/u_jtag_mac_fifo/U0/inst_fifo_gen/gconvfifo.rf/grf.rf/gntv_or_sync_fifo.gcx.clkx/rd_pntr_cdc_inst/src_gray_ff_reg[1]/C
  -------------------------------------------------------------------    -------------------
    SLICE_X1Y27          FDRE (Prop_fdre_C_Q)         0.128     1.316 r  u_jtag_mac/u_post_chif_fifo/u_jtag_mac_fifo/U0/inst_fifo_gen/gconvfifo.rf/grf.rf/gntv_or_sync_fifo.gcx.clkx/rd_pntr_cdc_inst/src_gray_ff_reg[1]/Q
                         net (fo=1, routed)           0.170     1.486    u_jtag_mac/u_post_chif_fifo/u_jtag_mac_fifo/U0/inst_fifo_gen/gconvfifo.rf/grf.rf/gntv_or_sync_fifo.gcx.clkx/rd_pntr_cdc_inst/async_path[1]
    SLICE_X1Y26          FDRE                                         r  u_jtag_mac/u_post_chif_fifo/u_jtag_mac_fifo/U0/inst_fifo_gen/gconvfifo.rf/grf.rf/gntv_or_sync_fifo.gcx.clkx/rd_pntr_cdc_inst/dest_graysync_ff_reg[0][1]/D
  -------------------------------------------------------------------    -------------------

                         (clock clk_out1_clk_wiz_0 rise edge)
                                                      0.000     0.000 r  
    L16                                               0.000     0.000 r  sysclk (IN)
                         net (fo=0)                   0.000     0.000    u_clk_wiz_0/inst/clk_in1
    L16                  IBUF (Prop_ibuf_I_O)         0.447     0.447 r  u_clk_wiz_0/inst/clkin1_ibufg/O
                         net (fo=1, routed)           0.480     0.927    u_clk_wiz_0/inst/clk_in1_clk_wiz_0
    MMCME2_ADV_X0Y1      MMCME2_ADV (Prop_mmcme2_adv_CLKIN1_CLKOUT0)
                                                     -3.047    -2.120 r  u_clk_wiz_0/inst/mmcm_adv_inst/CLKOUT0
                         net (fo=1, routed)           0.528    -1.592    u_clk_wiz_0/inst/clk_out1_clk_wiz_0
    BUFGCTRL_X0Y16       BUFG (Prop_bufg_I_O)         0.029    -1.563 r  u_clk_wiz_0/inst/clkout1_buf/O
                         net (fo=16020, routed)       0.838    -0.725    u_jtag_mac/u_post_chif_fifo/u_jtag_mac_fifo/U0/inst_fifo_gen/gconvfifo.rf/grf.rf/gntv_or_sync_fifo.gcx.clkx/rd_pntr_cdc_inst/dest_clk
    SLICE_X1Y26          FDRE                                         r  u_jtag_mac/u_post_chif_fifo/u_jtag_mac_fifo/U0/inst_fifo_gen/gconvfifo.rf/grf.rf/gntv_or_sync_fifo.gcx.clkx/rd_pntr_cdc_inst/dest_graysync_ff_reg[0][1]/C

Slack:                    inf
  Source:                 u_jtag_mac/u_post_chif_fifo/u_jtag_mac_fifo/U0/inst_fifo_gen/gconvfifo.rf/grf.rf/gntv_or_sync_fifo.gcx.clkx/rd_pntr_cdc_inst/src_gray_ff_reg[9]/C
                            (rising edge-triggered cell FDRE clocked by TCK  {rise@0.000ns fall@7.576ns period=15.152ns})
  Destination:            u_jtag_mac/u_post_chif_fifo/u_jtag_mac_fifo/U0/inst_fifo_gen/gconvfifo.rf/grf.rf/gntv_or_sync_fifo.gcx.clkx/rd_pntr_cdc_inst/dest_graysync_ff_reg[0][9]/D
                            (rising edge-triggered cell FDRE clocked by clk_out1_clk_wiz_0  {rise@0.000ns fall@20.000ns period=40.000ns})
  Path Group:             (none)
  Path Type:              Hold (Min at Fast Process Corner)
  Data Path Delay:        0.298ns  (logic 0.128ns (42.919%)  route 0.170ns (57.081%))
  Logic Levels:           0  
  Clock Path Skew:        -1.909ns (DCD - SCD - CPR)
    Destination Clock Delay (DCD):    -0.718ns
    Source Clock Delay      (SCD):    1.191ns
    Clock Pessimism Removal (CPR):    -0.000ns
  Clock Uncertainty:      0.406ns  ((TSJ^2 + DJ^2)^1/2) / 2 + PE
    Total System Jitter     (TSJ):    0.071ns
    Discrete Jitter          (DJ):    0.313ns
    Phase Error              (PE):    0.246ns
  Timing Exception:       Asynchronous Clock Groups

    Location             Delay type                Incr(ns)  Path(ns)    Netlist Resource(s)
  -------------------------------------------------------------------    -------------------
                         (clock TCK rise edge)        0.000     0.000 r  
    BSCAN_X0Y0           BSCANE2                      0.000     0.000 r  u_BSCANE2/TCK
                         net (fo=1, routed)           0.589     0.589    TCK
    BUFGCTRL_X0Y0        BUFG (Prop_bufg_I_O)         0.026     0.615 r  TCK_BUFG_inst/O
                         net (fo=505, routed)         0.576     1.191    u_jtag_mac/u_post_chif_fifo/u_jtag_mac_fifo/U0/inst_fifo_gen/gconvfifo.rf/grf.rf/gntv_or_sync_fifo.gcx.clkx/rd_pntr_cdc_inst/src_clk
    SLICE_X5Y29          FDRE                                         r  u_jtag_mac/u_post_chif_fifo/u_jtag_mac_fifo/U0/inst_fifo_gen/gconvfifo.rf/grf.rf/gntv_or_sync_fifo.gcx.clkx/rd_pntr_cdc_inst/src_gray_ff_reg[9]/C
  -------------------------------------------------------------------    -------------------
    SLICE_X5Y29          FDRE (Prop_fdre_C_Q)         0.128     1.319 r  u_jtag_mac/u_post_chif_fifo/u_jtag_mac_fifo/U0/inst_fifo_gen/gconvfifo.rf/grf.rf/gntv_or_sync_fifo.gcx.clkx/rd_pntr_cdc_inst/src_gray_ff_reg[9]/Q
                         net (fo=1, routed)           0.170     1.489    u_jtag_mac/u_post_chif_fifo/u_jtag_mac_fifo/U0/inst_fifo_gen/gconvfifo.rf/grf.rf/gntv_or_sync_fifo.gcx.clkx/rd_pntr_cdc_inst/async_path[9]
    SLICE_X5Y30          FDRE                                         r  u_jtag_mac/u_post_chif_fifo/u_jtag_mac_fifo/U0/inst_fifo_gen/gconvfifo.rf/grf.rf/gntv_or_sync_fifo.gcx.clkx/rd_pntr_cdc_inst/dest_graysync_ff_reg[0][9]/D
  -------------------------------------------------------------------    -------------------

                         (clock clk_out1_clk_wiz_0 rise edge)
                                                      0.000     0.000 r  
    L16                                               0.000     0.000 r  sysclk (IN)
                         net (fo=0)                   0.000     0.000    u_clk_wiz_0/inst/clk_in1
    L16                  IBUF (Prop_ibuf_I_O)         0.447     0.447 r  u_clk_wiz_0/inst/clkin1_ibufg/O
                         net (fo=1, routed)           0.480     0.927    u_clk_wiz_0/inst/clk_in1_clk_wiz_0
    MMCME2_ADV_X0Y1      MMCME2_ADV (Prop_mmcme2_adv_CLKIN1_CLKOUT0)
                                                     -3.047    -2.120 r  u_clk_wiz_0/inst/mmcm_adv_inst/CLKOUT0
                         net (fo=1, routed)           0.528    -1.592    u_clk_wiz_0/inst/clk_out1_clk_wiz_0
    BUFGCTRL_X0Y16       BUFG (Prop_bufg_I_O)         0.029    -1.563 r  u_clk_wiz_0/inst/clkout1_buf/O
                         net (fo=16020, routed)       0.845    -0.718    u_jtag_mac/u_post_chif_fifo/u_jtag_mac_fifo/U0/inst_fifo_gen/gconvfifo.rf/grf.rf/gntv_or_sync_fifo.gcx.clkx/rd_pntr_cdc_inst/dest_clk
    SLICE_X5Y30          FDRE                                         r  u_jtag_mac/u_post_chif_fifo/u_jtag_mac_fifo/U0/inst_fifo_gen/gconvfifo.rf/grf.rf/gntv_or_sync_fifo.gcx.clkx/rd_pntr_cdc_inst/dest_graysync_ff_reg[0][9]/C

Slack:                    inf
  Source:                 u_jtag_mac/u_post_chif_fifo/u_jtag_mac_fifo/U0/inst_fifo_gen/gconvfifo.rf/grf.rf/gntv_or_sync_fifo.gcx.clkx/rd_pntr_cdc_inst/src_gray_ff_reg[2]/C
                            (rising edge-triggered cell FDRE clocked by TCK  {rise@0.000ns fall@7.576ns period=15.152ns})
  Destination:            u_jtag_mac/u_post_chif_fifo/u_jtag_mac_fifo/U0/inst_fifo_gen/gconvfifo.rf/grf.rf/gntv_or_sync_fifo.gcx.clkx/rd_pntr_cdc_inst/dest_graysync_ff_reg[0][2]/D
                            (rising edge-triggered cell FDRE clocked by clk_out1_clk_wiz_0  {rise@0.000ns fall@20.000ns period=40.000ns})
  Path Group:             (none)
  Path Type:              Hold (Min at Fast Process Corner)
  Data Path Delay:        0.302ns  (logic 0.141ns (46.681%)  route 0.161ns (53.319%))
  Logic Levels:           0  
  Clock Path Skew:        -1.909ns (DCD - SCD - CPR)
    Destination Clock Delay (DCD):    -0.721ns
    Source Clock Delay      (SCD):    1.188ns
    Clock Pessimism Removal (CPR):    -0.000ns
  Clock Uncertainty:      0.406ns  ((TSJ^2 + DJ^2)^1/2) / 2 + PE
    Total System Jitter     (TSJ):    0.071ns
    Discrete Jitter          (DJ):    0.313ns
    Phase Error              (PE):    0.246ns
  Timing Exception:       Asynchronous Clock Groups

    Location             Delay type                Incr(ns)  Path(ns)    Netlist Resource(s)
  -------------------------------------------------------------------    -------------------
                         (clock TCK rise edge)        0.000     0.000 r  
    BSCAN_X0Y0           BSCANE2                      0.000     0.000 r  u_BSCANE2/TCK
                         net (fo=1, routed)           0.589     0.589    TCK
    BUFGCTRL_X0Y0        BUFG (Prop_bufg_I_O)         0.026     0.615 r  TCK_BUFG_inst/O
                         net (fo=505, routed)         0.573     1.188    u_jtag_mac/u_post_chif_fifo/u_jtag_mac_fifo/U0/inst_fifo_gen/gconvfifo.rf/grf.rf/gntv_or_sync_fifo.gcx.clkx/rd_pntr_cdc_inst/src_clk
    SLICE_X1Y28          FDRE                                         r  u_jtag_mac/u_post_chif_fifo/u_jtag_mac_fifo/U0/inst_fifo_gen/gconvfifo.rf/grf.rf/gntv_or_sync_fifo.gcx.clkx/rd_pntr_cdc_inst/src_gray_ff_reg[2]/C
  -------------------------------------------------------------------    -------------------
    SLICE_X1Y28          FDRE (Prop_fdre_C_Q)         0.141     1.329 r  u_jtag_mac/u_post_chif_fifo/u_jtag_mac_fifo/U0/inst_fifo_gen/gconvfifo.rf/grf.rf/gntv_or_sync_fifo.gcx.clkx/rd_pntr_cdc_inst/src_gray_ff_reg[2]/Q
                         net (fo=1, routed)           0.161     1.490    u_jtag_mac/u_post_chif_fifo/u_jtag_mac_fifo/U0/inst_fifo_gen/gconvfifo.rf/grf.rf/gntv_or_sync_fifo.gcx.clkx/rd_pntr_cdc_inst/async_path[2]
    SLICE_X1Y29          FDRE                                         r  u_jtag_mac/u_post_chif_fifo/u_jtag_mac_fifo/U0/inst_fifo_gen/gconvfifo.rf/grf.rf/gntv_or_sync_fifo.gcx.clkx/rd_pntr_cdc_inst/dest_graysync_ff_reg[0][2]/D
  -------------------------------------------------------------------    -------------------

                         (clock clk_out1_clk_wiz_0 rise edge)
                                                      0.000     0.000 r  
    L16                                               0.000     0.000 r  sysclk (IN)
                         net (fo=0)                   0.000     0.000    u_clk_wiz_0/inst/clk_in1
    L16                  IBUF (Prop_ibuf_I_O)         0.447     0.447 r  u_clk_wiz_0/inst/clkin1_ibufg/O
                         net (fo=1, routed)           0.480     0.927    u_clk_wiz_0/inst/clk_in1_clk_wiz_0
    MMCME2_ADV_X0Y1      MMCME2_ADV (Prop_mmcme2_adv_CLKIN1_CLKOUT0)
                                                     -3.047    -2.120 r  u_clk_wiz_0/inst/mmcm_adv_inst/CLKOUT0
                         net (fo=1, routed)           0.528    -1.592    u_clk_wiz_0/inst/clk_out1_clk_wiz_0
    BUFGCTRL_X0Y16       BUFG (Prop_bufg_I_O)         0.029    -1.563 r  u_clk_wiz_0/inst/clkout1_buf/O
                         net (fo=16020, routed)       0.842    -0.721    u_jtag_mac/u_post_chif_fifo/u_jtag_mac_fifo/U0/inst_fifo_gen/gconvfifo.rf/grf.rf/gntv_or_sync_fifo.gcx.clkx/rd_pntr_cdc_inst/dest_clk
    SLICE_X1Y29          FDRE                                         r  u_jtag_mac/u_post_chif_fifo/u_jtag_mac_fifo/U0/inst_fifo_gen/gconvfifo.rf/grf.rf/gntv_or_sync_fifo.gcx.clkx/rd_pntr_cdc_inst/dest_graysync_ff_reg[0][2]/C

Slack:                    inf
  Source:                 u_jtag_mac/u_post_chif_fifo/u_jtag_mac_fifo/U0/inst_fifo_gen/gconvfifo.rf/grf.rf/gntv_or_sync_fifo.gcx.clkx/rd_pntr_cdc_inst/src_gray_ff_reg[10]/C
                            (rising edge-triggered cell FDRE clocked by TCK  {rise@0.000ns fall@7.576ns period=15.152ns})
  Destination:            u_jtag_mac/u_post_chif_fifo/u_jtag_mac_fifo/U0/inst_fifo_gen/gconvfifo.rf/grf.rf/gntv_or_sync_fifo.gcx.clkx/rd_pntr_cdc_inst/dest_graysync_ff_reg[0][10]/D
                            (rising edge-triggered cell FDRE clocked by clk_out1_clk_wiz_0  {rise@0.000ns fall@20.000ns period=40.000ns})
  Path Group:             (none)
  Path Type:              Hold (Min at Fast Process Corner)
  Data Path Delay:        0.302ns  (logic 0.141ns (46.681%)  route 0.161ns (53.319%))
  Logic Levels:           0  
  Clock Path Skew:        -1.909ns (DCD - SCD - CPR)
    Destination Clock Delay (DCD):    -0.718ns
    Source Clock Delay      (SCD):    1.191ns
    Clock Pessimism Removal (CPR):    -0.000ns
  Clock Uncertainty:      0.406ns  ((TSJ^2 + DJ^2)^1/2) / 2 + PE
    Total System Jitter     (TSJ):    0.071ns
    Discrete Jitter          (DJ):    0.313ns
    Phase Error              (PE):    0.246ns
  Timing Exception:       Asynchronous Clock Groups

    Location             Delay type                Incr(ns)  Path(ns)    Netlist Resource(s)
  -------------------------------------------------------------------    -------------------
                         (clock TCK rise edge)        0.000     0.000 r  
    BSCAN_X0Y0           BSCANE2                      0.000     0.000 r  u_BSCANE2/TCK
                         net (fo=1, routed)           0.589     0.589    TCK
    BUFGCTRL_X0Y0        BUFG (Prop_bufg_I_O)         0.026     0.615 r  TCK_BUFG_inst/O
                         net (fo=505, routed)         0.576     1.191    u_jtag_mac/u_post_chif_fifo/u_jtag_mac_fifo/U0/inst_fifo_gen/gconvfifo.rf/grf.rf/gntv_or_sync_fifo.gcx.clkx/rd_pntr_cdc_inst/src_clk
    SLICE_X5Y29          FDRE                                         r  u_jtag_mac/u_post_chif_fifo/u_jtag_mac_fifo/U0/inst_fifo_gen/gconvfifo.rf/grf.rf/gntv_or_sync_fifo.gcx.clkx/rd_pntr_cdc_inst/src_gray_ff_reg[10]/C
  -------------------------------------------------------------------    -------------------
    SLICE_X5Y29          FDRE (Prop_fdre_C_Q)         0.141     1.332 r  u_jtag_mac/u_post_chif_fifo/u_jtag_mac_fifo/U0/inst_fifo_gen/gconvfifo.rf/grf.rf/gntv_or_sync_fifo.gcx.clkx/rd_pntr_cdc_inst/src_gray_ff_reg[10]/Q
                         net (fo=1, routed)           0.161     1.493    u_jtag_mac/u_post_chif_fifo/u_jtag_mac_fifo/U0/inst_fifo_gen/gconvfifo.rf/grf.rf/gntv_or_sync_fifo.gcx.clkx/rd_pntr_cdc_inst/async_path[10]
    SLICE_X5Y30          FDRE                                         r  u_jtag_mac/u_post_chif_fifo/u_jtag_mac_fifo/U0/inst_fifo_gen/gconvfifo.rf/grf.rf/gntv_or_sync_fifo.gcx.clkx/rd_pntr_cdc_inst/dest_graysync_ff_reg[0][10]/D
  -------------------------------------------------------------------    -------------------

                         (clock clk_out1_clk_wiz_0 rise edge)
                                                      0.000     0.000 r  
    L16                                               0.000     0.000 r  sysclk (IN)
                         net (fo=0)                   0.000     0.000    u_clk_wiz_0/inst/clk_in1
    L16                  IBUF (Prop_ibuf_I_O)         0.447     0.447 r  u_clk_wiz_0/inst/clkin1_ibufg/O
                         net (fo=1, routed)           0.480     0.927    u_clk_wiz_0/inst/clk_in1_clk_wiz_0
    MMCME2_ADV_X0Y1      MMCME2_ADV (Prop_mmcme2_adv_CLKIN1_CLKOUT0)
                                                     -3.047    -2.120 r  u_clk_wiz_0/inst/mmcm_adv_inst/CLKOUT0
                         net (fo=1, routed)           0.528    -1.592    u_clk_wiz_0/inst/clk_out1_clk_wiz_0
    BUFGCTRL_X0Y16       BUFG (Prop_bufg_I_O)         0.029    -1.563 r  u_clk_wiz_0/inst/clkout1_buf/O
                         net (fo=16020, routed)       0.845    -0.718    u_jtag_mac/u_post_chif_fifo/u_jtag_mac_fifo/U0/inst_fifo_gen/gconvfifo.rf/grf.rf/gntv_or_sync_fifo.gcx.clkx/rd_pntr_cdc_inst/dest_clk
    SLICE_X5Y30          FDRE                                         r  u_jtag_mac/u_post_chif_fifo/u_jtag_mac_fifo/U0/inst_fifo_gen/gconvfifo.rf/grf.rf/gntv_or_sync_fifo.gcx.clkx/rd_pntr_cdc_inst/dest_graysync_ff_reg[0][10]/C





--------------------------------------------------------------------------------------
Path Group:  (none)
From Clock:  clkfbout_clk_wiz_0
  To Clock:  

Max Delay             1 Endpoint
Min Delay             1 Endpoint
--------------------------------------------------------------------------------------


Max Delay Paths
--------------------------------------------------------------------------------------
Slack:                    inf
  Source:                 u_clk_wiz_0/inst/mmcm_adv_inst/CLKFBOUT
                            (clock source 'clkfbout_clk_wiz_0'  {rise@0.000ns fall@20.000ns period=40.000ns})
  Destination:            u_clk_wiz_0/inst/mmcm_adv_inst/CLKFBIN
  Path Group:             (none)
  Path Type:              Max at Slow Process Corner
  Data Path Delay:        3.524ns  (logic 0.101ns (2.866%)  route 3.423ns (97.134%))
  Logic Levels:           1  (BUFG=1)
  Clock Uncertainty:      0.332ns  ((TSJ^2 + DJ^2)^1/2) / 2 + PE
    Total System Jitter     (TSJ):    0.050ns
    Discrete Jitter          (DJ):    0.164ns
    Phase Error              (PE):    0.246ns

    Location             Delay type                Incr(ns)  Path(ns)    Netlist Resource(s)
  -------------------------------------------------------------------    -------------------
                         (clock clkfbout_clk_wiz_0 fall edge)
                                                     20.000    20.000 f  
    L16                                               0.000    20.000 f  sysclk (IN)
                         net (fo=0)                   0.000    20.000    u_clk_wiz_0/inst/clk_in1
    L16                  IBUF (Prop_ibuf_I_O)         1.491    21.491 f  u_clk_wiz_0/inst/clkin1_ibufg/O
                         net (fo=1, routed)           1.285    22.776    u_clk_wiz_0/inst/clk_in1_clk_wiz_0
  -------------------------------------------------------------------    -------------------
    MMCME2_ADV_X0Y1      MMCME2_ADV (Prop_mmcme2_adv_CLKIN1_CLKFBOUT)
                                                     -6.996    15.780 f  u_clk_wiz_0/inst/mmcm_adv_inst/CLKFBOUT
                         net (fo=1, routed)           1.760    17.540    u_clk_wiz_0/inst/clkfbout_clk_wiz_0
    BUFGCTRL_X0Y17       BUFG (Prop_bufg_I_O)         0.101    17.641 f  u_clk_wiz_0/inst/clkf_buf/O
                         net (fo=1, routed)           1.663    19.304    u_clk_wiz_0/inst/clkfbout_buf_clk_wiz_0
    MMCME2_ADV_X0Y1      MMCME2_ADV                                   f  u_clk_wiz_0/inst/mmcm_adv_inst/CLKFBIN
  -------------------------------------------------------------------    -------------------





Min Delay Paths
--------------------------------------------------------------------------------------
Slack:                    inf
  Source:                 u_clk_wiz_0/inst/mmcm_adv_inst/CLKFBOUT
                            (clock source 'clkfbout_clk_wiz_0'  {rise@0.000ns fall@20.000ns period=40.000ns})
  Destination:            u_clk_wiz_0/inst/mmcm_adv_inst/CLKFBIN
  Path Group:             (none)
  Path Type:              Min at Slow Process Corner
  Data Path Delay:        3.164ns  (logic 0.091ns (2.876%)  route 3.073ns (97.124%))
  Logic Levels:           1  (BUFG=1)
  Clock Uncertainty:      0.332ns  ((TSJ^2 + DJ^2)^1/2) / 2 + PE
    Total System Jitter     (TSJ):    0.050ns
    Discrete Jitter          (DJ):    0.164ns
    Phase Error              (PE):    0.246ns

    Location             Delay type                Incr(ns)  Path(ns)    Netlist Resource(s)
  -------------------------------------------------------------------    -------------------
                         (clock clkfbout_clk_wiz_0 rise edge)
                                                      0.000     0.000 r  
    L16                                               0.000     0.000 r  sysclk (IN)
                         net (fo=0)                   0.000     0.000    u_clk_wiz_0/inst/clk_in1
    L16                  IBUF (Prop_ibuf_I_O)         1.421     1.421 r  u_clk_wiz_0/inst/clkin1_ibufg/O
                         net (fo=1, routed)           1.162     2.583    u_clk_wiz_0/inst/clk_in1_clk_wiz_0
  -------------------------------------------------------------------    -------------------
    MMCME2_ADV_X0Y1      MMCME2_ADV (Prop_mmcme2_adv_CLKIN1_CLKFBOUT)
                                                     -7.105    -4.522 r  u_clk_wiz_0/inst/mmcm_adv_inst/CLKFBOUT
                         net (fo=1, routed)           1.599    -2.923    u_clk_wiz_0/inst/clkfbout_clk_wiz_0
    BUFGCTRL_X0Y17       BUFG (Prop_bufg_I_O)         0.091    -2.832 r  u_clk_wiz_0/inst/clkf_buf/O
                         net (fo=1, routed)           1.474    -1.358    u_clk_wiz_0/inst/clkfbout_buf_clk_wiz_0
    MMCME2_ADV_X0Y1      MMCME2_ADV                                   r  u_clk_wiz_0/inst/mmcm_adv_inst/CLKFBIN
  -------------------------------------------------------------------    -------------------





--------------------------------------------------------------------------------------
Path Group:  (none)
From Clock:  
  To Clock:  TCK

Max Delay           222 Endpoints
Min Delay           222 Endpoints
--------------------------------------------------------------------------------------


Max Delay Paths
--------------------------------------------------------------------------------------
Slack:                    inf
  Source:                 u_clk_wiz_0/inst/mmcm_adv_inst/LOCKED
                            (internal pin)
  Destination:            u_jtag_mac/user_rst_cnt_reg[0]/R
                            (rising edge-triggered cell FDRE clocked by TCK  {rise@0.000ns fall@7.576ns period=15.152ns})
  Path Group:             (none)
  Path Type:              Setup (Max at Slow Process Corner)
  Data Path Delay:        8.368ns  (logic 0.152ns (1.817%)  route 8.216ns (98.183%))
  Logic Levels:           1  (LUT1=1)
  Clock Uncertainty:      0.025ns  ((TSJ^2 + TIJ^2)^1/2 + DJ) / 2 + PE
    Total System Jitter     (TSJ):    0.050ns
    Total Input Jitter      (TIJ):    0.000ns
    Discrete Jitter          (DJ):    0.000ns
    Phase Error              (PE):    0.000ns

    Location             Delay type                Incr(ns)  Path(ns)    Netlist Resource(s)
  -------------------------------------------------------------------    -------------------
    MMCME2_ADV_X0Y1      MMCME2_ADV                   0.000     0.000 f  u_clk_wiz_0/inst/mmcm_adv_inst/LOCKED
                         net (fo=68, routed)          6.655     6.655    u_jtag_mac/locked
    SLICE_X9Y17          LUT1 (Prop_lut1_I0_O)        0.152     6.807 r  u_jtag_mac/FSM_onehot_cs[14]_i_1/O
                         net (fo=23, routed)          1.561     8.368    u_jtag_mac/sys_rst
    SLICE_X2Y14          FDRE                                         r  u_jtag_mac/user_rst_cnt_reg[0]/R
  -------------------------------------------------------------------    -------------------

                         (clock TCK rise edge)        0.000     0.000 r  
    BSCAN_X0Y0           BSCANE2                      0.000     0.000 r  u_BSCANE2/TCK
                         net (fo=1, routed)           1.366     1.366    TCK
    BUFGCTRL_X0Y0        BUFG (Prop_bufg_I_O)         0.091     1.457 r  TCK_BUFG_inst/O
                         net (fo=505, routed)         1.546     3.003    u_jtag_mac/CLK
    SLICE_X2Y14          FDRE                                         r  u_jtag_mac/user_rst_cnt_reg[0]/C

Slack:                    inf
  Source:                 u_clk_wiz_0/inst/mmcm_adv_inst/LOCKED
                            (internal pin)
  Destination:            u_jtag_mac/user_rst_cnt_reg[2]/R
                            (rising edge-triggered cell FDRE clocked by TCK  {rise@0.000ns fall@7.576ns period=15.152ns})
  Path Group:             (none)
  Path Type:              Setup (Max at Slow Process Corner)
  Data Path Delay:        8.368ns  (logic 0.152ns (1.817%)  route 8.216ns (98.183%))
  Logic Levels:           1  (LUT1=1)
  Clock Uncertainty:      0.025ns  ((TSJ^2 + TIJ^2)^1/2 + DJ) / 2 + PE
    Total System Jitter     (TSJ):    0.050ns
    Total Input Jitter      (TIJ):    0.000ns
    Discrete Jitter          (DJ):    0.000ns
    Phase Error              (PE):    0.000ns

    Location             Delay type                Incr(ns)  Path(ns)    Netlist Resource(s)
  -------------------------------------------------------------------    -------------------
    MMCME2_ADV_X0Y1      MMCME2_ADV                   0.000     0.000 f  u_clk_wiz_0/inst/mmcm_adv_inst/LOCKED
                         net (fo=68, routed)          6.655     6.655    u_jtag_mac/locked
    SLICE_X9Y17          LUT1 (Prop_lut1_I0_O)        0.152     6.807 r  u_jtag_mac/FSM_onehot_cs[14]_i_1/O
                         net (fo=23, routed)          1.561     8.368    u_jtag_mac/sys_rst
    SLICE_X2Y14          FDRE                                         r  u_jtag_mac/user_rst_cnt_reg[2]/R
  -------------------------------------------------------------------    -------------------

                         (clock TCK rise edge)        0.000     0.000 r  
    BSCAN_X0Y0           BSCANE2                      0.000     0.000 r  u_BSCANE2/TCK
                         net (fo=1, routed)           1.366     1.366    TCK
    BUFGCTRL_X0Y0        BUFG (Prop_bufg_I_O)         0.091     1.457 r  TCK_BUFG_inst/O
                         net (fo=505, routed)         1.546     3.003    u_jtag_mac/CLK
    SLICE_X2Y14          FDRE                                         r  u_jtag_mac/user_rst_cnt_reg[2]/C

Slack:                    inf
  Source:                 u_clk_wiz_0/inst/mmcm_adv_inst/LOCKED
                            (internal pin)
  Destination:            u_jtag_mac/FSM_onehot_cs_reg[10]/R
                            (rising edge-triggered cell FDRE clocked by TCK  {rise@0.000ns fall@7.576ns period=15.152ns})
  Path Group:             (none)
  Path Type:              Setup (Max at Slow Process Corner)
  Data Path Delay:        8.363ns  (logic 0.152ns (1.817%)  route 8.211ns (98.183%))
  Logic Levels:           1  (LUT1=1)
  Clock Uncertainty:      0.025ns  ((TSJ^2 + TIJ^2)^1/2 + DJ) / 2 + PE
    Total System Jitter     (TSJ):    0.050ns
    Total Input Jitter      (TIJ):    0.000ns
    Discrete Jitter          (DJ):    0.000ns
    Phase Error              (PE):    0.000ns

    Location             Delay type                Incr(ns)  Path(ns)    Netlist Resource(s)
  -------------------------------------------------------------------    -------------------
    MMCME2_ADV_X0Y1      MMCME2_ADV                   0.000     0.000 f  u_clk_wiz_0/inst/mmcm_adv_inst/LOCKED
                         net (fo=68, routed)          6.655     6.655    u_jtag_mac/locked
    SLICE_X9Y17          LUT1 (Prop_lut1_I0_O)        0.152     6.807 r  u_jtag_mac/FSM_onehot_cs[14]_i_1/O
                         net (fo=23, routed)          1.557     8.363    u_jtag_mac/sys_rst
    SLICE_X3Y14          FDRE                                         r  u_jtag_mac/FSM_onehot_cs_reg[10]/R
  -------------------------------------------------------------------    -------------------

                         (clock TCK rise edge)        0.000     0.000 r  
    BSCAN_X0Y0           BSCANE2                      0.000     0.000 r  u_BSCANE2/TCK
                         net (fo=1, routed)           1.366     1.366    TCK
    BUFGCTRL_X0Y0        BUFG (Prop_bufg_I_O)         0.091     1.457 r  TCK_BUFG_inst/O
                         net (fo=505, routed)         1.546     3.003    u_jtag_mac/CLK
    SLICE_X3Y14          FDRE                                         r  u_jtag_mac/FSM_onehot_cs_reg[10]/C

Slack:                    inf
  Source:                 u_clk_wiz_0/inst/mmcm_adv_inst/LOCKED
                            (internal pin)
  Destination:            u_jtag_mac/user_rst_cnt_reg[1]/R
                            (rising edge-triggered cell FDRE clocked by TCK  {rise@0.000ns fall@7.576ns period=15.152ns})
  Path Group:             (none)
  Path Type:              Setup (Max at Slow Process Corner)
  Data Path Delay:        8.252ns  (logic 0.152ns (1.842%)  route 8.100ns (98.158%))
  Logic Levels:           1  (LUT1=1)
  Clock Uncertainty:      0.025ns  ((TSJ^2 + TIJ^2)^1/2 + DJ) / 2 + PE
    Total System Jitter     (TSJ):    0.050ns
    Total Input Jitter      (TIJ):    0.000ns
    Discrete Jitter          (DJ):    0.000ns
    Phase Error              (PE):    0.000ns

    Location             Delay type                Incr(ns)  Path(ns)    Netlist Resource(s)
  -------------------------------------------------------------------    -------------------
    MMCME2_ADV_X0Y1      MMCME2_ADV                   0.000     0.000 f  u_clk_wiz_0/inst/mmcm_adv_inst/LOCKED
                         net (fo=68, routed)          6.655     6.655    u_jtag_mac/locked
    SLICE_X9Y17          LUT1 (Prop_lut1_I0_O)        0.152     6.807 r  u_jtag_mac/FSM_onehot_cs[14]_i_1/O
                         net (fo=23, routed)          1.445     8.252    u_jtag_mac/sys_rst
    SLICE_X1Y13          FDRE                                         r  u_jtag_mac/user_rst_cnt_reg[1]/R
  -------------------------------------------------------------------    -------------------

                         (clock TCK rise edge)        0.000     0.000 r  
    BSCAN_X0Y0           BSCANE2                      0.000     0.000 r  u_BSCANE2/TCK
                         net (fo=1, routed)           1.366     1.366    TCK
    BUFGCTRL_X0Y0        BUFG (Prop_bufg_I_O)         0.091     1.457 r  TCK_BUFG_inst/O
                         net (fo=505, routed)         1.542     2.999    u_jtag_mac/CLK
    SLICE_X1Y13          FDRE                                         r  u_jtag_mac/user_rst_cnt_reg[1]/C

Slack:                    inf
  Source:                 u_clk_wiz_0/inst/mmcm_adv_inst/LOCKED
                            (internal pin)
  Destination:            u_jtag_mac/user_rst_cnt_reg[3]/R
                            (rising edge-triggered cell FDRE clocked by TCK  {rise@0.000ns fall@7.576ns period=15.152ns})
  Path Group:             (none)
  Path Type:              Setup (Max at Slow Process Corner)
  Data Path Delay:        8.252ns  (logic 0.152ns (1.842%)  route 8.100ns (98.158%))
  Logic Levels:           1  (LUT1=1)
  Clock Uncertainty:      0.025ns  ((TSJ^2 + TIJ^2)^1/2 + DJ) / 2 + PE
    Total System Jitter     (TSJ):    0.050ns
    Total Input Jitter      (TIJ):    0.000ns
    Discrete Jitter          (DJ):    0.000ns
    Phase Error              (PE):    0.000ns

    Location             Delay type                Incr(ns)  Path(ns)    Netlist Resource(s)
  -------------------------------------------------------------------    -------------------
    MMCME2_ADV_X0Y1      MMCME2_ADV                   0.000     0.000 f  u_clk_wiz_0/inst/mmcm_adv_inst/LOCKED
                         net (fo=68, routed)          6.655     6.655    u_jtag_mac/locked
    SLICE_X9Y17          LUT1 (Prop_lut1_I0_O)        0.152     6.807 r  u_jtag_mac/FSM_onehot_cs[14]_i_1/O
                         net (fo=23, routed)          1.445     8.252    u_jtag_mac/sys_rst
    SLICE_X1Y13          FDRE                                         r  u_jtag_mac/user_rst_cnt_reg[3]/R
  -------------------------------------------------------------------    -------------------

                         (clock TCK rise edge)        0.000     0.000 r  
    BSCAN_X0Y0           BSCANE2                      0.000     0.000 r  u_BSCANE2/TCK
                         net (fo=1, routed)           1.366     1.366    TCK
    BUFGCTRL_X0Y0        BUFG (Prop_bufg_I_O)         0.091     1.457 r  TCK_BUFG_inst/O
                         net (fo=505, routed)         1.542     2.999    u_jtag_mac/CLK
    SLICE_X1Y13          FDRE                                         r  u_jtag_mac/user_rst_cnt_reg[3]/C

Slack:                    inf
  Source:                 u_clk_wiz_0/inst/mmcm_adv_inst/LOCKED
                            (internal pin)
  Destination:            u_jtag_mac/user_rst_cnt_reg[4]/R
                            (rising edge-triggered cell FDRE clocked by TCK  {rise@0.000ns fall@7.576ns period=15.152ns})
  Path Group:             (none)
  Path Type:              Setup (Max at Slow Process Corner)
  Data Path Delay:        8.252ns  (logic 0.152ns (1.842%)  route 8.100ns (98.158%))
  Logic Levels:           1  (LUT1=1)
  Clock Uncertainty:      0.025ns  ((TSJ^2 + TIJ^2)^1/2 + DJ) / 2 + PE
    Total System Jitter     (TSJ):    0.050ns
    Total Input Jitter      (TIJ):    0.000ns
    Discrete Jitter          (DJ):    0.000ns
    Phase Error              (PE):    0.000ns

    Location             Delay type                Incr(ns)  Path(ns)    Netlist Resource(s)
  -------------------------------------------------------------------    -------------------
    MMCME2_ADV_X0Y1      MMCME2_ADV                   0.000     0.000 f  u_clk_wiz_0/inst/mmcm_adv_inst/LOCKED
                         net (fo=68, routed)          6.655     6.655    u_jtag_mac/locked
    SLICE_X9Y17          LUT1 (Prop_lut1_I0_O)        0.152     6.807 r  u_jtag_mac/FSM_onehot_cs[14]_i_1/O
                         net (fo=23, routed)          1.445     8.252    u_jtag_mac/sys_rst
    SLICE_X0Y13          FDRE                                         r  u_jtag_mac/user_rst_cnt_reg[4]/R
  -------------------------------------------------------------------    -------------------

                         (clock TCK rise edge)        0.000     0.000 r  
    BSCAN_X0Y0           BSCANE2                      0.000     0.000 r  u_BSCANE2/TCK
                         net (fo=1, routed)           1.366     1.366    TCK
    BUFGCTRL_X0Y0        BUFG (Prop_bufg_I_O)         0.091     1.457 r  TCK_BUFG_inst/O
                         net (fo=505, routed)         1.542     2.999    u_jtag_mac/CLK
    SLICE_X0Y13          FDRE                                         r  u_jtag_mac/user_rst_cnt_reg[4]/C

Slack:                    inf
  Source:                 u_clk_wiz_0/inst/mmcm_adv_inst/LOCKED
                            (internal pin)
  Destination:            u_jtag_mac/user_rst_cnt_reg[5]/R
                            (rising edge-triggered cell FDRE clocked by TCK  {rise@0.000ns fall@7.576ns period=15.152ns})
  Path Group:             (none)
  Path Type:              Setup (Max at Slow Process Corner)
  Data Path Delay:        8.252ns  (logic 0.152ns (1.842%)  route 8.100ns (98.158%))
  Logic Levels:           1  (LUT1=1)
  Clock Uncertainty:      0.025ns  ((TSJ^2 + TIJ^2)^1/2 + DJ) / 2 + PE
    Total System Jitter     (TSJ):    0.050ns
    Total Input Jitter      (TIJ):    0.000ns
    Discrete Jitter          (DJ):    0.000ns
    Phase Error              (PE):    0.000ns

    Location             Delay type                Incr(ns)  Path(ns)    Netlist Resource(s)
  -------------------------------------------------------------------    -------------------
    MMCME2_ADV_X0Y1      MMCME2_ADV                   0.000     0.000 f  u_clk_wiz_0/inst/mmcm_adv_inst/LOCKED
                         net (fo=68, routed)          6.655     6.655    u_jtag_mac/locked
    SLICE_X9Y17          LUT1 (Prop_lut1_I0_O)        0.152     6.807 r  u_jtag_mac/FSM_onehot_cs[14]_i_1/O
                         net (fo=23, routed)          1.445     8.252    u_jtag_mac/sys_rst
    SLICE_X1Y13          FDRE                                         r  u_jtag_mac/user_rst_cnt_reg[5]/R
  -------------------------------------------------------------------    -------------------

                         (clock TCK rise edge)        0.000     0.000 r  
    BSCAN_X0Y0           BSCANE2                      0.000     0.000 r  u_BSCANE2/TCK
                         net (fo=1, routed)           1.366     1.366    TCK
    BUFGCTRL_X0Y0        BUFG (Prop_bufg_I_O)         0.091     1.457 r  TCK_BUFG_inst/O
                         net (fo=505, routed)         1.542     2.999    u_jtag_mac/CLK
    SLICE_X1Y13          FDRE                                         r  u_jtag_mac/user_rst_cnt_reg[5]/C

Slack:                    inf
  Source:                 u_clk_wiz_0/inst/mmcm_adv_inst/LOCKED
                            (internal pin)
  Destination:            u_jtag_mac/user_rst_cnt_reg[6]/R
                            (rising edge-triggered cell FDRE clocked by TCK  {rise@0.000ns fall@7.576ns period=15.152ns})
  Path Group:             (none)
  Path Type:              Setup (Max at Slow Process Corner)
  Data Path Delay:        8.252ns  (logic 0.152ns (1.842%)  route 8.100ns (98.158%))
  Logic Levels:           1  (LUT1=1)
  Clock Uncertainty:      0.025ns  ((TSJ^2 + TIJ^2)^1/2 + DJ) / 2 + PE
    Total System Jitter     (TSJ):    0.050ns
    Total Input Jitter      (TIJ):    0.000ns
    Discrete Jitter          (DJ):    0.000ns
    Phase Error              (PE):    0.000ns

    Location             Delay type                Incr(ns)  Path(ns)    Netlist Resource(s)
  -------------------------------------------------------------------    -------------------
    MMCME2_ADV_X0Y1      MMCME2_ADV                   0.000     0.000 f  u_clk_wiz_0/inst/mmcm_adv_inst/LOCKED
                         net (fo=68, routed)          6.655     6.655    u_jtag_mac/locked
    SLICE_X9Y17          LUT1 (Prop_lut1_I0_O)        0.152     6.807 r  u_jtag_mac/FSM_onehot_cs[14]_i_1/O
                         net (fo=23, routed)          1.445     8.252    u_jtag_mac/sys_rst
    SLICE_X0Y13          FDRE                                         r  u_jtag_mac/user_rst_cnt_reg[6]/R
  -------------------------------------------------------------------    -------------------

                         (clock TCK rise edge)        0.000     0.000 r  
    BSCAN_X0Y0           BSCANE2                      0.000     0.000 r  u_BSCANE2/TCK
                         net (fo=1, routed)           1.366     1.366    TCK
    BUFGCTRL_X0Y0        BUFG (Prop_bufg_I_O)         0.091     1.457 r  TCK_BUFG_inst/O
                         net (fo=505, routed)         1.542     2.999    u_jtag_mac/CLK
    SLICE_X0Y13          FDRE                                         r  u_jtag_mac/user_rst_cnt_reg[6]/C

Slack:                    inf
  Source:                 u_clk_wiz_0/inst/mmcm_adv_inst/LOCKED
                            (internal pin)
  Destination:            u_jtag_mac/user_rst_cnt_reg[7]/R
                            (rising edge-triggered cell FDRE clocked by TCK  {rise@0.000ns fall@7.576ns period=15.152ns})
  Path Group:             (none)
  Path Type:              Setup (Max at Slow Process Corner)
  Data Path Delay:        8.252ns  (logic 0.152ns (1.842%)  route 8.100ns (98.158%))
  Logic Levels:           1  (LUT1=1)
  Clock Uncertainty:      0.025ns  ((TSJ^2 + TIJ^2)^1/2 + DJ) / 2 + PE
    Total System Jitter     (TSJ):    0.050ns
    Total Input Jitter      (TIJ):    0.000ns
    Discrete Jitter          (DJ):    0.000ns
    Phase Error              (PE):    0.000ns

    Location             Delay type                Incr(ns)  Path(ns)    Netlist Resource(s)
  -------------------------------------------------------------------    -------------------
    MMCME2_ADV_X0Y1      MMCME2_ADV                   0.000     0.000 f  u_clk_wiz_0/inst/mmcm_adv_inst/LOCKED
                         net (fo=68, routed)          6.655     6.655    u_jtag_mac/locked
    SLICE_X9Y17          LUT1 (Prop_lut1_I0_O)        0.152     6.807 r  u_jtag_mac/FSM_onehot_cs[14]_i_1/O
                         net (fo=23, routed)          1.445     8.252    u_jtag_mac/sys_rst
    SLICE_X0Y13          FDRE                                         r  u_jtag_mac/user_rst_cnt_reg[7]/R
  -------------------------------------------------------------------    -------------------

                         (clock TCK rise edge)        0.000     0.000 r  
    BSCAN_X0Y0           BSCANE2                      0.000     0.000 r  u_BSCANE2/TCK
                         net (fo=1, routed)           1.366     1.366    TCK
    BUFGCTRL_X0Y0        BUFG (Prop_bufg_I_O)         0.091     1.457 r  TCK_BUFG_inst/O
                         net (fo=505, routed)         1.542     2.999    u_jtag_mac/CLK
    SLICE_X0Y13          FDRE                                         r  u_jtag_mac/user_rst_cnt_reg[7]/C

Slack:                    inf
  Source:                 u_clk_wiz_0/inst/mmcm_adv_inst/LOCKED
                            (internal pin)
  Destination:            u_jtag_mac/FSM_onehot_cs_reg[14]/R
                            (rising edge-triggered cell FDRE clocked by TCK  {rise@0.000ns fall@7.576ns period=15.152ns})
  Path Group:             (none)
  Path Type:              Setup (Max at Slow Process Corner)
  Data Path Delay:        8.062ns  (logic 0.152ns (1.885%)  route 7.910ns (98.115%))
  Logic Levels:           1  (LUT1=1)
  Clock Uncertainty:      0.025ns  ((TSJ^2 + TIJ^2)^1/2 + DJ) / 2 + PE
    Total System Jitter     (TSJ):    0.050ns
    Total Input Jitter      (TIJ):    0.000ns
    Discrete Jitter          (DJ):    0.000ns
    Phase Error              (PE):    0.000ns

    Location             Delay type                Incr(ns)  Path(ns)    Netlist Resource(s)
  -------------------------------------------------------------------    -------------------
    MMCME2_ADV_X0Y1      MMCME2_ADV                   0.000     0.000 f  u_clk_wiz_0/inst/mmcm_adv_inst/LOCKED
                         net (fo=68, routed)          6.655     6.655    u_jtag_mac/locked
    SLICE_X9Y17          LUT1 (Prop_lut1_I0_O)        0.152     6.807 r  u_jtag_mac/FSM_onehot_cs[14]_i_1/O
                         net (fo=23, routed)          1.255     8.062    u_jtag_mac/sys_rst
    SLICE_X3Y17          FDRE                                         r  u_jtag_mac/FSM_onehot_cs_reg[14]/R
  -------------------------------------------------------------------    -------------------

                         (clock TCK rise edge)        0.000     0.000 r  
    BSCAN_X0Y0           BSCANE2                      0.000     0.000 r  u_BSCANE2/TCK
                         net (fo=1, routed)           1.366     1.366    TCK
    BUFGCTRL_X0Y0        BUFG (Prop_bufg_I_O)         0.091     1.457 r  TCK_BUFG_inst/O
                         net (fo=505, routed)         1.543     3.000    u_jtag_mac/CLK
    SLICE_X3Y17          FDRE                                         r  u_jtag_mac/FSM_onehot_cs_reg[14]/C





Min Delay Paths
--------------------------------------------------------------------------------------
Slack:                    inf
  Source:                 u_BSCANE2/TDI
                            (internal pin)
  Destination:            u_jtag_mac/data_buffer_reg[15]/D
                            (rising edge-triggered cell FDRE clocked by TCK  {rise@0.000ns fall@7.576ns period=15.152ns})
  Path Group:             (none)
  Path Type:              Hold (Min at Fast Process Corner)
  Data Path Delay:        0.574ns  (logic 0.045ns (7.843%)  route 0.529ns (92.157%))
  Logic Levels:           1  (LUT2=1)
  Clock Uncertainty:      0.025ns  ((TSJ^2 + TIJ^2)^1/2 + DJ) / 2 + PE
    Total System Jitter     (TSJ):    0.050ns
    Total Input Jitter      (TIJ):    0.000ns
    Discrete Jitter          (DJ):    0.000ns
    Phase Error              (PE):    0.000ns

    Location             Delay type                Incr(ns)  Path(ns)    Netlist Resource(s)
  -------------------------------------------------------------------    -------------------
    BSCAN_X0Y0           BSCANE2                      0.000     0.000 r  u_BSCANE2/TDI
                         net (fo=1, routed)           0.529     0.529    u_jtag_mac/TDI
    SLICE_X11Y30         LUT2 (Prop_lut2_I0_O)        0.045     0.574 r  u_jtag_mac/data_buffer[15]_i_1/O
                         net (fo=1, routed)           0.000     0.574    u_jtag_mac/p_1_out[15]
    SLICE_X11Y30         FDRE                                         r  u_jtag_mac/data_buffer_reg[15]/D
  -------------------------------------------------------------------    -------------------

                         (clock TCK rise edge)        0.000     0.000 r  
    BSCAN_X0Y0           BSCANE2                      0.000     0.000 r  u_BSCANE2/TCK
                         net (fo=1, routed)           0.685     0.685    TCK
    BUFGCTRL_X0Y0        BUFG (Prop_bufg_I_O)         0.029     0.714 r  TCK_BUFG_inst/O
                         net (fo=505, routed)         0.824     1.538    u_jtag_mac/CLK
    SLICE_X11Y30         FDRE                                         r  u_jtag_mac/data_buffer_reg[15]/C

Slack:                    inf
  Source:                 u_clk_wiz_0/inst/mmcm_adv_inst/LOCKED
                            (internal pin)
  Destination:            u_jtag_mac/data_buffer_reg[15]/R
                            (rising edge-triggered cell FDRE clocked by TCK  {rise@0.000ns fall@7.576ns period=15.152ns})
  Path Group:             (none)
  Path Type:              Hold (Min at Fast Process Corner)
  Data Path Delay:        1.321ns  (logic 0.045ns (3.406%)  route 1.276ns (96.594%))
  Logic Levels:           1  (LUT2=1)
  Clock Uncertainty:      0.025ns  ((TSJ^2 + TIJ^2)^1/2 + DJ) / 2 + PE
    Total System Jitter     (TSJ):    0.050ns
    Total Input Jitter      (TIJ):    0.000ns
    Discrete Jitter          (DJ):    0.000ns
    Phase Error              (PE):    0.000ns

    Location             Delay type                Incr(ns)  Path(ns)    Netlist Resource(s)
  -------------------------------------------------------------------    -------------------
    MMCME2_ADV_X0Y1      MMCME2_ADV                   0.000     0.000 f  u_clk_wiz_0/inst/mmcm_adv_inst/LOCKED
                         net (fo=68, routed)          0.478     0.478    u_jtag_mac/locked
    SLICE_X41Y47         LUT2 (Prop_lut2_I1_O)        0.045     0.523 r  u_jtag_mac/empty_tmp_d1_i_1/O
                         net (fo=8129, routed)        0.798     1.321    u_jtag_mac/chif_reset
    SLICE_X11Y30         FDRE                                         r  u_jtag_mac/data_buffer_reg[15]/R
  -------------------------------------------------------------------    -------------------

                         (clock TCK rise edge)        0.000     0.000 r  
    BSCAN_X0Y0           BSCANE2                      0.000     0.000 r  u_BSCANE2/TCK
                         net (fo=1, routed)           0.685     0.685    TCK
    BUFGCTRL_X0Y0        BUFG (Prop_bufg_I_O)         0.029     0.714 r  TCK_BUFG_inst/O
                         net (fo=505, routed)         0.824     1.538    u_jtag_mac/CLK
    SLICE_X11Y30         FDRE                                         r  u_jtag_mac/data_buffer_reg[15]/C

Slack:                    inf
  Source:                 u_clk_wiz_0/inst/mmcm_adv_inst/LOCKED
                            (internal pin)
  Destination:            u_jtag_mac/fifo_output_reg_reg[6]/R
                            (rising edge-triggered cell FDRE clocked by TCK  {rise@0.000ns fall@7.576ns period=15.152ns})
  Path Group:             (none)
  Path Type:              Hold (Min at Fast Process Corner)
  Data Path Delay:        1.433ns  (logic 0.045ns (3.139%)  route 1.388ns (96.861%))
  Logic Levels:           1  (LUT2=1)
  Clock Uncertainty:      0.025ns  ((TSJ^2 + TIJ^2)^1/2 + DJ) / 2 + PE
    Total System Jitter     (TSJ):    0.050ns
    Total Input Jitter      (TIJ):    0.000ns
    Discrete Jitter          (DJ):    0.000ns
    Phase Error              (PE):    0.000ns

    Location             Delay type                Incr(ns)  Path(ns)    Netlist Resource(s)
  -------------------------------------------------------------------    -------------------
    MMCME2_ADV_X0Y1      MMCME2_ADV                   0.000     0.000 f  u_clk_wiz_0/inst/mmcm_adv_inst/LOCKED
                         net (fo=68, routed)          0.478     0.478    u_jtag_mac/locked
    SLICE_X41Y47         LUT2 (Prop_lut2_I1_O)        0.045     0.523 r  u_jtag_mac/empty_tmp_d1_i_1/O
                         net (fo=8129, routed)        0.910     1.433    u_jtag_mac/chif_reset
    SLICE_X8Y26          FDRE                                         r  u_jtag_mac/fifo_output_reg_reg[6]/R
  -------------------------------------------------------------------    -------------------

                         (clock TCK rise edge)        0.000     0.000 r  
    BSCAN_X0Y0           BSCANE2                      0.000     0.000 r  u_BSCANE2/TCK
                         net (fo=1, routed)           0.685     0.685    TCK
    BUFGCTRL_X0Y0        BUFG (Prop_bufg_I_O)         0.029     0.714 r  TCK_BUFG_inst/O
                         net (fo=505, routed)         0.819     1.533    u_jtag_mac/CLK
    SLICE_X8Y26          FDRE                                         r  u_jtag_mac/fifo_output_reg_reg[6]/C

Slack:                    inf
  Source:                 u_clk_wiz_0/inst/mmcm_adv_inst/LOCKED
                            (internal pin)
  Destination:            u_jtag_mac/fifo_output_reg_reg[7]/R
                            (rising edge-triggered cell FDRE clocked by TCK  {rise@0.000ns fall@7.576ns period=15.152ns})
  Path Group:             (none)
  Path Type:              Hold (Min at Fast Process Corner)
  Data Path Delay:        1.433ns  (logic 0.045ns (3.139%)  route 1.388ns (96.861%))
  Logic Levels:           1  (LUT2=1)
  Clock Uncertainty:      0.025ns  ((TSJ^2 + TIJ^2)^1/2 + DJ) / 2 + PE
    Total System Jitter     (TSJ):    0.050ns
    Total Input Jitter      (TIJ):    0.000ns
    Discrete Jitter          (DJ):    0.000ns
    Phase Error              (PE):    0.000ns

    Location             Delay type                Incr(ns)  Path(ns)    Netlist Resource(s)
  -------------------------------------------------------------------    -------------------
    MMCME2_ADV_X0Y1      MMCME2_ADV                   0.000     0.000 f  u_clk_wiz_0/inst/mmcm_adv_inst/LOCKED
                         net (fo=68, routed)          0.478     0.478    u_jtag_mac/locked
    SLICE_X41Y47         LUT2 (Prop_lut2_I1_O)        0.045     0.523 r  u_jtag_mac/empty_tmp_d1_i_1/O
                         net (fo=8129, routed)        0.910     1.433    u_jtag_mac/chif_reset
    SLICE_X8Y26          FDRE                                         r  u_jtag_mac/fifo_output_reg_reg[7]/R
  -------------------------------------------------------------------    -------------------

                         (clock TCK rise edge)        0.000     0.000 r  
    BSCAN_X0Y0           BSCANE2                      0.000     0.000 r  u_BSCANE2/TCK
                         net (fo=1, routed)           0.685     0.685    TCK
    BUFGCTRL_X0Y0        BUFG (Prop_bufg_I_O)         0.029     0.714 r  TCK_BUFG_inst/O
                         net (fo=505, routed)         0.819     1.533    u_jtag_mac/CLK
    SLICE_X8Y26          FDRE                                         r  u_jtag_mac/fifo_output_reg_reg[7]/C

Slack:                    inf
  Source:                 u_clk_wiz_0/inst/mmcm_adv_inst/LOCKED
                            (internal pin)
  Destination:            u_jtag_mac/fifo_output_reg_reg[0]/R
                            (rising edge-triggered cell FDRE clocked by TCK  {rise@0.000ns fall@7.576ns period=15.152ns})
  Path Group:             (none)
  Path Type:              Hold (Min at Fast Process Corner)
  Data Path Delay:        1.522ns  (logic 0.045ns (2.957%)  route 1.477ns (97.043%))
  Logic Levels:           1  (LUT2=1)
  Clock Uncertainty:      0.025ns  ((TSJ^2 + TIJ^2)^1/2 + DJ) / 2 + PE
    Total System Jitter     (TSJ):    0.050ns
    Total Input Jitter      (TIJ):    0.000ns
    Discrete Jitter          (DJ):    0.000ns
    Phase Error              (PE):    0.000ns

    Location             Delay type                Incr(ns)  Path(ns)    Netlist Resource(s)
  -------------------------------------------------------------------    -------------------
    MMCME2_ADV_X0Y1      MMCME2_ADV                   0.000     0.000 f  u_clk_wiz_0/inst/mmcm_adv_inst/LOCKED
                         net (fo=68, routed)          0.478     0.478    u_jtag_mac/locked
    SLICE_X41Y47         LUT2 (Prop_lut2_I1_O)        0.045     0.523 r  u_jtag_mac/empty_tmp_d1_i_1/O
                         net (fo=8129, routed)        0.998     1.522    u_jtag_mac/chif_reset
    SLICE_X6Y26          FDRE                                         r  u_jtag_mac/fifo_output_reg_reg[0]/R
  -------------------------------------------------------------------    -------------------

                         (clock TCK rise edge)        0.000     0.000 r  
    BSCAN_X0Y0           BSCANE2                      0.000     0.000 r  u_BSCANE2/TCK
                         net (fo=1, routed)           0.685     0.685    TCK
    BUFGCTRL_X0Y0        BUFG (Prop_bufg_I_O)         0.029     0.714 r  TCK_BUFG_inst/O
                         net (fo=505, routed)         0.819     1.533    u_jtag_mac/CLK
    SLICE_X6Y26          FDRE                                         r  u_jtag_mac/fifo_output_reg_reg[0]/C

Slack:                    inf
  Source:                 u_clk_wiz_0/inst/mmcm_adv_inst/LOCKED
                            (internal pin)
  Destination:            u_jtag_mac/fifo_output_reg_reg[1]/R
                            (rising edge-triggered cell FDRE clocked by TCK  {rise@0.000ns fall@7.576ns period=15.152ns})
  Path Group:             (none)
  Path Type:              Hold (Min at Fast Process Corner)
  Data Path Delay:        1.522ns  (logic 0.045ns (2.957%)  route 1.477ns (97.043%))
  Logic Levels:           1  (LUT2=1)
  Clock Uncertainty:      0.025ns  ((TSJ^2 + TIJ^2)^1/2 + DJ) / 2 + PE
    Total System Jitter     (TSJ):    0.050ns
    Total Input Jitter      (TIJ):    0.000ns
    Discrete Jitter          (DJ):    0.000ns
    Phase Error              (PE):    0.000ns

    Location             Delay type                Incr(ns)  Path(ns)    Netlist Resource(s)
  -------------------------------------------------------------------    -------------------
    MMCME2_ADV_X0Y1      MMCME2_ADV                   0.000     0.000 f  u_clk_wiz_0/inst/mmcm_adv_inst/LOCKED
                         net (fo=68, routed)          0.478     0.478    u_jtag_mac/locked
    SLICE_X41Y47         LUT2 (Prop_lut2_I1_O)        0.045     0.523 r  u_jtag_mac/empty_tmp_d1_i_1/O
                         net (fo=8129, routed)        0.998     1.522    u_jtag_mac/chif_reset
    SLICE_X6Y26          FDRE                                         r  u_jtag_mac/fifo_output_reg_reg[1]/R
  -------------------------------------------------------------------    -------------------

                         (clock TCK rise edge)        0.000     0.000 r  
    BSCAN_X0Y0           BSCANE2                      0.000     0.000 r  u_BSCANE2/TCK
                         net (fo=1, routed)           0.685     0.685    TCK
    BUFGCTRL_X0Y0        BUFG (Prop_bufg_I_O)         0.029     0.714 r  TCK_BUFG_inst/O
                         net (fo=505, routed)         0.819     1.533    u_jtag_mac/CLK
    SLICE_X6Y26          FDRE                                         r  u_jtag_mac/fifo_output_reg_reg[1]/C

Slack:                    inf
  Source:                 u_clk_wiz_0/inst/mmcm_adv_inst/LOCKED
                            (internal pin)
  Destination:            u_jtag_mac/fifo_output_reg_reg[2]/R
                            (rising edge-triggered cell FDRE clocked by TCK  {rise@0.000ns fall@7.576ns period=15.152ns})
  Path Group:             (none)
  Path Type:              Hold (Min at Fast Process Corner)
  Data Path Delay:        1.522ns  (logic 0.045ns (2.957%)  route 1.477ns (97.043%))
  Logic Levels:           1  (LUT2=1)
  Clock Uncertainty:      0.025ns  ((TSJ^2 + TIJ^2)^1/2 + DJ) / 2 + PE
    Total System Jitter     (TSJ):    0.050ns
    Total Input Jitter      (TIJ):    0.000ns
    Discrete Jitter          (DJ):    0.000ns
    Phase Error              (PE):    0.000ns

    Location             Delay type                Incr(ns)  Path(ns)    Netlist Resource(s)
  -------------------------------------------------------------------    -------------------
    MMCME2_ADV_X0Y1      MMCME2_ADV                   0.000     0.000 f  u_clk_wiz_0/inst/mmcm_adv_inst/LOCKED
                         net (fo=68, routed)          0.478     0.478    u_jtag_mac/locked
    SLICE_X41Y47         LUT2 (Prop_lut2_I1_O)        0.045     0.523 r  u_jtag_mac/empty_tmp_d1_i_1/O
                         net (fo=8129, routed)        0.998     1.522    u_jtag_mac/chif_reset
    SLICE_X6Y26          FDRE                                         r  u_jtag_mac/fifo_output_reg_reg[2]/R
  -------------------------------------------------------------------    -------------------

                         (clock TCK rise edge)        0.000     0.000 r  
    BSCAN_X0Y0           BSCANE2                      0.000     0.000 r  u_BSCANE2/TCK
                         net (fo=1, routed)           0.685     0.685    TCK
    BUFGCTRL_X0Y0        BUFG (Prop_bufg_I_O)         0.029     0.714 r  TCK_BUFG_inst/O
                         net (fo=505, routed)         0.819     1.533    u_jtag_mac/CLK
    SLICE_X6Y26          FDRE                                         r  u_jtag_mac/fifo_output_reg_reg[2]/C

Slack:                    inf
  Source:                 u_clk_wiz_0/inst/mmcm_adv_inst/LOCKED
                            (internal pin)
  Destination:            u_jtag_mac/fifo_output_reg_reg[3]/R
                            (rising edge-triggered cell FDRE clocked by TCK  {rise@0.000ns fall@7.576ns period=15.152ns})
  Path Group:             (none)
  Path Type:              Hold (Min at Fast Process Corner)
  Data Path Delay:        1.522ns  (logic 0.045ns (2.957%)  route 1.477ns (97.043%))
  Logic Levels:           1  (LUT2=1)
  Clock Uncertainty:      0.025ns  ((TSJ^2 + TIJ^2)^1/2 + DJ) / 2 + PE
    Total System Jitter     (TSJ):    0.050ns
    Total Input Jitter      (TIJ):    0.000ns
    Discrete Jitter          (DJ):    0.000ns
    Phase Error              (PE):    0.000ns

    Location             Delay type                Incr(ns)  Path(ns)    Netlist Resource(s)
  -------------------------------------------------------------------    -------------------
    MMCME2_ADV_X0Y1      MMCME2_ADV                   0.000     0.000 f  u_clk_wiz_0/inst/mmcm_adv_inst/LOCKED
                         net (fo=68, routed)          0.478     0.478    u_jtag_mac/locked
    SLICE_X41Y47         LUT2 (Prop_lut2_I1_O)        0.045     0.523 r  u_jtag_mac/empty_tmp_d1_i_1/O
                         net (fo=8129, routed)        0.998     1.522    u_jtag_mac/chif_reset
    SLICE_X6Y26          FDRE                                         r  u_jtag_mac/fifo_output_reg_reg[3]/R
  -------------------------------------------------------------------    -------------------

                         (clock TCK rise edge)        0.000     0.000 r  
    BSCAN_X0Y0           BSCANE2                      0.000     0.000 r  u_BSCANE2/TCK
                         net (fo=1, routed)           0.685     0.685    TCK
    BUFGCTRL_X0Y0        BUFG (Prop_bufg_I_O)         0.029     0.714 r  TCK_BUFG_inst/O
                         net (fo=505, routed)         0.819     1.533    u_jtag_mac/CLK
    SLICE_X6Y26          FDRE                                         r  u_jtag_mac/fifo_output_reg_reg[3]/C

Slack:                    inf
  Source:                 u_clk_wiz_0/inst/mmcm_adv_inst/LOCKED
                            (internal pin)
  Destination:            u_jtag_mac/fifo_output_reg_reg[4]/R
                            (rising edge-triggered cell FDRE clocked by TCK  {rise@0.000ns fall@7.576ns period=15.152ns})
  Path Group:             (none)
  Path Type:              Hold (Min at Fast Process Corner)
  Data Path Delay:        1.522ns  (logic 0.045ns (2.957%)  route 1.477ns (97.043%))
  Logic Levels:           1  (LUT2=1)
  Clock Uncertainty:      0.025ns  ((TSJ^2 + TIJ^2)^1/2 + DJ) / 2 + PE
    Total System Jitter     (TSJ):    0.050ns
    Total Input Jitter      (TIJ):    0.000ns
    Discrete Jitter          (DJ):    0.000ns
    Phase Error              (PE):    0.000ns

    Location             Delay type                Incr(ns)  Path(ns)    Netlist Resource(s)
  -------------------------------------------------------------------    -------------------
    MMCME2_ADV_X0Y1      MMCME2_ADV                   0.000     0.000 f  u_clk_wiz_0/inst/mmcm_adv_inst/LOCKED
                         net (fo=68, routed)          0.478     0.478    u_jtag_mac/locked
    SLICE_X41Y47         LUT2 (Prop_lut2_I1_O)        0.045     0.523 r  u_jtag_mac/empty_tmp_d1_i_1/O
                         net (fo=8129, routed)        0.998     1.522    u_jtag_mac/chif_reset
    SLICE_X6Y26          FDRE                                         r  u_jtag_mac/fifo_output_reg_reg[4]/R
  -------------------------------------------------------------------    -------------------

                         (clock TCK rise edge)        0.000     0.000 r  
    BSCAN_X0Y0           BSCANE2                      0.000     0.000 r  u_BSCANE2/TCK
                         net (fo=1, routed)           0.685     0.685    TCK
    BUFGCTRL_X0Y0        BUFG (Prop_bufg_I_O)         0.029     0.714 r  TCK_BUFG_inst/O
                         net (fo=505, routed)         0.819     1.533    u_jtag_mac/CLK
    SLICE_X6Y26          FDRE                                         r  u_jtag_mac/fifo_output_reg_reg[4]/C

Slack:                    inf
  Source:                 u_clk_wiz_0/inst/mmcm_adv_inst/LOCKED
                            (internal pin)
  Destination:            u_jtag_mac/fifo_output_reg_reg[5]/R
                            (rising edge-triggered cell FDRE clocked by TCK  {rise@0.000ns fall@7.576ns period=15.152ns})
  Path Group:             (none)
  Path Type:              Hold (Min at Fast Process Corner)
  Data Path Delay:        1.522ns  (logic 0.045ns (2.957%)  route 1.477ns (97.043%))
  Logic Levels:           1  (LUT2=1)
  Clock Uncertainty:      0.025ns  ((TSJ^2 + TIJ^2)^1/2 + DJ) / 2 + PE
    Total System Jitter     (TSJ):    0.050ns
    Total Input Jitter      (TIJ):    0.000ns
    Discrete Jitter          (DJ):    0.000ns
    Phase Error              (PE):    0.000ns

    Location             Delay type                Incr(ns)  Path(ns)    Netlist Resource(s)
  -------------------------------------------------------------------    -------------------
    MMCME2_ADV_X0Y1      MMCME2_ADV                   0.000     0.000 f  u_clk_wiz_0/inst/mmcm_adv_inst/LOCKED
                         net (fo=68, routed)          0.478     0.478    u_jtag_mac/locked
    SLICE_X41Y47         LUT2 (Prop_lut2_I1_O)        0.045     0.523 r  u_jtag_mac/empty_tmp_d1_i_1/O
                         net (fo=8129, routed)        0.998     1.522    u_jtag_mac/chif_reset
    SLICE_X6Y26          FDRE                                         r  u_jtag_mac/fifo_output_reg_reg[5]/R
  -------------------------------------------------------------------    -------------------

                         (clock TCK rise edge)        0.000     0.000 r  
    BSCAN_X0Y0           BSCANE2                      0.000     0.000 r  u_BSCANE2/TCK
                         net (fo=1, routed)           0.685     0.685    TCK
    BUFGCTRL_X0Y0        BUFG (Prop_bufg_I_O)         0.029     0.714 r  TCK_BUFG_inst/O
                         net (fo=505, routed)         0.819     1.533    u_jtag_mac/CLK
    SLICE_X6Y26          FDRE                                         r  u_jtag_mac/fifo_output_reg_reg[5]/C





--------------------------------------------------------------------------------------
Path Group:  (none)
From Clock:  
  To Clock:  clk_out1_clk_wiz_0

Max Delay         14123 Endpoints
Min Delay         14123 Endpoints
--------------------------------------------------------------------------------------


Max Delay Paths
--------------------------------------------------------------------------------------
Slack:                    inf
  Source:                 u_clk_wiz_0/inst/mmcm_adv_inst/LOCKED
                            (internal pin)
  Destination:            u_mwfil_chiftop/u_dut/u_Subsystem1/Subsystem_Reference_1_1/Absolute_of_Complex_1_1/CORDIC_Square_Root_HDL_Optim_1/Cast_to_Union_of_Types_1_1/delayMatch_reg_reg[1][17]/R
                            (rising edge-triggered cell FDRE clocked by clk_out1_clk_wiz_0  {rise@0.000ns fall@20.000ns period=40.000ns})
  Path Group:             (none)
  Path Type:              Setup (Max at Slow Process Corner)
  Data Path Delay:        35.705ns  (logic 0.124ns (0.347%)  route 35.581ns (99.653%))
  Logic Levels:           1  (LUT2=1)
  Clock Uncertainty:      0.404ns  ((TSJ^2 + DJ^2)^1/2) / 2 + PE
    Total System Jitter     (TSJ):    0.050ns
    Discrete Jitter          (DJ):    0.313ns
    Phase Error              (PE):    0.246ns

    Location             Delay type                Incr(ns)  Path(ns)    Netlist Resource(s)
  -------------------------------------------------------------------    -------------------
    MMCME2_ADV_X0Y1      MMCME2_ADV                   0.000     0.000 f  u_clk_wiz_0/inst/mmcm_adv_inst/LOCKED
                         net (fo=68, routed)          1.152     1.152    u_jtag_mac/locked
    SLICE_X41Y47         LUT2 (Prop_lut2_I1_O)        0.124     1.276 r  u_jtag_mac/empty_tmp_d1_i_1/O
                         net (fo=8129, routed)       34.429    35.705    u_mwfil_chiftop/u_dut/u_Subsystem1/Subsystem_Reference_1_1/Absolute_of_Complex_1_1/CORDIC_Square_Root_HDL_Optim_1/Cast_to_Union_of_Types_1_1/chif_reset
    SLICE_X42Y69         FDRE                                         r  u_mwfil_chiftop/u_dut/u_Subsystem1/Subsystem_Reference_1_1/Absolute_of_Complex_1_1/CORDIC_Square_Root_HDL_Optim_1/Cast_to_Union_of_Types_1_1/delayMatch_reg_reg[1][17]/R
  -------------------------------------------------------------------    -------------------

                         (clock clk_out1_clk_wiz_0 rise edge)
                                                      0.000     0.000 r  
    L16                                               0.000     0.000 r  sysclk (IN)
                         net (fo=0)                   0.000     0.000    u_clk_wiz_0/inst/clk_in1
    L16                  IBUF (Prop_ibuf_I_O)         1.421     1.421 r  u_clk_wiz_0/inst/clkin1_ibufg/O
                         net (fo=1, routed)           1.162     2.583    u_clk_wiz_0/inst/clk_in1_clk_wiz_0
    MMCME2_ADV_X0Y1      MMCME2_ADV (Prop_mmcme2_adv_CLKIN1_CLKOUT0)
                                                     -7.105    -4.522 r  u_clk_wiz_0/inst/mmcm_adv_inst/CLKOUT0
                         net (fo=1, routed)           1.599    -2.923    u_clk_wiz_0/inst/clk_out1_clk_wiz_0
    BUFGCTRL_X0Y16       BUFG (Prop_bufg_I_O)         0.091    -2.832 r  u_clk_wiz_0/inst/clkout1_buf/O
                         net (fo=16020, routed)       1.552    -1.280    u_mwfil_chiftop/u_dut/u_Subsystem1/Subsystem_Reference_1_1/Absolute_of_Complex_1_1/CORDIC_Square_Root_HDL_Optim_1/Cast_to_Union_of_Types_1_1/clk_out1
    SLICE_X42Y69         FDRE                                         r  u_mwfil_chiftop/u_dut/u_Subsystem1/Subsystem_Reference_1_1/Absolute_of_Complex_1_1/CORDIC_Square_Root_HDL_Optim_1/Cast_to_Union_of_Types_1_1/delayMatch_reg_reg[1][17]/C

Slack:                    inf
  Source:                 u_clk_wiz_0/inst/mmcm_adv_inst/LOCKED
                            (internal pin)
  Destination:            u_mwfil_chiftop/u_dut/u_Subsystem1/Subsystem_Reference_1_1/Absolute_of_Complex_1_1/CORDIC_Square_Root_HDL_Optim_1/Cast_to_Union_of_Types_1_1/delayMatch_reg_reg[1][9]/R
                            (rising edge-triggered cell FDRE clocked by clk_out1_clk_wiz_0  {rise@0.000ns fall@20.000ns period=40.000ns})
  Path Group:             (none)
  Path Type:              Setup (Max at Slow Process Corner)
  Data Path Delay:        35.705ns  (logic 0.124ns (0.347%)  route 35.581ns (99.653%))
  Logic Levels:           1  (LUT2=1)
  Clock Uncertainty:      0.404ns  ((TSJ^2 + DJ^2)^1/2) / 2 + PE
    Total System Jitter     (TSJ):    0.050ns
    Discrete Jitter          (DJ):    0.313ns
    Phase Error              (PE):    0.246ns

    Location             Delay type                Incr(ns)  Path(ns)    Netlist Resource(s)
  -------------------------------------------------------------------    -------------------
    MMCME2_ADV_X0Y1      MMCME2_ADV                   0.000     0.000 f  u_clk_wiz_0/inst/mmcm_adv_inst/LOCKED
                         net (fo=68, routed)          1.152     1.152    u_jtag_mac/locked
    SLICE_X41Y47         LUT2 (Prop_lut2_I1_O)        0.124     1.276 r  u_jtag_mac/empty_tmp_d1_i_1/O
                         net (fo=8129, routed)       34.429    35.705    u_mwfil_chiftop/u_dut/u_Subsystem1/Subsystem_Reference_1_1/Absolute_of_Complex_1_1/CORDIC_Square_Root_HDL_Optim_1/Cast_to_Union_of_Types_1_1/chif_reset
    SLICE_X42Y69         FDRE                                         r  u_mwfil_chiftop/u_dut/u_Subsystem1/Subsystem_Reference_1_1/Absolute_of_Complex_1_1/CORDIC_Square_Root_HDL_Optim_1/Cast_to_Union_of_Types_1_1/delayMatch_reg_reg[1][9]/R
  -------------------------------------------------------------------    -------------------

                         (clock clk_out1_clk_wiz_0 rise edge)
                                                      0.000     0.000 r  
    L16                                               0.000     0.000 r  sysclk (IN)
                         net (fo=0)                   0.000     0.000    u_clk_wiz_0/inst/clk_in1
    L16                  IBUF (Prop_ibuf_I_O)         1.421     1.421 r  u_clk_wiz_0/inst/clkin1_ibufg/O
                         net (fo=1, routed)           1.162     2.583    u_clk_wiz_0/inst/clk_in1_clk_wiz_0
    MMCME2_ADV_X0Y1      MMCME2_ADV (Prop_mmcme2_adv_CLKIN1_CLKOUT0)
                                                     -7.105    -4.522 r  u_clk_wiz_0/inst/mmcm_adv_inst/CLKOUT0
                         net (fo=1, routed)           1.599    -2.923    u_clk_wiz_0/inst/clk_out1_clk_wiz_0
    BUFGCTRL_X0Y16       BUFG (Prop_bufg_I_O)         0.091    -2.832 r  u_clk_wiz_0/inst/clkout1_buf/O
                         net (fo=16020, routed)       1.552    -1.280    u_mwfil_chiftop/u_dut/u_Subsystem1/Subsystem_Reference_1_1/Absolute_of_Complex_1_1/CORDIC_Square_Root_HDL_Optim_1/Cast_to_Union_of_Types_1_1/clk_out1
    SLICE_X42Y69         FDRE                                         r  u_mwfil_chiftop/u_dut/u_Subsystem1/Subsystem_Reference_1_1/Absolute_of_Complex_1_1/CORDIC_Square_Root_HDL_Optim_1/Cast_to_Union_of_Types_1_1/delayMatch_reg_reg[1][9]/C

Slack:                    inf
  Source:                 u_clk_wiz_0/inst/mmcm_adv_inst/LOCKED
                            (internal pin)
  Destination:            u_mwfil_chiftop/u_dut/u_Subsystem1/Subsystem_Reference_1_1/Absolute_of_Complex_1_1/CORDIC_Square_Root_HDL_Optim_1/Cast_to_Union_of_Types_1_1/delayMatch_reg_reg[2][17]/R
                            (rising edge-triggered cell FDRE clocked by clk_out1_clk_wiz_0  {rise@0.000ns fall@20.000ns period=40.000ns})
  Path Group:             (none)
  Path Type:              Setup (Max at Slow Process Corner)
  Data Path Delay:        35.705ns  (logic 0.124ns (0.347%)  route 35.581ns (99.653%))
  Logic Levels:           1  (LUT2=1)
  Clock Uncertainty:      0.404ns  ((TSJ^2 + DJ^2)^1/2) / 2 + PE
    Total System Jitter     (TSJ):    0.050ns
    Discrete Jitter          (DJ):    0.313ns
    Phase Error              (PE):    0.246ns

    Location             Delay type                Incr(ns)  Path(ns)    Netlist Resource(s)
  -------------------------------------------------------------------    -------------------
    MMCME2_ADV_X0Y1      MMCME2_ADV                   0.000     0.000 f  u_clk_wiz_0/inst/mmcm_adv_inst/LOCKED
                         net (fo=68, routed)          1.152     1.152    u_jtag_mac/locked
    SLICE_X41Y47         LUT2 (Prop_lut2_I1_O)        0.124     1.276 r  u_jtag_mac/empty_tmp_d1_i_1/O
                         net (fo=8129, routed)       34.429    35.705    u_mwfil_chiftop/u_dut/u_Subsystem1/Subsystem_Reference_1_1/Absolute_of_Complex_1_1/CORDIC_Square_Root_HDL_Optim_1/Cast_to_Union_of_Types_1_1/chif_reset
    SLICE_X42Y69         FDRE                                         r  u_mwfil_chiftop/u_dut/u_Subsystem1/Subsystem_Reference_1_1/Absolute_of_Complex_1_1/CORDIC_Square_Root_HDL_Optim_1/Cast_to_Union_of_Types_1_1/delayMatch_reg_reg[2][17]/R
  -------------------------------------------------------------------    -------------------

                         (clock clk_out1_clk_wiz_0 rise edge)
                                                      0.000     0.000 r  
    L16                                               0.000     0.000 r  sysclk (IN)
                         net (fo=0)                   0.000     0.000    u_clk_wiz_0/inst/clk_in1
    L16                  IBUF (Prop_ibuf_I_O)         1.421     1.421 r  u_clk_wiz_0/inst/clkin1_ibufg/O
                         net (fo=1, routed)           1.162     2.583    u_clk_wiz_0/inst/clk_in1_clk_wiz_0
    MMCME2_ADV_X0Y1      MMCME2_ADV (Prop_mmcme2_adv_CLKIN1_CLKOUT0)
                                                     -7.105    -4.522 r  u_clk_wiz_0/inst/mmcm_adv_inst/CLKOUT0
                         net (fo=1, routed)           1.599    -2.923    u_clk_wiz_0/inst/clk_out1_clk_wiz_0
    BUFGCTRL_X0Y16       BUFG (Prop_bufg_I_O)         0.091    -2.832 r  u_clk_wiz_0/inst/clkout1_buf/O
                         net (fo=16020, routed)       1.552    -1.280    u_mwfil_chiftop/u_dut/u_Subsystem1/Subsystem_Reference_1_1/Absolute_of_Complex_1_1/CORDIC_Square_Root_HDL_Optim_1/Cast_to_Union_of_Types_1_1/clk_out1
    SLICE_X42Y69         FDRE                                         r  u_mwfil_chiftop/u_dut/u_Subsystem1/Subsystem_Reference_1_1/Absolute_of_Complex_1_1/CORDIC_Square_Root_HDL_Optim_1/Cast_to_Union_of_Types_1_1/delayMatch_reg_reg[2][17]/C

Slack:                    inf
  Source:                 u_clk_wiz_0/inst/mmcm_adv_inst/LOCKED
                            (internal pin)
  Destination:            u_mwfil_chiftop/u_dut/u_Subsystem1/Subsystem_Reference_1_1/Absolute_of_Complex_1_1/CORDIC_Square_Root_HDL_Optim_1/Cast_to_Union_of_Types_1_1/delayMatch_reg_reg[2][9]/R
                            (rising edge-triggered cell FDRE clocked by clk_out1_clk_wiz_0  {rise@0.000ns fall@20.000ns period=40.000ns})
  Path Group:             (none)
  Path Type:              Setup (Max at Slow Process Corner)
  Data Path Delay:        35.705ns  (logic 0.124ns (0.347%)  route 35.581ns (99.653%))
  Logic Levels:           1  (LUT2=1)
  Clock Uncertainty:      0.404ns  ((TSJ^2 + DJ^2)^1/2) / 2 + PE
    Total System Jitter     (TSJ):    0.050ns
    Discrete Jitter          (DJ):    0.313ns
    Phase Error              (PE):    0.246ns

    Location             Delay type                Incr(ns)  Path(ns)    Netlist Resource(s)
  -------------------------------------------------------------------    -------------------
    MMCME2_ADV_X0Y1      MMCME2_ADV                   0.000     0.000 f  u_clk_wiz_0/inst/mmcm_adv_inst/LOCKED
                         net (fo=68, routed)          1.152     1.152    u_jtag_mac/locked
    SLICE_X41Y47         LUT2 (Prop_lut2_I1_O)        0.124     1.276 r  u_jtag_mac/empty_tmp_d1_i_1/O
                         net (fo=8129, routed)       34.429    35.705    u_mwfil_chiftop/u_dut/u_Subsystem1/Subsystem_Reference_1_1/Absolute_of_Complex_1_1/CORDIC_Square_Root_HDL_Optim_1/Cast_to_Union_of_Types_1_1/chif_reset
    SLICE_X42Y69         FDRE                                         r  u_mwfil_chiftop/u_dut/u_Subsystem1/Subsystem_Reference_1_1/Absolute_of_Complex_1_1/CORDIC_Square_Root_HDL_Optim_1/Cast_to_Union_of_Types_1_1/delayMatch_reg_reg[2][9]/R
  -------------------------------------------------------------------    -------------------

                         (clock clk_out1_clk_wiz_0 rise edge)
                                                      0.000     0.000 r  
    L16                                               0.000     0.000 r  sysclk (IN)
                         net (fo=0)                   0.000     0.000    u_clk_wiz_0/inst/clk_in1
    L16                  IBUF (Prop_ibuf_I_O)         1.421     1.421 r  u_clk_wiz_0/inst/clkin1_ibufg/O
                         net (fo=1, routed)           1.162     2.583    u_clk_wiz_0/inst/clk_in1_clk_wiz_0
    MMCME2_ADV_X0Y1      MMCME2_ADV (Prop_mmcme2_adv_CLKIN1_CLKOUT0)
                                                     -7.105    -4.522 r  u_clk_wiz_0/inst/mmcm_adv_inst/CLKOUT0
                         net (fo=1, routed)           1.599    -2.923    u_clk_wiz_0/inst/clk_out1_clk_wiz_0
    BUFGCTRL_X0Y16       BUFG (Prop_bufg_I_O)         0.091    -2.832 r  u_clk_wiz_0/inst/clkout1_buf/O
                         net (fo=16020, routed)       1.552    -1.280    u_mwfil_chiftop/u_dut/u_Subsystem1/Subsystem_Reference_1_1/Absolute_of_Complex_1_1/CORDIC_Square_Root_HDL_Optim_1/Cast_to_Union_of_Types_1_1/clk_out1
    SLICE_X42Y69         FDRE                                         r  u_mwfil_chiftop/u_dut/u_Subsystem1/Subsystem_Reference_1_1/Absolute_of_Complex_1_1/CORDIC_Square_Root_HDL_Optim_1/Cast_to_Union_of_Types_1_1/delayMatch_reg_reg[2][9]/C

Slack:                    inf
  Source:                 u_clk_wiz_0/inst/mmcm_adv_inst/LOCKED
                            (internal pin)
  Destination:            u_mwfil_chiftop/u_dut/u_Subsystem1/myRMS_1_1/Delay1_reg_reg_r_2045/R
                            (rising edge-triggered cell FDRE clocked by clk_out1_clk_wiz_0  {rise@0.000ns fall@20.000ns period=40.000ns})
  Path Group:             (none)
  Path Type:              Setup (Max at Slow Process Corner)
  Data Path Delay:        35.693ns  (logic 0.124ns (0.347%)  route 35.569ns (99.653%))
  Logic Levels:           1  (LUT2=1)
  Clock Uncertainty:      0.404ns  ((TSJ^2 + DJ^2)^1/2) / 2 + PE
    Total System Jitter     (TSJ):    0.050ns
    Discrete Jitter          (DJ):    0.313ns
    Phase Error              (PE):    0.246ns

    Location             Delay type                Incr(ns)  Path(ns)    Netlist Resource(s)
  -------------------------------------------------------------------    -------------------
    MMCME2_ADV_X0Y1      MMCME2_ADV                   0.000     0.000 f  u_clk_wiz_0/inst/mmcm_adv_inst/LOCKED
                         net (fo=68, routed)          1.152     1.152    u_jtag_mac/locked
    SLICE_X41Y47         LUT2 (Prop_lut2_I1_O)        0.124     1.276 r  u_jtag_mac/empty_tmp_d1_i_1/O
                         net (fo=8129, routed)       34.417    35.693    u_mwfil_chiftop/u_dut/u_Subsystem1/myRMS_1_1/chif_reset
    SLICE_X43Y65         FDRE                                         r  u_mwfil_chiftop/u_dut/u_Subsystem1/myRMS_1_1/Delay1_reg_reg_r_2045/R
  -------------------------------------------------------------------    -------------------

                         (clock clk_out1_clk_wiz_0 rise edge)
                                                      0.000     0.000 r  
    L16                                               0.000     0.000 r  sysclk (IN)
                         net (fo=0)                   0.000     0.000    u_clk_wiz_0/inst/clk_in1
    L16                  IBUF (Prop_ibuf_I_O)         1.421     1.421 r  u_clk_wiz_0/inst/clkin1_ibufg/O
                         net (fo=1, routed)           1.162     2.583    u_clk_wiz_0/inst/clk_in1_clk_wiz_0
    MMCME2_ADV_X0Y1      MMCME2_ADV (Prop_mmcme2_adv_CLKIN1_CLKOUT0)
                                                     -7.105    -4.522 r  u_clk_wiz_0/inst/mmcm_adv_inst/CLKOUT0
                         net (fo=1, routed)           1.599    -2.923    u_clk_wiz_0/inst/clk_out1_clk_wiz_0
    BUFGCTRL_X0Y16       BUFG (Prop_bufg_I_O)         0.091    -2.832 r  u_clk_wiz_0/inst/clkout1_buf/O
                         net (fo=16020, routed)       1.557    -1.275    u_mwfil_chiftop/u_dut/u_Subsystem1/myRMS_1_1/clk_out1
    SLICE_X43Y65         FDRE                                         r  u_mwfil_chiftop/u_dut/u_Subsystem1/myRMS_1_1/Delay1_reg_reg_r_2045/C

Slack:                    inf
  Source:                 u_clk_wiz_0/inst/mmcm_adv_inst/LOCKED
                            (internal pin)
  Destination:            u_mwfil_chiftop/u_dut/u_Subsystem1/myRMS_1_1/Delay1_reg_reg_r_2046/R
                            (rising edge-triggered cell FDRE clocked by clk_out1_clk_wiz_0  {rise@0.000ns fall@20.000ns period=40.000ns})
  Path Group:             (none)
  Path Type:              Setup (Max at Slow Process Corner)
  Data Path Delay:        35.693ns  (logic 0.124ns (0.347%)  route 35.569ns (99.653%))
  Logic Levels:           1  (LUT2=1)
  Clock Uncertainty:      0.404ns  ((TSJ^2 + DJ^2)^1/2) / 2 + PE
    Total System Jitter     (TSJ):    0.050ns
    Discrete Jitter          (DJ):    0.313ns
    Phase Error              (PE):    0.246ns

    Location             Delay type                Incr(ns)  Path(ns)    Netlist Resource(s)
  -------------------------------------------------------------------    -------------------
    MMCME2_ADV_X0Y1      MMCME2_ADV                   0.000     0.000 f  u_clk_wiz_0/inst/mmcm_adv_inst/LOCKED
                         net (fo=68, routed)          1.152     1.152    u_jtag_mac/locked
    SLICE_X41Y47         LUT2 (Prop_lut2_I1_O)        0.124     1.276 r  u_jtag_mac/empty_tmp_d1_i_1/O
                         net (fo=8129, routed)       34.417    35.693    u_mwfil_chiftop/u_dut/u_Subsystem1/myRMS_1_1/chif_reset
    SLICE_X43Y65         FDRE                                         r  u_mwfil_chiftop/u_dut/u_Subsystem1/myRMS_1_1/Delay1_reg_reg_r_2046/R
  -------------------------------------------------------------------    -------------------

                         (clock clk_out1_clk_wiz_0 rise edge)
                                                      0.000     0.000 r  
    L16                                               0.000     0.000 r  sysclk (IN)
                         net (fo=0)                   0.000     0.000    u_clk_wiz_0/inst/clk_in1
    L16                  IBUF (Prop_ibuf_I_O)         1.421     1.421 r  u_clk_wiz_0/inst/clkin1_ibufg/O
                         net (fo=1, routed)           1.162     2.583    u_clk_wiz_0/inst/clk_in1_clk_wiz_0
    MMCME2_ADV_X0Y1      MMCME2_ADV (Prop_mmcme2_adv_CLKIN1_CLKOUT0)
                                                     -7.105    -4.522 r  u_clk_wiz_0/inst/mmcm_adv_inst/CLKOUT0
                         net (fo=1, routed)           1.599    -2.923    u_clk_wiz_0/inst/clk_out1_clk_wiz_0
    BUFGCTRL_X0Y16       BUFG (Prop_bufg_I_O)         0.091    -2.832 r  u_clk_wiz_0/inst/clkout1_buf/O
                         net (fo=16020, routed)       1.557    -1.275    u_mwfil_chiftop/u_dut/u_Subsystem1/myRMS_1_1/clk_out1
    SLICE_X43Y65         FDRE                                         r  u_mwfil_chiftop/u_dut/u_Subsystem1/myRMS_1_1/Delay1_reg_reg_r_2046/C

Slack:                    inf
  Source:                 u_clk_wiz_0/inst/mmcm_adv_inst/LOCKED
                            (internal pin)
  Destination:            u_mwfil_chiftop/u_dut/u_Subsystem1/myRMS_1_1/Delay1_reg_reg_r_2047/R
                            (rising edge-triggered cell FDRE clocked by clk_out1_clk_wiz_0  {rise@0.000ns fall@20.000ns period=40.000ns})
  Path Group:             (none)
  Path Type:              Setup (Max at Slow Process Corner)
  Data Path Delay:        35.693ns  (logic 0.124ns (0.347%)  route 35.569ns (99.653%))
  Logic Levels:           1  (LUT2=1)
  Clock Uncertainty:      0.404ns  ((TSJ^2 + DJ^2)^1/2) / 2 + PE
    Total System Jitter     (TSJ):    0.050ns
    Discrete Jitter          (DJ):    0.313ns
    Phase Error              (PE):    0.246ns

    Location             Delay type                Incr(ns)  Path(ns)    Netlist Resource(s)
  -------------------------------------------------------------------    -------------------
    MMCME2_ADV_X0Y1      MMCME2_ADV                   0.000     0.000 f  u_clk_wiz_0/inst/mmcm_adv_inst/LOCKED
                         net (fo=68, routed)          1.152     1.152    u_jtag_mac/locked
    SLICE_X41Y47         LUT2 (Prop_lut2_I1_O)        0.124     1.276 r  u_jtag_mac/empty_tmp_d1_i_1/O
                         net (fo=8129, routed)       34.417    35.693    u_mwfil_chiftop/u_dut/u_Subsystem1/myRMS_1_1/chif_reset
    SLICE_X43Y65         FDRE                                         r  u_mwfil_chiftop/u_dut/u_Subsystem1/myRMS_1_1/Delay1_reg_reg_r_2047/R
  -------------------------------------------------------------------    -------------------

                         (clock clk_out1_clk_wiz_0 rise edge)
                                                      0.000     0.000 r  
    L16                                               0.000     0.000 r  sysclk (IN)
                         net (fo=0)                   0.000     0.000    u_clk_wiz_0/inst/clk_in1
    L16                  IBUF (Prop_ibuf_I_O)         1.421     1.421 r  u_clk_wiz_0/inst/clkin1_ibufg/O
                         net (fo=1, routed)           1.162     2.583    u_clk_wiz_0/inst/clk_in1_clk_wiz_0
    MMCME2_ADV_X0Y1      MMCME2_ADV (Prop_mmcme2_adv_CLKIN1_CLKOUT0)
                                                     -7.105    -4.522 r  u_clk_wiz_0/inst/mmcm_adv_inst/CLKOUT0
                         net (fo=1, routed)           1.599    -2.923    u_clk_wiz_0/inst/clk_out1_clk_wiz_0
    BUFGCTRL_X0Y16       BUFG (Prop_bufg_I_O)         0.091    -2.832 r  u_clk_wiz_0/inst/clkout1_buf/O
                         net (fo=16020, routed)       1.557    -1.275    u_mwfil_chiftop/u_dut/u_Subsystem1/myRMS_1_1/clk_out1
    SLICE_X43Y65         FDRE                                         r  u_mwfil_chiftop/u_dut/u_Subsystem1/myRMS_1_1/Delay1_reg_reg_r_2047/C

Slack:                    inf
  Source:                 u_clk_wiz_0/inst/mmcm_adv_inst/LOCKED
                            (internal pin)
  Destination:            u_mwfil_chiftop/u_dut/u_Subsystem1/myRMS_1_1/Delay1_reg_reg_r_2048/R
                            (rising edge-triggered cell FDRE clocked by clk_out1_clk_wiz_0  {rise@0.000ns fall@20.000ns period=40.000ns})
  Path Group:             (none)
  Path Type:              Setup (Max at Slow Process Corner)
  Data Path Delay:        35.693ns  (logic 0.124ns (0.347%)  route 35.569ns (99.653%))
  Logic Levels:           1  (LUT2=1)
  Clock Uncertainty:      0.404ns  ((TSJ^2 + DJ^2)^1/2) / 2 + PE
    Total System Jitter     (TSJ):    0.050ns
    Discrete Jitter          (DJ):    0.313ns
    Phase Error              (PE):    0.246ns

    Location             Delay type                Incr(ns)  Path(ns)    Netlist Resource(s)
  -------------------------------------------------------------------    -------------------
    MMCME2_ADV_X0Y1      MMCME2_ADV                   0.000     0.000 f  u_clk_wiz_0/inst/mmcm_adv_inst/LOCKED
                         net (fo=68, routed)          1.152     1.152    u_jtag_mac/locked
    SLICE_X41Y47         LUT2 (Prop_lut2_I1_O)        0.124     1.276 r  u_jtag_mac/empty_tmp_d1_i_1/O
                         net (fo=8129, routed)       34.417    35.693    u_mwfil_chiftop/u_dut/u_Subsystem1/myRMS_1_1/chif_reset
    SLICE_X43Y65         FDRE                                         r  u_mwfil_chiftop/u_dut/u_Subsystem1/myRMS_1_1/Delay1_reg_reg_r_2048/R
  -------------------------------------------------------------------    -------------------

                         (clock clk_out1_clk_wiz_0 rise edge)
                                                      0.000     0.000 r  
    L16                                               0.000     0.000 r  sysclk (IN)
                         net (fo=0)                   0.000     0.000    u_clk_wiz_0/inst/clk_in1
    L16                  IBUF (Prop_ibuf_I_O)         1.421     1.421 r  u_clk_wiz_0/inst/clkin1_ibufg/O
                         net (fo=1, routed)           1.162     2.583    u_clk_wiz_0/inst/clk_in1_clk_wiz_0
    MMCME2_ADV_X0Y1      MMCME2_ADV (Prop_mmcme2_adv_CLKIN1_CLKOUT0)
                                                     -7.105    -4.522 r  u_clk_wiz_0/inst/mmcm_adv_inst/CLKOUT0
                         net (fo=1, routed)           1.599    -2.923    u_clk_wiz_0/inst/clk_out1_clk_wiz_0
    BUFGCTRL_X0Y16       BUFG (Prop_bufg_I_O)         0.091    -2.832 r  u_clk_wiz_0/inst/clkout1_buf/O
                         net (fo=16020, routed)       1.557    -1.275    u_mwfil_chiftop/u_dut/u_Subsystem1/myRMS_1_1/clk_out1
    SLICE_X43Y65         FDRE                                         r  u_mwfil_chiftop/u_dut/u_Subsystem1/myRMS_1_1/Delay1_reg_reg_r_2048/C

Slack:                    inf
  Source:                 u_clk_wiz_0/inst/mmcm_adv_inst/LOCKED
                            (internal pin)
  Destination:            u_mwfil_chiftop/u_dut/u_Subsystem1/myRMS_1_1/Delay1_reg_reg_r_2049/R
                            (rising edge-triggered cell FDRE clocked by clk_out1_clk_wiz_0  {rise@0.000ns fall@20.000ns period=40.000ns})
  Path Group:             (none)
  Path Type:              Setup (Max at Slow Process Corner)
  Data Path Delay:        35.693ns  (logic 0.124ns (0.347%)  route 35.569ns (99.653%))
  Logic Levels:           1  (LUT2=1)
  Clock Uncertainty:      0.404ns  ((TSJ^2 + DJ^2)^1/2) / 2 + PE
    Total System Jitter     (TSJ):    0.050ns
    Discrete Jitter          (DJ):    0.313ns
    Phase Error              (PE):    0.246ns

    Location             Delay type                Incr(ns)  Path(ns)    Netlist Resource(s)
  -------------------------------------------------------------------    -------------------
    MMCME2_ADV_X0Y1      MMCME2_ADV                   0.000     0.000 f  u_clk_wiz_0/inst/mmcm_adv_inst/LOCKED
                         net (fo=68, routed)          1.152     1.152    u_jtag_mac/locked
    SLICE_X41Y47         LUT2 (Prop_lut2_I1_O)        0.124     1.276 r  u_jtag_mac/empty_tmp_d1_i_1/O
                         net (fo=8129, routed)       34.417    35.693    u_mwfil_chiftop/u_dut/u_Subsystem1/myRMS_1_1/chif_reset
    SLICE_X42Y65         FDRE                                         r  u_mwfil_chiftop/u_dut/u_Subsystem1/myRMS_1_1/Delay1_reg_reg_r_2049/R
  -------------------------------------------------------------------    -------------------

                         (clock clk_out1_clk_wiz_0 rise edge)
                                                      0.000     0.000 r  
    L16                                               0.000     0.000 r  sysclk (IN)
                         net (fo=0)                   0.000     0.000    u_clk_wiz_0/inst/clk_in1
    L16                  IBUF (Prop_ibuf_I_O)         1.421     1.421 r  u_clk_wiz_0/inst/clkin1_ibufg/O
                         net (fo=1, routed)           1.162     2.583    u_clk_wiz_0/inst/clk_in1_clk_wiz_0
    MMCME2_ADV_X0Y1      MMCME2_ADV (Prop_mmcme2_adv_CLKIN1_CLKOUT0)
                                                     -7.105    -4.522 r  u_clk_wiz_0/inst/mmcm_adv_inst/CLKOUT0
                         net (fo=1, routed)           1.599    -2.923    u_clk_wiz_0/inst/clk_out1_clk_wiz_0
    BUFGCTRL_X0Y16       BUFG (Prop_bufg_I_O)         0.091    -2.832 r  u_clk_wiz_0/inst/clkout1_buf/O
                         net (fo=16020, routed)       1.557    -1.275    u_mwfil_chiftop/u_dut/u_Subsystem1/myRMS_1_1/clk_out1
    SLICE_X42Y65         FDRE                                         r  u_mwfil_chiftop/u_dut/u_Subsystem1/myRMS_1_1/Delay1_reg_reg_r_2049/C

Slack:                    inf
  Source:                 u_clk_wiz_0/inst/mmcm_adv_inst/LOCKED
                            (internal pin)
  Destination:            u_mwfil_chiftop/u_dut/u_Subsystem1/myRMS_1_1/Delay1_reg_reg_r_2050/R
                            (rising edge-triggered cell FDRE clocked by clk_out1_clk_wiz_0  {rise@0.000ns fall@20.000ns period=40.000ns})
  Path Group:             (none)
  Path Type:              Setup (Max at Slow Process Corner)
  Data Path Delay:        35.693ns  (logic 0.124ns (0.347%)  route 35.569ns (99.653%))
  Logic Levels:           1  (LUT2=1)
  Clock Uncertainty:      0.404ns  ((TSJ^2 + DJ^2)^1/2) / 2 + PE
    Total System Jitter     (TSJ):    0.050ns
    Discrete Jitter          (DJ):    0.313ns
    Phase Error              (PE):    0.246ns

    Location             Delay type                Incr(ns)  Path(ns)    Netlist Resource(s)
  -------------------------------------------------------------------    -------------------
    MMCME2_ADV_X0Y1      MMCME2_ADV                   0.000     0.000 f  u_clk_wiz_0/inst/mmcm_adv_inst/LOCKED
                         net (fo=68, routed)          1.152     1.152    u_jtag_mac/locked
    SLICE_X41Y47         LUT2 (Prop_lut2_I1_O)        0.124     1.276 r  u_jtag_mac/empty_tmp_d1_i_1/O
                         net (fo=8129, routed)       34.417    35.693    u_mwfil_chiftop/u_dut/u_Subsystem1/myRMS_1_1/chif_reset
    SLICE_X42Y65         FDRE                                         r  u_mwfil_chiftop/u_dut/u_Subsystem1/myRMS_1_1/Delay1_reg_reg_r_2050/R
  -------------------------------------------------------------------    -------------------

                         (clock clk_out1_clk_wiz_0 rise edge)
                                                      0.000     0.000 r  
    L16                                               0.000     0.000 r  sysclk (IN)
                         net (fo=0)                   0.000     0.000    u_clk_wiz_0/inst/clk_in1
    L16                  IBUF (Prop_ibuf_I_O)         1.421     1.421 r  u_clk_wiz_0/inst/clkin1_ibufg/O
                         net (fo=1, routed)           1.162     2.583    u_clk_wiz_0/inst/clk_in1_clk_wiz_0
    MMCME2_ADV_X0Y1      MMCME2_ADV (Prop_mmcme2_adv_CLKIN1_CLKOUT0)
                                                     -7.105    -4.522 r  u_clk_wiz_0/inst/mmcm_adv_inst/CLKOUT0
                         net (fo=1, routed)           1.599    -2.923    u_clk_wiz_0/inst/clk_out1_clk_wiz_0
    BUFGCTRL_X0Y16       BUFG (Prop_bufg_I_O)         0.091    -2.832 r  u_clk_wiz_0/inst/clkout1_buf/O
                         net (fo=16020, routed)       1.557    -1.275    u_mwfil_chiftop/u_dut/u_Subsystem1/myRMS_1_1/clk_out1
    SLICE_X42Y65         FDRE                                         r  u_mwfil_chiftop/u_dut/u_Subsystem1/myRMS_1_1/Delay1_reg_reg_r_2050/C





Min Delay Paths
--------------------------------------------------------------------------------------
Slack:                    inf
  Source:                 u_clk_wiz_0/inst/mmcm_adv_inst/LOCKED
                            (internal pin)
  Destination:            u_mwfil_chiftop/u_dut/u_Subsystem1/FFT_1_1/CTRL1_7_1_1/SDFController_wrCount_reg[0]/R
                            (rising edge-triggered cell FDRE clocked by clk_out1_clk_wiz_0  {rise@0.000ns fall@20.000ns period=40.000ns})
  Path Group:             (none)
  Path Type:              Hold (Min at Fast Process Corner)
  Data Path Delay:        0.686ns  (logic 0.042ns (6.123%)  route 0.644ns (93.877%))
  Logic Levels:           1  (LUT4=1)
  Clock Uncertainty:      0.404ns  ((TSJ^2 + DJ^2)^1/2) / 2 + PE
    Total System Jitter     (TSJ):    0.050ns
    Discrete Jitter          (DJ):    0.313ns
    Phase Error              (PE):    0.246ns

    Location             Delay type                Incr(ns)  Path(ns)    Netlist Resource(s)
  -------------------------------------------------------------------    -------------------
    MMCME2_ADV_X0Y1      MMCME2_ADV                   0.000     0.000 f  u_clk_wiz_0/inst/mmcm_adv_inst/LOCKED
                         net (fo=68, routed)          0.478     0.478    u_mwfil_chiftop/u_dut/u_Subsystem1/Subsystem1_tc/locked
    SLICE_X41Y47         LUT4 (Prop_lut4_I1_O)        0.042     0.520 r  u_mwfil_chiftop/u_dut/u_Subsystem1/Subsystem1_tc/FSM_sequential_SDFController_wrState[1]_i_1__4/O
                         net (fo=12, routed)          0.166     0.686    u_mwfil_chiftop/u_dut/u_Subsystem1/FFT_1_1/CTRL1_7_1_1/SDFController_wrCount_reg[0]_0[0]
    SLICE_X42Y47         FDRE                                         r  u_mwfil_chiftop/u_dut/u_Subsystem1/FFT_1_1/CTRL1_7_1_1/SDFController_wrCount_reg[0]/R
  -------------------------------------------------------------------    -------------------

                         (clock clk_out1_clk_wiz_0 rise edge)
                                                      0.000     0.000 r  
    L16                                               0.000     0.000 r  sysclk (IN)
                         net (fo=0)                   0.000     0.000    u_clk_wiz_0/inst/clk_in1
    L16                  IBUF (Prop_ibuf_I_O)         0.447     0.447 r  u_clk_wiz_0/inst/clkin1_ibufg/O
                         net (fo=1, routed)           0.480     0.927    u_clk_wiz_0/inst/clk_in1_clk_wiz_0
    MMCME2_ADV_X0Y1      MMCME2_ADV (Prop_mmcme2_adv_CLKIN1_CLKOUT0)
                                                     -3.047    -2.120 r  u_clk_wiz_0/inst/mmcm_adv_inst/CLKOUT0
                         net (fo=1, routed)           0.528    -1.592    u_clk_wiz_0/inst/clk_out1_clk_wiz_0
    BUFGCTRL_X0Y16       BUFG (Prop_bufg_I_O)         0.029    -1.563 r  u_clk_wiz_0/inst/clkout1_buf/O
                         net (fo=16020, routed)       0.864    -0.699    u_mwfil_chiftop/u_dut/u_Subsystem1/FFT_1_1/CTRL1_7_1_1/clk_out1
    SLICE_X42Y47         FDRE                                         r  u_mwfil_chiftop/u_dut/u_Subsystem1/FFT_1_1/CTRL1_7_1_1/SDFController_wrCount_reg[0]/C

Slack:                    inf
  Source:                 u_clk_wiz_0/inst/mmcm_adv_inst/LOCKED
                            (internal pin)
  Destination:            u_mwfil_chiftop/u_dut/u_Subsystem1/FFT_1_1/CTRL1_7_1_1/SDFController_wrCount_reg[1]/R
                            (rising edge-triggered cell FDRE clocked by clk_out1_clk_wiz_0  {rise@0.000ns fall@20.000ns period=40.000ns})
  Path Group:             (none)
  Path Type:              Hold (Min at Fast Process Corner)
  Data Path Delay:        0.686ns  (logic 0.042ns (6.123%)  route 0.644ns (93.877%))
  Logic Levels:           1  (LUT4=1)
  Clock Uncertainty:      0.404ns  ((TSJ^2 + DJ^2)^1/2) / 2 + PE
    Total System Jitter     (TSJ):    0.050ns
    Discrete Jitter          (DJ):    0.313ns
    Phase Error              (PE):    0.246ns

    Location             Delay type                Incr(ns)  Path(ns)    Netlist Resource(s)
  -------------------------------------------------------------------    -------------------
    MMCME2_ADV_X0Y1      MMCME2_ADV                   0.000     0.000 f  u_clk_wiz_0/inst/mmcm_adv_inst/LOCKED
                         net (fo=68, routed)          0.478     0.478    u_mwfil_chiftop/u_dut/u_Subsystem1/Subsystem1_tc/locked
    SLICE_X41Y47         LUT4 (Prop_lut4_I1_O)        0.042     0.520 r  u_mwfil_chiftop/u_dut/u_Subsystem1/Subsystem1_tc/FSM_sequential_SDFController_wrState[1]_i_1__4/O
                         net (fo=12, routed)          0.166     0.686    u_mwfil_chiftop/u_dut/u_Subsystem1/FFT_1_1/CTRL1_7_1_1/SDFController_wrCount_reg[0]_0[0]
    SLICE_X42Y47         FDRE                                         r  u_mwfil_chiftop/u_dut/u_Subsystem1/FFT_1_1/CTRL1_7_1_1/SDFController_wrCount_reg[1]/R
  -------------------------------------------------------------------    -------------------

                         (clock clk_out1_clk_wiz_0 rise edge)
                                                      0.000     0.000 r  
    L16                                               0.000     0.000 r  sysclk (IN)
                         net (fo=0)                   0.000     0.000    u_clk_wiz_0/inst/clk_in1
    L16                  IBUF (Prop_ibuf_I_O)         0.447     0.447 r  u_clk_wiz_0/inst/clkin1_ibufg/O
                         net (fo=1, routed)           0.480     0.927    u_clk_wiz_0/inst/clk_in1_clk_wiz_0
    MMCME2_ADV_X0Y1      MMCME2_ADV (Prop_mmcme2_adv_CLKIN1_CLKOUT0)
                                                     -3.047    -2.120 r  u_clk_wiz_0/inst/mmcm_adv_inst/CLKOUT0
                         net (fo=1, routed)           0.528    -1.592    u_clk_wiz_0/inst/clk_out1_clk_wiz_0
    BUFGCTRL_X0Y16       BUFG (Prop_bufg_I_O)         0.029    -1.563 r  u_clk_wiz_0/inst/clkout1_buf/O
                         net (fo=16020, routed)       0.864    -0.699    u_mwfil_chiftop/u_dut/u_Subsystem1/FFT_1_1/CTRL1_7_1_1/clk_out1
    SLICE_X42Y47         FDRE                                         r  u_mwfil_chiftop/u_dut/u_Subsystem1/FFT_1_1/CTRL1_7_1_1/SDFController_wrCount_reg[1]/C

Slack:                    inf
  Source:                 u_clk_wiz_0/inst/mmcm_adv_inst/LOCKED
                            (internal pin)
  Destination:            u_mwfil_chiftop/u_dut/u_Subsystem1/FFT_1_1/CTRL1_7_1_1/SDFController_wrCount_reg[2]/R
                            (rising edge-triggered cell FDRE clocked by clk_out1_clk_wiz_0  {rise@0.000ns fall@20.000ns period=40.000ns})
  Path Group:             (none)
  Path Type:              Hold (Min at Fast Process Corner)
  Data Path Delay:        0.686ns  (logic 0.042ns (6.123%)  route 0.644ns (93.877%))
  Logic Levels:           1  (LUT4=1)
  Clock Uncertainty:      0.404ns  ((TSJ^2 + DJ^2)^1/2) / 2 + PE
    Total System Jitter     (TSJ):    0.050ns
    Discrete Jitter          (DJ):    0.313ns
    Phase Error              (PE):    0.246ns

    Location             Delay type                Incr(ns)  Path(ns)    Netlist Resource(s)
  -------------------------------------------------------------------    -------------------
    MMCME2_ADV_X0Y1      MMCME2_ADV                   0.000     0.000 f  u_clk_wiz_0/inst/mmcm_adv_inst/LOCKED
                         net (fo=68, routed)          0.478     0.478    u_mwfil_chiftop/u_dut/u_Subsystem1/Subsystem1_tc/locked
    SLICE_X41Y47         LUT4 (Prop_lut4_I1_O)        0.042     0.520 r  u_mwfil_chiftop/u_dut/u_Subsystem1/Subsystem1_tc/FSM_sequential_SDFController_wrState[1]_i_1__4/O
                         net (fo=12, routed)          0.166     0.686    u_mwfil_chiftop/u_dut/u_Subsystem1/FFT_1_1/CTRL1_7_1_1/SDFController_wrCount_reg[0]_0[0]
    SLICE_X42Y47         FDRE                                         r  u_mwfil_chiftop/u_dut/u_Subsystem1/FFT_1_1/CTRL1_7_1_1/SDFController_wrCount_reg[2]/R
  -------------------------------------------------------------------    -------------------

                         (clock clk_out1_clk_wiz_0 rise edge)
                                                      0.000     0.000 r  
    L16                                               0.000     0.000 r  sysclk (IN)
                         net (fo=0)                   0.000     0.000    u_clk_wiz_0/inst/clk_in1
    L16                  IBUF (Prop_ibuf_I_O)         0.447     0.447 r  u_clk_wiz_0/inst/clkin1_ibufg/O
                         net (fo=1, routed)           0.480     0.927    u_clk_wiz_0/inst/clk_in1_clk_wiz_0
    MMCME2_ADV_X0Y1      MMCME2_ADV (Prop_mmcme2_adv_CLKIN1_CLKOUT0)
                                                     -3.047    -2.120 r  u_clk_wiz_0/inst/mmcm_adv_inst/CLKOUT0
                         net (fo=1, routed)           0.528    -1.592    u_clk_wiz_0/inst/clk_out1_clk_wiz_0
    BUFGCTRL_X0Y16       BUFG (Prop_bufg_I_O)         0.029    -1.563 r  u_clk_wiz_0/inst/clkout1_buf/O
                         net (fo=16020, routed)       0.864    -0.699    u_mwfil_chiftop/u_dut/u_Subsystem1/FFT_1_1/CTRL1_7_1_1/clk_out1
    SLICE_X42Y47         FDRE                                         r  u_mwfil_chiftop/u_dut/u_Subsystem1/FFT_1_1/CTRL1_7_1_1/SDFController_wrCount_reg[2]/C

Slack:                    inf
  Source:                 u_clk_wiz_0/inst/mmcm_adv_inst/LOCKED
                            (internal pin)
  Destination:            u_mwfil_chiftop/u_dut/u_Subsystem1/FFT_1_1/CTRL1_7_1_1/SDFController_wrCount_reg[3]/R
                            (rising edge-triggered cell FDRE clocked by clk_out1_clk_wiz_0  {rise@0.000ns fall@20.000ns period=40.000ns})
  Path Group:             (none)
  Path Type:              Hold (Min at Fast Process Corner)
  Data Path Delay:        0.686ns  (logic 0.042ns (6.123%)  route 0.644ns (93.877%))
  Logic Levels:           1  (LUT4=1)
  Clock Uncertainty:      0.404ns  ((TSJ^2 + DJ^2)^1/2) / 2 + PE
    Total System Jitter     (TSJ):    0.050ns
    Discrete Jitter          (DJ):    0.313ns
    Phase Error              (PE):    0.246ns

    Location             Delay type                Incr(ns)  Path(ns)    Netlist Resource(s)
  -------------------------------------------------------------------    -------------------
    MMCME2_ADV_X0Y1      MMCME2_ADV                   0.000     0.000 f  u_clk_wiz_0/inst/mmcm_adv_inst/LOCKED
                         net (fo=68, routed)          0.478     0.478    u_mwfil_chiftop/u_dut/u_Subsystem1/Subsystem1_tc/locked
    SLICE_X41Y47         LUT4 (Prop_lut4_I1_O)        0.042     0.520 r  u_mwfil_chiftop/u_dut/u_Subsystem1/Subsystem1_tc/FSM_sequential_SDFController_wrState[1]_i_1__4/O
                         net (fo=12, routed)          0.166     0.686    u_mwfil_chiftop/u_dut/u_Subsystem1/FFT_1_1/CTRL1_7_1_1/SDFController_wrCount_reg[0]_0[0]
    SLICE_X42Y47         FDRE                                         r  u_mwfil_chiftop/u_dut/u_Subsystem1/FFT_1_1/CTRL1_7_1_1/SDFController_wrCount_reg[3]/R
  -------------------------------------------------------------------    -------------------

                         (clock clk_out1_clk_wiz_0 rise edge)
                                                      0.000     0.000 r  
    L16                                               0.000     0.000 r  sysclk (IN)
                         net (fo=0)                   0.000     0.000    u_clk_wiz_0/inst/clk_in1
    L16                  IBUF (Prop_ibuf_I_O)         0.447     0.447 r  u_clk_wiz_0/inst/clkin1_ibufg/O
                         net (fo=1, routed)           0.480     0.927    u_clk_wiz_0/inst/clk_in1_clk_wiz_0
    MMCME2_ADV_X0Y1      MMCME2_ADV (Prop_mmcme2_adv_CLKIN1_CLKOUT0)
                                                     -3.047    -2.120 r  u_clk_wiz_0/inst/mmcm_adv_inst/CLKOUT0
                         net (fo=1, routed)           0.528    -1.592    u_clk_wiz_0/inst/clk_out1_clk_wiz_0
    BUFGCTRL_X0Y16       BUFG (Prop_bufg_I_O)         0.029    -1.563 r  u_clk_wiz_0/inst/clkout1_buf/O
                         net (fo=16020, routed)       0.864    -0.699    u_mwfil_chiftop/u_dut/u_Subsystem1/FFT_1_1/CTRL1_7_1_1/clk_out1
    SLICE_X42Y47         FDRE                                         r  u_mwfil_chiftop/u_dut/u_Subsystem1/FFT_1_1/CTRL1_7_1_1/SDFController_wrCount_reg[3]/C

Slack:                    inf
  Source:                 u_clk_wiz_0/inst/mmcm_adv_inst/LOCKED
                            (internal pin)
  Destination:            u_mwfil_chiftop/u_dut/u_Subsystem1/FFT_1_1/CTRL1_7_1_1/SDFController_rdAddr_reg_reg[1]/R
                            (rising edge-triggered cell FDRE clocked by clk_out1_clk_wiz_0  {rise@0.000ns fall@20.000ns period=40.000ns})
  Path Group:             (none)
  Path Type:              Hold (Min at Fast Process Corner)
  Data Path Delay:        0.691ns  (logic 0.042ns (6.074%)  route 0.649ns (93.926%))
  Logic Levels:           1  (LUT4=1)
  Clock Uncertainty:      0.404ns  ((TSJ^2 + DJ^2)^1/2) / 2 + PE
    Total System Jitter     (TSJ):    0.050ns
    Discrete Jitter          (DJ):    0.313ns
    Phase Error              (PE):    0.246ns

    Location             Delay type                Incr(ns)  Path(ns)    Netlist Resource(s)
  -------------------------------------------------------------------    -------------------
    MMCME2_ADV_X0Y1      MMCME2_ADV                   0.000     0.000 f  u_clk_wiz_0/inst/mmcm_adv_inst/LOCKED
                         net (fo=68, routed)          0.478     0.478    u_mwfil_chiftop/u_dut/u_Subsystem1/Subsystem1_tc/locked
    SLICE_X41Y47         LUT4 (Prop_lut4_I1_O)        0.042     0.520 r  u_mwfil_chiftop/u_dut/u_Subsystem1/Subsystem1_tc/FSM_sequential_SDFController_wrState[1]_i_1__4/O
                         net (fo=12, routed)          0.171     0.691    u_mwfil_chiftop/u_dut/u_Subsystem1/FFT_1_1/CTRL1_7_1_1/SDFController_wrCount_reg[0]_0[0]
    SLICE_X40Y46         FDRE                                         r  u_mwfil_chiftop/u_dut/u_Subsystem1/FFT_1_1/CTRL1_7_1_1/SDFController_rdAddr_reg_reg[1]/R
  -------------------------------------------------------------------    -------------------

                         (clock clk_out1_clk_wiz_0 rise edge)
                                                      0.000     0.000 r  
    L16                                               0.000     0.000 r  sysclk (IN)
                         net (fo=0)                   0.000     0.000    u_clk_wiz_0/inst/clk_in1
    L16                  IBUF (Prop_ibuf_I_O)         0.447     0.447 r  u_clk_wiz_0/inst/clkin1_ibufg/O
                         net (fo=1, routed)           0.480     0.927    u_clk_wiz_0/inst/clk_in1_clk_wiz_0
    MMCME2_ADV_X0Y1      MMCME2_ADV (Prop_mmcme2_adv_CLKIN1_CLKOUT0)
                                                     -3.047    -2.120 r  u_clk_wiz_0/inst/mmcm_adv_inst/CLKOUT0
                         net (fo=1, routed)           0.528    -1.592    u_clk_wiz_0/inst/clk_out1_clk_wiz_0
    BUFGCTRL_X0Y16       BUFG (Prop_bufg_I_O)         0.029    -1.563 r  u_clk_wiz_0/inst/clkout1_buf/O
                         net (fo=16020, routed)       0.863    -0.700    u_mwfil_chiftop/u_dut/u_Subsystem1/FFT_1_1/CTRL1_7_1_1/clk_out1
    SLICE_X40Y46         FDRE                                         r  u_mwfil_chiftop/u_dut/u_Subsystem1/FFT_1_1/CTRL1_7_1_1/SDFController_rdAddr_reg_reg[1]/C

Slack:                    inf
  Source:                 u_clk_wiz_0/inst/mmcm_adv_inst/LOCKED
                            (internal pin)
  Destination:            u_mwfil_chiftop/u_dut/u_Subsystem1/FFT_1_1/CTRL1_7_1_1/SDFController_rdAddr_reg_reg[2]/R
                            (rising edge-triggered cell FDRE clocked by clk_out1_clk_wiz_0  {rise@0.000ns fall@20.000ns period=40.000ns})
  Path Group:             (none)
  Path Type:              Hold (Min at Fast Process Corner)
  Data Path Delay:        0.691ns  (logic 0.042ns (6.074%)  route 0.649ns (93.926%))
  Logic Levels:           1  (LUT4=1)
  Clock Uncertainty:      0.404ns  ((TSJ^2 + DJ^2)^1/2) / 2 + PE
    Total System Jitter     (TSJ):    0.050ns
    Discrete Jitter          (DJ):    0.313ns
    Phase Error              (PE):    0.246ns

    Location             Delay type                Incr(ns)  Path(ns)    Netlist Resource(s)
  -------------------------------------------------------------------    -------------------
    MMCME2_ADV_X0Y1      MMCME2_ADV                   0.000     0.000 f  u_clk_wiz_0/inst/mmcm_adv_inst/LOCKED
                         net (fo=68, routed)          0.478     0.478    u_mwfil_chiftop/u_dut/u_Subsystem1/Subsystem1_tc/locked
    SLICE_X41Y47         LUT4 (Prop_lut4_I1_O)        0.042     0.520 r  u_mwfil_chiftop/u_dut/u_Subsystem1/Subsystem1_tc/FSM_sequential_SDFController_wrState[1]_i_1__4/O
                         net (fo=12, routed)          0.171     0.691    u_mwfil_chiftop/u_dut/u_Subsystem1/FFT_1_1/CTRL1_7_1_1/SDFController_wrCount_reg[0]_0[0]
    SLICE_X40Y46         FDRE                                         r  u_mwfil_chiftop/u_dut/u_Subsystem1/FFT_1_1/CTRL1_7_1_1/SDFController_rdAddr_reg_reg[2]/R
  -------------------------------------------------------------------    -------------------

                         (clock clk_out1_clk_wiz_0 rise edge)
                                                      0.000     0.000 r  
    L16                                               0.000     0.000 r  sysclk (IN)
                         net (fo=0)                   0.000     0.000    u_clk_wiz_0/inst/clk_in1
    L16                  IBUF (Prop_ibuf_I_O)         0.447     0.447 r  u_clk_wiz_0/inst/clkin1_ibufg/O
                         net (fo=1, routed)           0.480     0.927    u_clk_wiz_0/inst/clk_in1_clk_wiz_0
    MMCME2_ADV_X0Y1      MMCME2_ADV (Prop_mmcme2_adv_CLKIN1_CLKOUT0)
                                                     -3.047    -2.120 r  u_clk_wiz_0/inst/mmcm_adv_inst/CLKOUT0
                         net (fo=1, routed)           0.528    -1.592    u_clk_wiz_0/inst/clk_out1_clk_wiz_0
    BUFGCTRL_X0Y16       BUFG (Prop_bufg_I_O)         0.029    -1.563 r  u_clk_wiz_0/inst/clkout1_buf/O
                         net (fo=16020, routed)       0.863    -0.700    u_mwfil_chiftop/u_dut/u_Subsystem1/FFT_1_1/CTRL1_7_1_1/clk_out1
    SLICE_X40Y46         FDRE                                         r  u_mwfil_chiftop/u_dut/u_Subsystem1/FFT_1_1/CTRL1_7_1_1/SDFController_rdAddr_reg_reg[2]/C

Slack:                    inf
  Source:                 u_clk_wiz_0/inst/mmcm_adv_inst/LOCKED
                            (internal pin)
  Destination:            u_mwfil_chiftop/u_dut/u_Subsystem1/FFT_1_1/CTRL1_7_1_1/SDFController_rdAddr_reg_reg[3]/R
                            (rising edge-triggered cell FDRE clocked by clk_out1_clk_wiz_0  {rise@0.000ns fall@20.000ns period=40.000ns})
  Path Group:             (none)
  Path Type:              Hold (Min at Fast Process Corner)
  Data Path Delay:        0.691ns  (logic 0.042ns (6.074%)  route 0.649ns (93.926%))
  Logic Levels:           1  (LUT4=1)
  Clock Uncertainty:      0.404ns  ((TSJ^2 + DJ^2)^1/2) / 2 + PE
    Total System Jitter     (TSJ):    0.050ns
    Discrete Jitter          (DJ):    0.313ns
    Phase Error              (PE):    0.246ns

    Location             Delay type                Incr(ns)  Path(ns)    Netlist Resource(s)
  -------------------------------------------------------------------    -------------------
    MMCME2_ADV_X0Y1      MMCME2_ADV                   0.000     0.000 f  u_clk_wiz_0/inst/mmcm_adv_inst/LOCKED
                         net (fo=68, routed)          0.478     0.478    u_mwfil_chiftop/u_dut/u_Subsystem1/Subsystem1_tc/locked
    SLICE_X41Y47         LUT4 (Prop_lut4_I1_O)        0.042     0.520 r  u_mwfil_chiftop/u_dut/u_Subsystem1/Subsystem1_tc/FSM_sequential_SDFController_wrState[1]_i_1__4/O
                         net (fo=12, routed)          0.171     0.691    u_mwfil_chiftop/u_dut/u_Subsystem1/FFT_1_1/CTRL1_7_1_1/SDFController_wrCount_reg[0]_0[0]
    SLICE_X40Y46         FDRE                                         r  u_mwfil_chiftop/u_dut/u_Subsystem1/FFT_1_1/CTRL1_7_1_1/SDFController_rdAddr_reg_reg[3]/R
  -------------------------------------------------------------------    -------------------

                         (clock clk_out1_clk_wiz_0 rise edge)
                                                      0.000     0.000 r  
    L16                                               0.000     0.000 r  sysclk (IN)
                         net (fo=0)                   0.000     0.000    u_clk_wiz_0/inst/clk_in1
    L16                  IBUF (Prop_ibuf_I_O)         0.447     0.447 r  u_clk_wiz_0/inst/clkin1_ibufg/O
                         net (fo=1, routed)           0.480     0.927    u_clk_wiz_0/inst/clk_in1_clk_wiz_0
    MMCME2_ADV_X0Y1      MMCME2_ADV (Prop_mmcme2_adv_CLKIN1_CLKOUT0)
                                                     -3.047    -2.120 r  u_clk_wiz_0/inst/mmcm_adv_inst/CLKOUT0
                         net (fo=1, routed)           0.528    -1.592    u_clk_wiz_0/inst/clk_out1_clk_wiz_0
    BUFGCTRL_X0Y16       BUFG (Prop_bufg_I_O)         0.029    -1.563 r  u_clk_wiz_0/inst/clkout1_buf/O
                         net (fo=16020, routed)       0.863    -0.700    u_mwfil_chiftop/u_dut/u_Subsystem1/FFT_1_1/CTRL1_7_1_1/clk_out1
    SLICE_X40Y46         FDRE                                         r  u_mwfil_chiftop/u_dut/u_Subsystem1/FFT_1_1/CTRL1_7_1_1/SDFController_rdAddr_reg_reg[3]/C

Slack:                    inf
  Source:                 u_clk_wiz_0/inst/mmcm_adv_inst/LOCKED
                            (internal pin)
  Destination:            u_mwfil_chiftop/u_dut/u_Subsystem1/FFT_1_1/CTRL1_7_1_1/SDFController_rdAddr_reg_reg[0]/R
                            (rising edge-triggered cell FDRE clocked by clk_out1_clk_wiz_0  {rise@0.000ns fall@20.000ns period=40.000ns})
  Path Group:             (none)
  Path Type:              Hold (Min at Fast Process Corner)
  Data Path Delay:        0.723ns  (logic 0.042ns (5.813%)  route 0.681ns (94.187%))
  Logic Levels:           1  (LUT4=1)
  Clock Uncertainty:      0.404ns  ((TSJ^2 + DJ^2)^1/2) / 2 + PE
    Total System Jitter     (TSJ):    0.050ns
    Discrete Jitter          (DJ):    0.313ns
    Phase Error              (PE):    0.246ns

    Location             Delay type                Incr(ns)  Path(ns)    Netlist Resource(s)
  -------------------------------------------------------------------    -------------------
    MMCME2_ADV_X0Y1      MMCME2_ADV                   0.000     0.000 f  u_clk_wiz_0/inst/mmcm_adv_inst/LOCKED
                         net (fo=68, routed)          0.478     0.478    u_mwfil_chiftop/u_dut/u_Subsystem1/Subsystem1_tc/locked
    SLICE_X41Y47         LUT4 (Prop_lut4_I1_O)        0.042     0.520 r  u_mwfil_chiftop/u_dut/u_Subsystem1/Subsystem1_tc/FSM_sequential_SDFController_wrState[1]_i_1__4/O
                         net (fo=12, routed)          0.202     0.723    u_mwfil_chiftop/u_dut/u_Subsystem1/FFT_1_1/CTRL1_7_1_1/SDFController_wrCount_reg[0]_0[0]
    SLICE_X40Y48         FDRE                                         r  u_mwfil_chiftop/u_dut/u_Subsystem1/FFT_1_1/CTRL1_7_1_1/SDFController_rdAddr_reg_reg[0]/R
  -------------------------------------------------------------------    -------------------

                         (clock clk_out1_clk_wiz_0 rise edge)
                                                      0.000     0.000 r  
    L16                                               0.000     0.000 r  sysclk (IN)
                         net (fo=0)                   0.000     0.000    u_clk_wiz_0/inst/clk_in1
    L16                  IBUF (Prop_ibuf_I_O)         0.447     0.447 r  u_clk_wiz_0/inst/clkin1_ibufg/O
                         net (fo=1, routed)           0.480     0.927    u_clk_wiz_0/inst/clk_in1_clk_wiz_0
    MMCME2_ADV_X0Y1      MMCME2_ADV (Prop_mmcme2_adv_CLKIN1_CLKOUT0)
                                                     -3.047    -2.120 r  u_clk_wiz_0/inst/mmcm_adv_inst/CLKOUT0
                         net (fo=1, routed)           0.528    -1.592    u_clk_wiz_0/inst/clk_out1_clk_wiz_0
    BUFGCTRL_X0Y16       BUFG (Prop_bufg_I_O)         0.029    -1.563 r  u_clk_wiz_0/inst/clkout1_buf/O
                         net (fo=16020, routed)       0.864    -0.699    u_mwfil_chiftop/u_dut/u_Subsystem1/FFT_1_1/CTRL1_7_1_1/clk_out1
    SLICE_X40Y48         FDRE                                         r  u_mwfil_chiftop/u_dut/u_Subsystem1/FFT_1_1/CTRL1_7_1_1/SDFController_rdAddr_reg_reg[0]/C

Slack:                    inf
  Source:                 u_clk_wiz_0/inst/mmcm_adv_inst/LOCKED
                            (internal pin)
  Destination:            u_mwfil_chiftop/u_dut/u_Subsystem1/FFT_1_1/CTRL1_7_1_1/FSM_sequential_SDFController_wrState_reg[0]/R
                            (rising edge-triggered cell FDRE clocked by clk_out1_clk_wiz_0  {rise@0.000ns fall@20.000ns period=40.000ns})
  Path Group:             (none)
  Path Type:              Hold (Min at Fast Process Corner)
  Data Path Delay:        0.739ns  (logic 0.042ns (5.680%)  route 0.697ns (94.320%))
  Logic Levels:           1  (LUT4=1)
  Clock Uncertainty:      0.404ns  ((TSJ^2 + DJ^2)^1/2) / 2 + PE
    Total System Jitter     (TSJ):    0.050ns
    Discrete Jitter          (DJ):    0.313ns
    Phase Error              (PE):    0.246ns

    Location             Delay type                Incr(ns)  Path(ns)    Netlist Resource(s)
  -------------------------------------------------------------------    -------------------
    MMCME2_ADV_X0Y1      MMCME2_ADV                   0.000     0.000 f  u_clk_wiz_0/inst/mmcm_adv_inst/LOCKED
                         net (fo=68, routed)          0.478     0.478    u_mwfil_chiftop/u_dut/u_Subsystem1/Subsystem1_tc/locked
    SLICE_X41Y47         LUT4 (Prop_lut4_I1_O)        0.042     0.520 r  u_mwfil_chiftop/u_dut/u_Subsystem1/Subsystem1_tc/FSM_sequential_SDFController_wrState[1]_i_1__4/O
                         net (fo=12, routed)          0.219     0.739    u_mwfil_chiftop/u_dut/u_Subsystem1/FFT_1_1/CTRL1_7_1_1/SDFController_wrCount_reg[0]_0[0]
    SLICE_X42Y48         FDRE                                         r  u_mwfil_chiftop/u_dut/u_Subsystem1/FFT_1_1/CTRL1_7_1_1/FSM_sequential_SDFController_wrState_reg[0]/R
  -------------------------------------------------------------------    -------------------

                         (clock clk_out1_clk_wiz_0 rise edge)
                                                      0.000     0.000 r  
    L16                                               0.000     0.000 r  sysclk (IN)
                         net (fo=0)                   0.000     0.000    u_clk_wiz_0/inst/clk_in1
    L16                  IBUF (Prop_ibuf_I_O)         0.447     0.447 r  u_clk_wiz_0/inst/clkin1_ibufg/O
                         net (fo=1, routed)           0.480     0.927    u_clk_wiz_0/inst/clk_in1_clk_wiz_0
    MMCME2_ADV_X0Y1      MMCME2_ADV (Prop_mmcme2_adv_CLKIN1_CLKOUT0)
                                                     -3.047    -2.120 r  u_clk_wiz_0/inst/mmcm_adv_inst/CLKOUT0
                         net (fo=1, routed)           0.528    -1.592    u_clk_wiz_0/inst/clk_out1_clk_wiz_0
    BUFGCTRL_X0Y16       BUFG (Prop_bufg_I_O)         0.029    -1.563 r  u_clk_wiz_0/inst/clkout1_buf/O
                         net (fo=16020, routed)       0.864    -0.699    u_mwfil_chiftop/u_dut/u_Subsystem1/FFT_1_1/CTRL1_7_1_1/clk_out1
    SLICE_X42Y48         FDRE                                         r  u_mwfil_chiftop/u_dut/u_Subsystem1/FFT_1_1/CTRL1_7_1_1/FSM_sequential_SDFController_wrState_reg[0]/C

Slack:                    inf
  Source:                 u_clk_wiz_0/inst/mmcm_adv_inst/LOCKED
                            (internal pin)
  Destination:            u_mwfil_chiftop/u_dut/u_Subsystem1/FFT_1_1/CTRL1_7_1_1/FSM_sequential_SDFController_wrState_reg[1]/R
                            (rising edge-triggered cell FDRE clocked by clk_out1_clk_wiz_0  {rise@0.000ns fall@20.000ns period=40.000ns})
  Path Group:             (none)
  Path Type:              Hold (Min at Fast Process Corner)
  Data Path Delay:        0.739ns  (logic 0.042ns (5.680%)  route 0.697ns (94.320%))
  Logic Levels:           1  (LUT4=1)
  Clock Uncertainty:      0.404ns  ((TSJ^2 + DJ^2)^1/2) / 2 + PE
    Total System Jitter     (TSJ):    0.050ns
    Discrete Jitter          (DJ):    0.313ns
    Phase Error              (PE):    0.246ns

    Location             Delay type                Incr(ns)  Path(ns)    Netlist Resource(s)
  -------------------------------------------------------------------    -------------------
    MMCME2_ADV_X0Y1      MMCME2_ADV                   0.000     0.000 f  u_clk_wiz_0/inst/mmcm_adv_inst/LOCKED
                         net (fo=68, routed)          0.478     0.478    u_mwfil_chiftop/u_dut/u_Subsystem1/Subsystem1_tc/locked
    SLICE_X41Y47         LUT4 (Prop_lut4_I1_O)        0.042     0.520 r  u_mwfil_chiftop/u_dut/u_Subsystem1/Subsystem1_tc/FSM_sequential_SDFController_wrState[1]_i_1__4/O
                         net (fo=12, routed)          0.219     0.739    u_mwfil_chiftop/u_dut/u_Subsystem1/FFT_1_1/CTRL1_7_1_1/SDFController_wrCount_reg[0]_0[0]
    SLICE_X42Y48         FDRE                                         r  u_mwfil_chiftop/u_dut/u_Subsystem1/FFT_1_1/CTRL1_7_1_1/FSM_sequential_SDFController_wrState_reg[1]/R
  -------------------------------------------------------------------    -------------------

                         (clock clk_out1_clk_wiz_0 rise edge)
                                                      0.000     0.000 r  
    L16                                               0.000     0.000 r  sysclk (IN)
                         net (fo=0)                   0.000     0.000    u_clk_wiz_0/inst/clk_in1
    L16                  IBUF (Prop_ibuf_I_O)         0.447     0.447 r  u_clk_wiz_0/inst/clkin1_ibufg/O
                         net (fo=1, routed)           0.480     0.927    u_clk_wiz_0/inst/clk_in1_clk_wiz_0
    MMCME2_ADV_X0Y1      MMCME2_ADV (Prop_mmcme2_adv_CLKIN1_CLKOUT0)
                                                     -3.047    -2.120 r  u_clk_wiz_0/inst/mmcm_adv_inst/CLKOUT0
                         net (fo=1, routed)           0.528    -1.592    u_clk_wiz_0/inst/clk_out1_clk_wiz_0
    BUFGCTRL_X0Y16       BUFG (Prop_bufg_I_O)         0.029    -1.563 r  u_clk_wiz_0/inst/clkout1_buf/O
                         net (fo=16020, routed)       0.864    -0.699    u_mwfil_chiftop/u_dut/u_Subsystem1/FFT_1_1/CTRL1_7_1_1/clk_out1
    SLICE_X42Y48         FDRE                                         r  u_mwfil_chiftop/u_dut/u_Subsystem1/FFT_1_1/CTRL1_7_1_1/FSM_sequential_SDFController_wrState_reg[1]/C





