   0.0000000e+00   1.4143222e+01  -3.0637345e+02   2.7267716e+02
   1.0000000e-04   2.6960860e+01  -3.1015873e+02   2.6803872e+02
   2.0000000e-04   3.7825380e+01  -3.1699578e+02   2.6413270e+02
   3.0000000e-04   4.3807092e+01  -3.2065900e+02   2.5827355e+02
   4.0000000e-04   5.3939200e+01  -3.2371187e+02   2.5143784e+02
   5.0000000e-04   6.3705103e+01  -3.2835166e+02   2.4533454e+02
   6.0000000e-04   7.4081363e+01  -3.3274730e+02   2.4032987e+02
   7.0000000e-04   8.7021104e+01  -3.3555604e+02   2.3471485e+02
   8.0000000e-04   9.6909093e+01  -3.3909720e+02   2.2751291e+02
   9.0000000e-04   1.0472189e+02  -3.4129559e+02   2.1884612e+02
   1.0000000e-03   1.1326712e+02  -3.4361604e+02   2.1286488e+02
   1.1000000e-03   1.2303305e+02  -3.4557029e+02   2.0566292e+02
   1.2000000e-03   1.3377555e+02  -3.4667005e+02   1.9833890e+02
   1.3000000e-03   1.4293115e+02  -3.4630496e+02   1.8771896e+02
   1.4000000e-03   1.5245295e+02  -3.4581781e+02   1.7783145e+02
   1.5000000e-03   1.6050992e+02  -3.4642928e+02   1.6806600e+02
   1.6000000e-03   1.6807861e+02  -3.4606420e+02   1.6123024e+02
   1.7000000e-03   1.7723423e+02  -3.4435634e+02   1.5317376e+02
   1.8000000e-03   1.8687812e+02  -3.4533402e+02   1.4450693e+02
   1.9000000e-03   1.9493511e+02  -3.4484687e+02   1.3352076e+02
   2.0000000e-03   2.0372452e+02  -3.4338314e+02   1.2326701e+02
   2.1000000e-03   2.1226980e+02  -3.4045458e+02   1.1460016e+02
   2.2000000e-03   2.2057094e+02  -3.3838051e+02   1.0629952e+02
   2.3000000e-03   2.2813966e+02  -3.3581815e+02   9.5069193e+01
   2.4000000e-03   2.3619667e+02  -3.3325579e+02   8.3838856e+01
   2.5000000e-03   2.4339919e+02  -3.2910652e+02   7.2730584e+01
   2.6000000e-03   2.5023550e+02  -3.2446896e+02   6.2110588e+01
   2.7000000e-03   2.6781400e+02  -3.1909898e+02   4.5265000e+01
   2.8000000e-03   2.7135442e+02  -3.1409521e+02   2.9395970e+01
   2.9000000e-03   2.8148664e+02  -3.0701624e+02   1.8043536e+01
   3.0000000e-03   2.8929953e+02  -3.0091383e+02   5.9586747e+00
   3.1000000e-03   2.9052063e+02  -2.9505556e+02  -5.2716997e+00
   3.2000000e-03   2.9711281e+02  -2.9029592e+02  -1.5403447e+01
   3.3000000e-03   2.9772356e+02  -2.8260659e+02  -2.3582074e+01
   3.4000000e-03   3.0248470e+02  -2.7711452e+02  -3.4568324e+01
   3.5000000e-03   3.0651342e+02  -2.7113417e+02  -4.4455946e+01
   3.6000000e-03   3.1029800e+02  -2.6490967e+02  -5.2390449e+01
   3.7000000e-03   2.8905817e+02  -2.2890001e+02  -6.0324957e+01
   3.8000000e-03   3.0663670e+02  -2.2719211e+02  -7.2654001e+01
   3.9000000e-03   2.8075821e+02  -2.1925862e+02  -8.5349261e+01
   4.0000000e-03   2.9772639e+02  -2.0680852e+02  -9.2673433e+01
   4.1000000e-03   2.9015844e+02  -2.0473440e+02  -1.0756597e+02
   4.2000000e-03   3.0322037e+02  -1.9765539e+02  -1.1415773e+02
   4.3000000e-03   3.0615047e+02  -1.8984395e+02  -1.2294676e+02
   4.4000000e-03   3.0773780e+02  -1.8154423e+02  -1.3393306e+02
   4.5000000e-03   3.1201068e+02  -1.7312243e+02  -1.4357659e+02
   4.6000000e-03   3.1091246e+02  -1.6543306e+02  -1.5419669e+02
   4.7000000e-03   3.1481912e+02  -1.5725539e+02  -1.6200918e+02
   4.8000000e-03   3.1738301e+02  -1.4883358e+02  -1.7030995e+02
   4.9000000e-03   3.1945862e+02  -1.4090005e+02  -1.8056386e+02
   5.0000000e-03   3.2104595e+02  -1.3308858e+02  -1.9057362e+02
   5.1000000e-03   3.2202293e+02  -1.2552125e+02  -1.9667714e+02
   5.2000000e-03   3.2348819e+02  -1.1722149e+02  -2.0558828e+02
   5.3000000e-03   3.2507552e+02  -1.0879966e+02  -2.1498771e+02
   5.4000000e-03   3.2605249e+02  -9.9035050e+01  -2.2292230e+02
   5.5000000e-03   3.2629705e+02  -8.8538013e+01  -2.3012447e+02
   5.6000000e-03   3.2593125e+02  -7.7186478e+01  -2.3842527e+02
   5.7000000e-03   3.2556544e+02  -6.5590798e+01  -2.4501710e+02
   5.8000000e-03   3.2446722e+02  -5.6558589e+01  -2.5307377e+02
   5.9000000e-03   3.2190415e+02  -4.7282235e+01  -2.5881111e+02
   6.0000000e-03   3.1421413e+02  -3.7151384e+01  -2.6454845e+02
   6.1000000e-03   3.1177312e+02  -2.7752950e+01  -2.7077408e+02
   6.2000000e-03   3.0689071e+02  -1.8476580e+01  -2.7699971e+02
   6.3000000e-03   3.0188623e+02  -7.7353626e+00  -2.8212671e+02
   6.4000000e-03   2.9895694e+02   3.7382822e+00  -2.8639922e+02
   6.5000000e-03   2.9175518e+02   1.0695330e+01  -2.8859653e+02
   6.6000000e-03   2.8833761e+02   1.8140665e+01  -2.9238077e+02
   6.7000000e-03   2.8272276e+02   2.7294989e+01  -2.9775192e+02
   6.8000000e-03   2.7588721e+02   3.7914161e+01  -3.0275686e+02
   6.9000000e-03   2.7344618e+02   4.8167128e+01  -3.0556453e+02
   7.0000000e-03   2.6770926e+02   5.6955256e+01  -3.0763979e+02
   7.1000000e-03   2.6331510e+02   6.5377178e+01  -3.1276681e+02
   7.2000000e-03   2.5599126e+02   7.3799104e+01  -3.1703933e+02
   7.3000000e-03   2.2352092e+02   8.4784512e+01  -2.8517905e+02
   7.4000000e-03   2.3524004e+02   9.3816800e+01  -2.9897306e+02
   7.5000000e-03   2.0582146e+02   1.0004148e+02  -2.9921727e+02
   7.6000000e-03   2.0728666e+02   1.1188139e+02  -2.9750835e+02
   7.7000000e-03   1.9923037e+02   1.2030334e+02  -3.0788440e+02
   7.8000000e-03   1.9825416e+02   1.3141084e+02  -3.0947138e+02
   7.9000000e-03   1.9349376e+02   1.4129764e+02  -3.0983766e+02
   8.0000000e-03   1.8177535e+02   1.5325965e+02  -3.1252328e+02
   8.1000000e-03   1.7786944e+02   1.6790720e+02  -3.1240128e+02
   8.2000000e-03   1.6529653e+02   1.7242292e+02  -3.1581932e+02
   8.3000000e-03   1.6273338e+02   1.7767107e+02  -3.1777251e+02
   8.4000000e-03   1.5504327e+02   1.9085379e+02  -3.1813879e+02
   8.5000000e-03   1.4662074e+02   1.9744472e+02  -3.1972577e+02
   8.6000000e-03   1.3746578e+02   2.0525636e+02  -3.1984791e+02
   8.7000000e-03   1.2733425e+02   2.1673011e+02  -3.2058040e+02
   8.8000000e-03   1.2037655e+02   2.2673902e+02  -3.1850527e+02
   8.9000000e-03   1.1219814e+02   2.3430652e+02  -3.1740670e+02
   9.0000000e-03   1.0194452e+02   2.4211817e+02  -3.1557571e+02
   9.1000000e-03   9.1202626e+01   2.5054018e+02  -3.1423300e+02
   9.2000000e-03   7.9240019e+01   2.5835184e+02  -3.1081509e+02
   9.3000000e-03   6.9108462e+01   2.6787248e+02  -3.0764132e+02
   9.4000000e-03   4.4328462e+01   2.7910211e+02  -3.0397926e+02
   9.5000000e-03   3.9812129e+01   2.9020968e+02  -2.9873029e+02
   9.6000000e-03   2.1379774e+01   2.9692271e+02  -2.9433581e+02
   9.7000000e-03   9.9054228e+00   3.0351368e+02  -2.9018547e+02
   9.8000000e-03   2.2152457e+00   3.0790738e+02  -2.8444821e+02
   9.9000000e-03  -8.2825538e+00   3.1047003e+02  -2.8017579e+02
   1.0000000e-02  -1.5728601e+01   3.1498581e+02  -2.7248540e+02
   1.0100000e-02  -2.9400239e+01   3.2035608e+02  -2.6943368e+02
   1.0200000e-02  -3.7212507e+01   3.2365116e+02  -2.6394055e+02
   1.0300000e-02  -4.5146850e+01   3.2926558e+02  -2.5881362e+02
   1.0400000e-02  -5.5644675e+01   3.3451379e+02  -2.5185564e+02
   1.0500000e-02  -6.5410084e+01   3.3732059e+02  -2.4709492e+02
   1.0600000e-02  -7.7738974e+01   3.4024946e+02  -2.4147971e+02
   1.0700000e-02  -8.8236814e+01   3.4525353e+02  -2.3574242e+02
   1.0800000e-02  -9.6293253e+01   3.4806033e+02  -2.2841821e+02
   1.0900000e-02  -1.0557040e+02   3.4964643e+02  -2.2219263e+02
   1.1000000e-02  -1.1448134e+02   3.5037804e+02  -2.1364771e+02
   1.1100000e-02  -1.2607783e+02   3.5001102e+02  -2.0717798e+02
   1.1200000e-02  -1.3462257e+02   3.5062056e+02  -1.9826685e+02
   1.1300000e-02  -1.4402181e+02   3.5269494e+02  -1.8935570e+02
   1.1400000e-02  -1.5451968e+02   3.5196170e+02  -1.7946799e+02
   1.1500000e-02  -1.6306444e+02   3.5196089e+02  -1.7214375e+02
   1.1600000e-02  -1.7197540e+02   3.5147179e+02  -1.6323260e+02
   1.1700000e-02  -1.7905532e+02   3.5159304e+02  -1.5566421e+02
   1.1800000e-02  -1.8637938e+02   3.5171430e+02  -1.4614269e+02
   1.1900000e-02  -1.9614486e+02   3.5159141e+02  -1.3723152e+02
   1.2000000e-02  -2.0517791e+02   3.5085817e+02  -1.2709964e+02
   1.2100000e-02  -2.1408890e+02   3.5024699e+02  -1.1770018e+02
   1.2200000e-02  -2.2177919e+02   3.4707234e+02  -1.0756829e+02
   1.2300000e-02  -2.2971362e+02   3.4414183e+02  -9.9389517e+01
   1.2400000e-02  -2.3740392e+02   3.4060096e+02  -8.8158984e+01
   1.2500000e-02  -2.4533836e+02   3.3706009e+02  -7.6928445e+01
   1.2600000e-02  -2.5131968e+02   3.3217644e+02  -6.4843409e+01
   1.2700000e-02  -2.6670042e+02   3.2753694e+02  -4.2138251e+01
   1.2800000e-02  -2.6901963e+02   3.2118844e+02  -3.5424298e+01
   1.2900000e-02  -2.8623143e+02   3.1483994e+02  -2.2240613e+01
   1.3000000e-02  -2.8586510e+02   3.0922387e+02  -7.2258684e+00
   1.3100000e-02  -2.9440991e+02   3.0202087e+02   2.2957177e+00
   1.3200000e-02  -2.9611879e+02   2.9530615e+02   1.1817309e+01
   1.3300000e-02  -3.0136770e+02   2.8932385e+02   2.1949257e+01
   1.3400000e-02  -3.0588420e+02   2.8382983e+02   3.2691563e+01
   1.3500000e-02  -3.0844757e+02   2.7784752e+02   4.2457311e+01
   1.3600000e-02  -3.1552755e+02   2.7088864e+02   5.2833416e+01
   1.3700000e-02  -3.0588389e+02   2.4110262e+02   6.2355034e+01
   1.3800000e-02  -2.9611817e+02   2.3450994e+02   7.2853219e+01
   1.3900000e-02  -2.8464346e+02   2.2388895e+02   8.2008636e+01
   1.4000000e-02  -3.0307599e+02   2.1094861e+02   9.1652340e+01
   1.4100000e-02  -2.9099093e+02   2.0618698e+02   1.0654507e+02
   1.4200000e-02  -3.0917931e+02   1.9947222e+02   1.1338117e+02
   1.4300000e-02  -3.0502883e+02   1.9568714e+02   1.2448973e+02
   1.4400000e-02  -3.0856877e+02   1.8616475e+02   1.3352310e+02
   1.4500000e-02  -3.1430599e+02   1.7639822e+02   1.4365511e+02
   1.4600000e-02  -3.1308519e+02   1.6834066e+02   1.5537404e+02
   1.4700000e-02  -3.1699135e+02   1.5942861e+02   1.6355294e+02
   1.4800000e-02  -3.1845610e+02   1.5100484e+02   1.7209804e+02
   1.4900000e-02  -3.2004292e+02   1.4282520e+02   1.8174179e+02
   1.5000000e-02  -3.2101939e+02   1.3647661e+02   1.9004277e+02
   1.5100000e-02  -3.2236207e+02   1.2915145e+02   1.9785547e+02
   1.5200000e-02  -3.2419303e+02   1.1962902e+02   2.0579024e+02
   1.5300000e-02  -3.2516950e+02   1.1059486e+02   2.1396916e+02
   1.5400000e-02  -3.2553562e+02   1.0070621e+02   2.2263637e+02
   1.5500000e-02  -3.2590173e+02   9.0573413e+01   2.3191393e+02
   1.5600000e-02  -3.2590163e+02   7.8487484e+01   2.3911630e+02
   1.5700000e-02  -3.2565739e+02   6.6523620e+01   2.4485383e+02
   1.5800000e-02  -3.2455866e+02   5.8221860e+01   2.5303277e+02
   1.5900000e-02  -3.2175093e+02   4.9187671e+01   2.6047928e+02
   1.6000000e-02  -3.1662388e+02   3.8810704e+01   2.6743753e+02
   1.6100000e-02  -3.1393822e+02   2.9044083e+01   2.7171022e+02
   1.6200000e-02  -3.0868909e+02   2.0009877e+01   2.7647121e+02
   1.6300000e-02  -3.0417237e+02   8.6563303e+00   2.8257496e+02
   1.6400000e-02  -3.0099843e+02  -1.4765194e+00   2.8831251e+02
   1.6500000e-02  -2.9513894e+02  -9.6562499e+00   2.9234108e+02
   1.6600000e-02  -2.8744839e+02  -1.6493213e+01   2.9246340e+02
   1.6700000e-02  -2.8415236e+02  -2.5527447e+01   2.9795682e+02
   1.6800000e-02  -2.7963563e+02  -3.5049968e+01   3.0357231e+02
   1.6900000e-02  -2.7389820e+02  -4.4938706e+01   3.0589190e+02
   1.7000000e-02  -2.7060217e+02  -5.4583309e+01   3.0943219e+02
   1.7100000e-02  -2.6425437e+02  -6.3007214e+01   3.1333870e+02
   1.7200000e-02  -2.5851693e+02  -7.2651828e+01   3.1748935e+02
   1.7300000e-02  -2.5229120e+02  -8.3517150e+01   3.2054137e+02
   1.7400000e-02  -2.1566995e+02  -9.0964510e+01   3.0503870e+02
   1.7500000e-02  -2.1457117e+02  -1.0012086e+02   2.9539541e+02
   1.7600000e-02  -2.1188546e+02  -1.0781237e+02   3.0113298e+02
   1.7700000e-02  -1.9687065e+02  -1.1782322e+02   3.0467329e+02
   1.7800000e-02  -2.0431677e+02  -1.3051963e+02   3.0650461e+02
   1.7900000e-02  -1.8893574e+02  -1.3943186e+02   3.1321874e+02
   1.8000000e-02  -1.8490725e+02  -1.5163999e+02   3.1260865e+02
   1.8100000e-02  -1.7599593e+02  -1.5981981e+02   3.1395169e+02
   1.8200000e-02  -1.6964809e+02  -1.6616857e+02   3.1517266e+02
   1.8300000e-02  -1.6488716e+02  -1.7300563e+02   3.1566120e+02
   1.8400000e-02  -1.5267994e+02  -1.8179581e+02   3.1981186e+02
   1.8500000e-02  -1.5036040e+02  -1.9119635e+02   3.1969005e+02
   1.8600000e-02  -1.3876351e+02  -1.9913205e+02   3.1907996e+02
   1.8700000e-02  -1.3046252e+02  -2.0926503e+02   3.1761538e+02
   1.8800000e-02  -1.2313809e+02  -2.1720073e+02   3.1810392e+02
   1.8900000e-02  -1.1141912e+02  -2.2452610e+02   3.1749383e+02
   1.9000000e-02  -1.0336225e+02  -2.3319424e+02   3.1590717e+02
   1.9100000e-02  -9.2986046e+01  -2.4161824e+02   3.1346602e+02
   1.9200000e-02  -8.2243622e+01  -2.5028639e+02   3.1102487e+02
   1.9300000e-02  -6.9914278e+01  -2.5822212e+02   3.0736301e+02
   1.9400000e-02  -4.6354461e+01  -2.6933168e+02   3.0443358e+02
   1.9500000e-02  -4.0250693e+01  -2.8178402e+02   2.9845238e+02
   1.9600000e-02  -2.4259223e+01  -2.8886526e+02   2.9479051e+02
   1.9700000e-02  -1.1563647e+01  -2.9435960e+02   2.8941966e+02
   1.9800000e-02  -4.4833000e+00  -2.9912152e+02   2.8502537e+02
   1.9900000e-02   7.6019356e+00  -3.0107582e+02   2.7892209e+02
   2.0000000e-02   1.4560224e+01  -3.0632603e+02   2.7294088e+02
   2.0100000e-02   2.7011681e+01  -3.1011139e+02   2.6818037e+02
   2.0200000e-02   3.7143808e+01  -3.1633816e+02   2.6354193e+02
   2.0300000e-02   4.4468323e+01  -3.2048974e+02   2.5817106e+02
   2.0400000e-02   5.3501828e+01  -3.2403097e+02   2.5084706e+02
   2.0500000e-02   6.4610534e+01  -3.2830462e+02   2.4486583e+02
   2.0600000e-02   7.3766120e+01  -3.3282241e+02   2.4022737e+02
   2.0700000e-02   8.7438312e+01  -3.3538709e+02   2.3497856e+02
   2.0800000e-02   9.6227698e+01  -3.3917246e+02   2.2728833e+02
   2.0900000e-02   1.0477295e+02  -3.4124885e+02   2.1886568e+02
   2.1000000e-02   1.1282992e+02  -3.4356939e+02   2.1300651e+02
   2.1100000e-02   1.2271796e+02  -3.4540164e+02   2.0543834e+02
   2.1200000e-02   1.3382670e+02  -3.4650148e+02   1.9848052e+02
   2.1300000e-02   1.4334853e+02  -3.4625853e+02   1.8749438e+02
   2.1400000e-02   1.5274830e+02  -3.4613766e+02   1.7809514e+02
   2.1500000e-02   1.6068322e+02  -3.4674922e+02   1.6808555e+02
   2.1600000e-02   1.6825195e+02  -3.4699456e+02   1.6149392e+02
   2.1700000e-02   1.7655309e+02  -3.4443228e+02   1.5355952e+02
   2.1800000e-02   1.8705151e+02  -3.4492176e+02   1.4501476e+02
   2.1900000e-02   1.9413197e+02  -3.4443468e+02   1.3378444e+02
   2.2000000e-02   2.0279934e+02  -3.4321517e+02   1.2401897e+02
   2.2100000e-02   2.1134464e+02  -3.4028668e+02   1.1535212e+02
   2.2200000e-02   2.1952374e+02  -3.3833476e+02   1.0729562e+02
   2.2300000e-02   2.2709250e+02  -3.3577247e+02   9.5577003e+01
   2.2400000e-02   2.3563781e+02  -3.3308812e+02   8.4468734e+01
   2.2500000e-02   2.4271829e+02  -3.2845064e+02   7.3116319e+01
   2.2600000e-02   2.4918842e+02  -3.2466765e+02   6.2984602e+01
   2.2700000e-02   2.6774351e+02  -3.1917567e+02   4.5528661e+01
   2.2800000e-02   2.6981912e+02  -3.1429405e+02   3.0758261e+01
   2.2900000e-02   2.8129414e+02  -3.0684894e+02   1.8673402e+01
   2.3000000e-02   2.8813050e+02  -3.0135696e+02   6.4664683e+00
   2.3100000e-02   2.8983990e+02  -2.9464427e+02  -4.5197680e+00
   2.3200000e-02   2.9557762e+02  -2.8988470e+02  -1.4163236e+01
   2.3300000e-02   2.9631047e+02  -2.8304994e+02  -2.3928780e+01
   2.3400000e-02   3.0192613e+02  -2.7719173e+02  -3.3083978e+01
   2.3500000e-02   3.0595488e+02  -2.7072317e+02  -4.4070236e+01
   2.3600000e-02   3.0912914e+02  -2.6559738e+02  -5.2248881e+01
   2.3700000e-02   3.0497918e+02  -2.3849893e+02  -6.0427532e+01
   2.3800000e-02   2.9423743e+02  -2.2983309e+02  -7.4099353e+01
   2.3900000e-02   2.8886677e+02  -2.1835964e+02  -8.1423522e+01
   2.4000000e-02   2.9594729e+02  -2.0981586e+02  -9.2653946e+01
   2.4100000e-02   2.8764694e+02  -2.0371349e+02  -1.0681406e+02
   2.4200000e-02   3.0534758e+02  -1.9700077e+02  -1.1255133e+02
   2.4300000e-02   3.0168591e+02  -1.9114253e+02  -1.2280521e+02
   2.4400000e-02   3.0986506e+02  -1.8186632e+02  -1.3232667e+02
   2.4500000e-02   3.0986551e+02  -1.7332252e+02  -1.4331298e+02
   2.4600000e-02   3.1181907e+02  -1.6624357e+02  -1.5368894e+02
   2.4700000e-02   3.1401678e+02  -1.5745562e+02  -1.6162350e+02
   2.4800000e-02   3.1767934e+02  -1.4940010e+02  -1.7016842e+02
   2.4900000e-02   3.1938876e+02  -1.4085629e+02  -1.8066646e+02
   2.5000000e-02   3.2024370e+02  -1.3475388e+02  -1.8872311e+02
   2.5100000e-02   3.2109863e+02  -1.2572177e+02  -1.9494870e+02
   2.5200000e-02   3.2317427e+02  -1.1791037e+02  -2.0459227e+02
   2.5300000e-02   3.2451749e+02  -1.1083138e+02  -2.1447998e+02
   2.5400000e-02   3.2549449e+02  -1.0033442e+02  -2.2229250e+02
   2.5500000e-02   3.2573907e+02  -8.8982963e+01  -2.2864018e+02
   2.5600000e-02   3.2525123e+02  -7.8608063e+01  -2.3694099e+02
   2.5700000e-02   3.2488546e+02  -6.6524173e+01  -2.4365488e+02
   2.5800000e-02   3.2403140e+02  -5.7369966e+01  -2.5171156e+02
   2.5900000e-02   3.2134629e+02  -4.8215753e+01  -2.5757097e+02
   2.6000000e-02   3.1438872e+02  -3.7840832e+01  -2.6355246e+02
   2.6100000e-02   3.1097118e+02  -2.8320399e+01  -2.6990016e+02
   2.6200000e-02   3.0779778e+02  -1.9654452e+01  -2.7612579e+02
   2.6300000e-02   3.0145055e+02  -8.5470943e+00  -2.8088658e+02
   2.6400000e-02   2.9913164e+02   1.7057766e+00  -2.8369425e+02
   2.6500000e-02   2.9217405e+02   1.0005528e+01  -2.8943161e+02
   2.6600000e-02   2.8765787e+02   1.8305284e+01  -2.9162893e+02
   2.6700000e-02   2.8204305e+02   2.6605045e+01  -2.9577938e+02
   2.6800000e-02   2.7679444e+02   3.6735866e+01  -3.0359195e+02
   2.6900000e-02   2.7288861e+02   4.7599114e+01  -3.0432443e+02
   2.7000000e-02   2.6812827e+02   5.5898890e+01  -3.0664383e+02
   2.7100000e-02   2.6300172e+02   6.4686953e+01  -3.1225913e+02
   2.7200000e-02   2.5738689e+02   7.2498458e+01  -3.1665373e+02
   2.7300000e-02   2.2345174e+02   8.3117585e+01  -2.8491552e+02
   2.7400000e-02   2.3700194e+02   9.3370507e+01  -2.9931989e+02
   2.7500000e-02   2.0611854e+02   9.9473042e+01  -2.9895375e+02
   2.7600000e-02   2.0856033e+02   1.1082461e+02  -2.9724483e+02
   2.7700000e-02   2.0001579e+02   1.1863613e+02  -3.0749881e+02
   2.7800000e-02   2.0001617e+02   1.2949943e+02  -3.0908580e+02
   2.7900000e-02   1.9415716e+02   1.3999651e+02  -3.0957415e+02
   2.8000000e-02   1.8329328e+02   1.5293501e+02  -3.1287013e+02
   2.8100000e-02   1.7767841e+02   1.6514109e+02  -3.1360262e+02
   2.8200000e-02   1.6705865e+02   1.7453955e+02  -3.1653238e+02
   2.8300000e-02   1.6254240e+02   1.8076419e+02  -3.1848558e+02
   2.8400000e-02   1.5680545e+02   1.8894196e+02  -3.1885186e+02
   2.8500000e-02   1.4740638e+02   1.9553283e+02  -3.1934022e+02
   2.8600000e-02   1.3861766e+02   2.0432096e+02  -3.1982857e+02
   2.8700000e-02   1.2836409e+02   2.1506222e+02  -3.2043899e+02
   2.8800000e-02   1.2189469e+02   2.2543727e+02  -3.1909629e+02
   2.8900000e-02   1.1322803e+02   2.3288264e+02  -3.1750944e+02
   2.9000000e-02   1.0370686e+02   2.4057215e+02  -3.1592259e+02
   2.9100000e-02   9.2110501e+01   2.4862788e+02  -3.1384746e+02
   2.9200000e-02   8.0880343e+01   2.5692775e+02  -3.1055163e+02
   2.9300000e-02   7.0138461e+01   2.6571590e+02  -3.0749993e+02
   2.9400000e-02   4.5846770e+01   2.7828824e+02  -3.0408202e+02
   2.9500000e-02   4.1940815e+01   2.8854124e+02  -2.9871099e+02
   2.9600000e-02   2.2165715e+01   2.9562042e+02  -2.9517100e+02
   2.9700000e-02   1.1667953e+01   3.0257753e+02  -2.9028824e+02
   2.9800000e-02   3.2453816e+00   3.0758152e+02  -2.8528341e+02
   2.9900000e-02  -8.7172344e+00   3.1051032e+02  -2.8088892e+02
   3.0000000e-02  -1.3721848e+01   3.1307290e+02  -2.7246611e+02
   3.0100000e-02  -2.8247951e+01   3.1941967e+02  -2.7039096e+02
   3.0200000e-02  -3.7280895e+01   3.2356918e+02  -2.6489783e+02
   3.0300000e-02  -4.3140016e+01   3.2771868e+02  -2.5903849e+02
   3.0400000e-02  -5.4736447e+01   3.3406546e+02  -2.5330122e+02
   3.0500000e-02  -6.4868040e+01   3.3797082e+02  -2.4805222e+02
   3.0600000e-02  -7.6708621e+01   3.4065549e+02  -2.4243701e+02
   3.0700000e-02  -8.7816786e+01   3.4553742e+02  -2.3706594e+02
   3.0800000e-02  -9.5506987e+01   3.4858830e+02  -2.3023002e+02
   3.0900000e-02  -1.0490618e+02   3.4968605e+02  -2.2376030e+02
   3.1000000e-02  -1.1369502e+02   3.4980725e+02  -2.1570367e+02
   3.1100000e-02  -1.2504735e+02   3.4907395e+02  -2.0862359e+02
   3.1200000e-02  -1.3371413e+02   3.5078205e+02  -2.0032281e+02
   3.1300000e-02  -1.4262506e+02   3.5273430e+02  -1.9092339e+02
   3.1400000e-02  -1.5214634e+02   3.5224514e+02  -1.8079154e+02
   3.1500000e-02  -1.6386490e+02   3.5236633e+02  -1.7383352e+02
   3.1600000e-02  -1.7094478e+02   3.5199924e+02  -1.6431202e+02
   3.1700000e-02  -1.8034401e+02   3.5309699e+02  -1.5649949e+02
   3.1800000e-02  -1.8620320e+02   3.5260783e+02  -1.4783247e+02
   3.1900000e-02  -1.9596865e+02   3.5224073e+02  -1.3843302e+02
   3.2000000e-02  -2.0585617e+02   3.5126329e+02  -1.2854529e+02
   3.2100000e-02  -2.1305815e+02   3.5065205e+02  -1.1865755e+02
   3.2200000e-02  -2.2270154e+02   3.4735526e+02  -1.0876980e+02
   3.2300000e-02  -2.2892696e+02   3.4466883e+02  -1.0022483e+02
   3.2400000e-02  -2.3771586e+02   3.4088375e+02  -8.9482581e+01
   3.2500000e-02  -2.4503993e+02   3.3783110e+02  -7.8007906e+01
   3.2600000e-02  -2.5089915e+02   3.3282532e+02  -6.5678734e+01
   3.2700000e-02  -2.6518123e+02   3.2806368e+02  -4.4438425e+01
   3.2800000e-02  -2.6933147e+02   3.2147098e+02  -3.6625844e+01
   3.2900000e-02  -2.8629910e+02   3.1597691e+02  -2.2953882e+01
   3.3000000e-02  -2.8581068e+02   3.0975042e+02  -8.4274235e+00
   3.3100000e-02  -2.9435546e+02   3.0181494e+02   6.0587656e-01
   3.3200000e-02  -2.9594224e+02   2.9717535e+02   1.2324729e+01
   3.3300000e-02  -2.9984836e+02   2.8985022e+02   2.0381477e+01
   3.3400000e-02  -3.0631795e+02   2.8374578e+02   3.1001707e+01
   3.3500000e-02  -3.0949165e+02   2.7910618e+02   4.4429560e+01
   3.3600000e-02  -3.1559504e+02   2.7141482e+02   5.2486324e+01
   3.3700000e-02  -3.0436445e+02   2.3943147e+02   6.1031375e+01
   3.3800000e-02  -2.9838288e+02   2.3466979e+02   7.2994399e+01
   3.3900000e-02  -2.8483295e+02   2.2490322e+02   8.1783601e+01
   3.4000000e-02  -3.0350958e+02   2.1086419e+02   9.1549370e+01
   3.4100000e-02  -2.9325556e+02   2.0671285e+02   1.0680831e+02
   3.4200000e-02  -3.0949079e+02   2.0012010e+02   1.1364440e+02
   3.4300000e-02  -3.0680512e+02   1.9596874e+02   1.2475296e+02
   3.4400000e-02  -3.0912434e+02   1.8669044e+02   1.3415254e+02
   3.4500000e-02  -3.1486153e+02   1.7680177e+02   1.4343005e+02
   3.4600000e-02  -3.1461727e+02   1.6874416e+02   1.5527104e+02
   3.4700000e-02  -3.1705856e+02   1.6007618e+02   1.6344993e+02
   3.4800000e-02  -3.1852329e+02   1.5128614e+02   1.7187297e+02
   3.4900000e-02  -3.1974387e+02   1.4396093e+02   1.8017393e+02
   3.5000000e-02  -3.2047618e+02   1.3712399e+02   1.8896319e+02
   3.5100000e-02  -3.2242918e+02   1.2894428e+02   1.9897315e+02
   3.5200000e-02  -3.2426012e+02   1.1991007e+02   2.0544308e+02
   3.5300000e-02  -3.2572484e+02   1.1124207e+02   2.1435441e+02
   3.5400000e-02  -3.2670128e+02   1.0074301e+02   2.2448646e+02
   3.5500000e-02  -3.2694530e+02   9.1098430e+01   2.3266538e+02
   3.5600000e-02  -3.2670104e+02   7.9378652e+01   2.3913532e+02
   3.5700000e-02  -3.2621263e+02   6.7414728e+01   2.4523906e+02
   3.5800000e-02  -3.2474766e+02   5.8136345e+01   2.5231936e+02
   3.5900000e-02  -3.2206199e+02   4.8980027e+01   2.5988794e+02
   3.6000000e-02  -3.1681283e+02   3.8847140e+01   2.6696825e+02
   3.6100000e-02  -3.1388301e+02   2.9690811e+01   2.7148508e+02
   3.6200000e-02  -3.0900006e+02   1.9802054e+01   2.7600192e+02
   3.6300000e-02  -3.0509368e+02   9.1808694e+00   2.8259395e+02
   3.6400000e-02  -3.0106522e+02  -9.5203957e-01   2.8808736e+02
   3.6500000e-02  -2.9520570e+02  -8.2773370e+00   2.9040693e+02
   3.6600000e-02  -2.8836962e+02  -1.6457132e+01   2.9345894e+02
   3.6700000e-02  -2.8434115e+02  -2.5125214e+01   2.9773165e+02
   3.6800000e-02  -2.7982439e+02  -3.4891935e+01   3.0224850e+02
   3.6900000e-02  -2.7494143e+02  -4.4902802e+01   3.0664328e+02
   3.7000000e-02  -2.7018052e+02  -5.4059182e+01   3.0920701e+02
   3.7100000e-02  -2.6517548e+02  -6.2605216e+01   3.1274730e+02
   3.7200000e-02  -2.5846145e+02  -7.2249888e+01   3.1726416e+02
   3.7300000e-02  -2.5406675e+02  -8.3359410e+01   3.2141480e+02
   3.7400000e-02  -2.1134196e+02  -9.1905460e+01   3.0066311e+02
   3.7500000e-02  -2.2574608e+02  -9.9474954e+01   3.0041923e+02
   3.7600000e-02  -2.0584844e+02  -1.0545754e+02   3.0127398e+02
   3.7700000e-02  -2.0011095e+02  -1.1803192e+02   3.0054181e+02
   3.7800000e-02  -2.0316251e+02  -1.2950768e+02   3.0688973e+02
   3.7900000e-02  -1.8839181e+02  -1.3841997e+02   3.1274937e+02
   3.8000000e-02  -1.8680470e+02  -1.5123851e+02   3.1091857e+02
   3.8100000e-02  -1.7496367e+02  -1.5831976e+02   3.1384852e+02
   3.8200000e-02  -1.7056893e+02  -1.6564514e+02   3.1372671e+02
   3.8300000e-02  -1.5994860e+02  -1.7309261e+02   3.1677873e+02
   3.8400000e-02  -1.5616420e+02  -1.8139457e+02   3.1836590e+02
   3.8500000e-02  -1.4883976e+02  -1.8981860e+02   3.1909858e+02
   3.8600000e-02  -1.4041668e+02  -1.9982955e+02   3.1824435e+02
   3.8700000e-02  -1.3065082e+02  -2.0923016e+02   3.1775632e+02
   3.8800000e-02  -1.2161738e+02  -2.1704386e+02   3.1739037e+02
   3.8900000e-02  -1.1258393e+02  -2.2522377e+02   3.1751269e+02
   3.9000000e-02  -1.0184150e+02  -2.3230505e+02   3.1580396e+02
   3.9100000e-02  -9.4394951e+01  -2.4133946e+02   3.1275245e+02
   3.9200000e-02  -8.1333168e+01  -2.4964145e+02   3.1018922e+02
   3.9300000e-02  -7.0712785e+01  -2.5769931e+02   3.0689357e+02
   3.9400000e-02  -4.6176381e+01  -2.6905307e+02   3.0371999e+02
   3.9500000e-02  -4.0682941e+01  -2.8150546e+02   2.9847121e+02
   3.9600000e-02  -2.3959026e+01  -2.8846470e+02   2.9407692e+02
   3.9700000e-02  -1.1873778e+01  -2.9408116e+02   2.8956055e+02
   3.9800000e-02  -4.7934069e+00  -2.9786657e+02   2.8406763e+02
   3.9900000e-02   7.6580632e+00  -3.0152991e+02   2.7942919e+02
   4.0000000e-02   1.4250164e+01  -3.0592568e+02   2.7234934e+02
   4.0100000e-02   2.6579574e+01  -3.0971110e+02   2.6819917e+02
   4.0200000e-02   3.6955866e+01  -3.1642621e+02   2.6331658e+02
   4.0300000e-02   4.4036264e+01  -3.2045577e+02   2.5818985e+02
   4.0400000e-02   5.3313933e+01  -3.2338670e+02   2.5086585e+02
   4.0500000e-02   6.3690240e+01  -3.2839283e+02   2.4537289e+02
   4.0600000e-02   7.4066552e+01  -3.3254447e+02   2.4036822e+02
   4.0700000e-02   8.6884276e+01  -3.3571955e+02   2.3560768e+02
   4.0800000e-02   9.6039896e+01  -3.3962705e+02   2.2779538e+02
   4.0900000e-02   1.0470724e+02  -3.4219178e+02   2.1998308e+02
   4.1000000e-02   1.1276424e+02  -3.4414616e+02   2.1363561e+02
   4.1100000e-02   1.2277436e+02  -3.4585640e+02   2.0728815e+02
   4.1200000e-02   1.3400520e+02  -3.4756663e+02   1.9898755e+02
   4.1300000e-02   1.4352705e+02  -3.4695754e+02   1.8873382e+02
   4.1400000e-02   1.5219442e+02  -3.4695879e+02   1.7860216e+02
   4.1500000e-02   1.6037351e+02  -3.4744833e+02   1.6908085e+02
   4.1600000e-02   1.6830847e+02  -3.4696130e+02   1.6200093e+02
   4.1700000e-02   1.7673171e+02  -3.4488736e+02   1.5382238e+02
   4.1800000e-02   1.8723015e+02  -3.4513275e+02   1.4503347e+02
   4.1900000e-02   1.9479891e+02  -3.4562229e+02   1.3416937e+02
   4.2000000e-02   2.0297803e+02  -3.4403663e+02   1.2428182e+02
   4.2100000e-02   2.1201164e+02  -3.4123026e+02   1.1585910e+02
   4.2200000e-02   2.1958041e+02  -3.3891217e+02   1.0719225e+02
   4.2300000e-02   2.2751539e+02  -3.3671616e+02   9.6328119e+01
   4.2400000e-02   2.3557245e+02  -3.3378772e+02   8.4365353e+01
   4.2500000e-02   2.4326330e+02  -3.2976064e+02   7.3623284e+01
   4.2600000e-02   2.4948931e+02  -3.2548942e+02   6.3735703e+01
   4.2700000e-02   2.6804443e+02  -3.2024164e+02   4.6523897e+01
   4.2800000e-02   2.6963178e+02  -3.1499385e+02   3.1021071e+01
   4.2900000e-02   2.8159510e+02  -3.0767087e+02   1.9180348e+01
   4.3000000e-02   2.8806527e+02  -3.0193480e+02   7.0954793e+00
   4.3100000e-02   2.9014091e+02  -2.9595459e+02  -3.7686916e+00
   4.3200000e-02   2.9514623e+02  -2.9046265e+02  -1.2923883e+01
   4.3300000e-02   2.9844258e+02  -2.8460450e+02  -2.3543924e+01
   4.3400000e-02   3.0137271e+02  -2.7825807e+02  -3.3187408e+01
   4.3500000e-02   3.0650012e+02  -2.7203370e+02  -4.2342616e+01
   4.3600000e-02   3.1028475e+02  -2.6678589e+02  -5.1864040e+01
   4.3700000e-02   2.9710161e+02  -2.3163085e+02  -5.9676485e+01
   4.3800000e-02   3.0149660e+02  -2.2906858e+02  -7.2005537e+01
   4.3900000e-02   2.8465136e+02  -2.2089108e+02  -8.2991821e+01
   4.4000000e-02   2.9795748e+02  -2.0953974e+02  -9.2024985e+01
   4.4100000e-02   2.8880267e+02  -2.0551261e+02  -1.0667339e+02
   4.4200000e-02   3.0540469e+02  -1.9916615e+02  -1.1289894e+02
   4.4300000e-02   3.0503895e+02  -1.9208726e+02  -1.2217626e+02
   4.4400000e-02   3.0943394e+02  -1.8329938e+02  -1.3218601e+02
   4.4500000e-02   3.1175374e+02  -1.7475564e+02  -1.4243990e+02
   4.4600000e-02   3.1163214e+02  -1.6804294e+02  -1.5342622e+02
   4.4700000e-02   3.1529471e+02  -1.5925505e+02  -1.6099457e+02
   4.4800000e-02   3.1810279e+02  -1.4973473e+02  -1.6892914e+02
   4.4900000e-02   3.2054467e+02  -1.3386675e+02  -1.7832856e+02
   4.5000000e-02   3.2078927e+02  -1.3398998e+02  -1.8870455e+02
   4.5100000e-02   3.2164423e+02  -1.3032902e+02  -1.9517429e+02
   4.5200000e-02   3.2359782e+02  -1.1885556e+02  -2.0457372e+02
   4.5300000e-02   3.2518520e+02  -1.1006764e+02  -2.1482764e+02
   4.5400000e-02   3.2640636e+02  -1.0127971e+02  -2.2251810e+02
   4.5500000e-02   3.2677304e+02  -9.0416584e+01  -2.2898785e+02
   4.5600000e-02   3.2640729e+02  -8.0041734e+01  -2.3741074e+02
   4.5700000e-02   3.2604154e+02  -6.7591683e+01  -2.4327015e+02
   4.5800000e-02   3.2482129e+02  -5.8437526e+01  -2.5157097e+02
   4.5900000e-02   3.2213620e+02  -4.8917152e+01  -2.5755246e+02
   4.6000000e-02   3.1444623e+02  -3.9030562e+01  -2.6390016e+02
   4.6100000e-02   3.1212734e+02  -2.9266038e+01  -2.6988165e+02
   4.6200000e-02   3.0809948e+02  -2.0233930e+01  -2.7683971e+02
   4.6300000e-02   3.0236262e+02  -8.6383397e+00  -2.8111223e+02
   4.6400000e-02   3.0065408e+02   2.3469039e+00  -2.8575096e+02
   4.6500000e-02   2.9308617e+02   1.0280395e+01  -2.8990141e+02
   4.6600000e-02   2.8808172e+02   1.6504907e+01  -2.9161045e+02
   4.6700000e-02   2.8332142e+02   2.5903252e+01  -2.9746989e+02
   4.6800000e-02   2.7795076e+02   3.6888516e+01  -3.0430590e+02
   4.6900000e-02   2.7245803e+02   4.7629645e+01  -3.0381768e+02
   4.7000000e-02   2.6965084e+02   5.5563162e+01  -3.0723572e+02
   4.7100000e-02   2.6342568e+02   6.3984965e+01  -3.1285103e+02
   4.7200000e-02   2.5817708e+02   7.1674352e+01  -3.1736770e+02
   4.7300000e-02   2.3205445e+02   8.2781712e+01  -2.8758262e+02
   4.7400000e-02   2.3547283e+02   9.2546304e+01  -3.0174285e+02
   4.7500000e-02   2.0678672e+02   1.0060192e+02  -2.9808082e+02
   4.7600000e-02   2.1069338e+02   1.0963410e+02  -2.9856918e+02
   4.7700000e-02   1.9763226e+02   1.1793386e+02  -3.0748039e+02
   4.7800000e-02   2.0153891e+02   1.3026195e+02  -3.0833496e+02
   4.7900000e-02   1.9250610e+02   1.3953828e+02  -3.1065438e+02
   4.8000000e-02   1.8518227e+02   1.5223259e+02  -3.1224137e+02
   4.8100000e-02   1.7688187e+02   1.6395034e+02  -3.1175317e+02
   4.8200000e-02   1.6699456e+02   1.7200598e+02  -3.1565949e+02
   4.8300000e-02   1.6223419e+02   1.7871886e+02  -3.1785684e+02
   4.8400000e-02   1.5600898e+02   1.8787315e+02  -3.1846727e+02
   4.8500000e-02   1.4660993e+02   1.9702744e+02  -3.1846734e+02
   4.8600000e-02   1.3879779e+02   2.0520517e+02  -3.1968812e+02
   4.8700000e-02   1.2830010e+02   2.1509189e+02  -3.1944406e+02
   4.8800000e-02   1.2134245e+02   2.2558896e+02  -3.1883378e+02
   4.8900000e-02   1.1206545e+02   2.3315636e+02  -3.1712487e+02
   4.9000000e-02   1.0352087e+02   2.4047961e+02  -3.1553803e+02
   4.9100000e-02   9.1070033e+01   2.4841322e+02  -3.1321876e+02
   4.9200000e-02   8.0816458e+01   2.5707926e+02  -3.1065535e+02
   4.9300000e-02   6.9098034e+01   2.6574530e+02  -3.0674917e+02
   4.9400000e-02   4.5782926e+01   2.7819552e+02  -3.0394162e+02
   4.9500000e-02   4.0900429e+01   2.8869262e+02  -2.9820438e+02
   4.9600000e-02   2.1979841e+01   2.9601589e+02  -2.9503061e+02
   4.9700000e-02   1.0505537e+01   3.0236260e+02  -2.8941543e+02
   4.9800000e-02   3.1816182e+00   3.0785483e+02  -2.8514302e+02
   4.9900000e-02  -9.1471886e+00   3.0919666e+02  -2.7940577e+02
   5.0000000e-02  -1.4517993e+01   3.1420061e+02  -2.7330230e+02
   5.0100000e-02  -2.8433724e+01   3.1896042e+02  -2.6951817e+02
   5.0200000e-02  -3.7710789e+01   3.2323195e+02  -2.6451333e+02
   5.0300000e-02  -4.4180242e+01   3.2811383e+02  -2.5804364e+02
   5.0400000e-02  -5.4678020e+01   3.3336193e+02  -2.5279466e+02
   5.0500000e-02  -6.5664085e+01   3.3690104e+02  -2.4693531e+02
   5.0600000e-02  -7.7138436e+01   3.4068429e+02  -2.4205253e+02
   5.0700000e-02  -8.8368652e+01   3.4507790e+02  -2.3594904e+02
   5.0800000e-02  -9.6058833e+01   3.4849495e+02  -2.2947933e+02
   5.0900000e-02  -1.0594628e+02   3.4983680e+02  -2.2239927e+02
   5.1000000e-02  -1.1449097e+02   3.5044622e+02  -2.1495300e+02
   5.1100000e-02  -1.2633156e+02   3.4971288e+02  -2.0750672e+02
   5.1200000e-02  -1.3475418e+02   3.5142094e+02  -1.9981629e+02
   5.1300000e-02  -1.4317681e+02   3.5264072e+02  -1.8956238e+02
   5.1400000e-02  -1.5330842e+02   3.5251773e+02  -1.8052918e+02
   5.1500000e-02  -1.6295176e+02   3.5166232e+02  -1.7210631e+02
   5.1600000e-02  -1.6954335e+02   3.5178346e+02  -1.6404966e+02
   5.1700000e-02  -1.8028533e+02   3.5153840e+02  -1.5550472e+02
   5.1800000e-02  -1.8675485e+02   3.5202575e+02  -1.4671563e+02
   5.1900000e-02  -1.9725270e+02   3.5117033e+02  -1.3707205e+02
   5.2000000e-02  -2.0543122e+02   3.5092527e+02  -1.2681811e+02
   5.2100000e-02  -2.1434216e+02   3.4884914e+02  -1.1693037e+02
   5.2200000e-02  -2.2264276e+02   3.4665095e+02  -1.0740885e+02
   5.2300000e-02  -2.2972265e+02   3.4408654e+02  -9.8497665e+01
   5.2400000e-02  -2.3912189e+02   3.4103384e+02  -8.8365775e+01
   5.2500000e-02  -2.4534730e+02   3.3676045e+02  -7.6158684e+01
   5.2600000e-02  -2.5169479e+02   3.3199876e+02  -6.4439869e+01
   5.2700000e-02  -2.6780790e+02   3.2699294e+02  -4.1368510e+01
   5.2800000e-02  -2.6902844e+02   3.2101055e+02  -3.5020779e+01
   5.2900000e-02  -2.8709468e+02   3.1441781e+02  -2.1592964e+01
   5.3000000e-02  -2.8660624e+02   3.0941197e+02  -6.7002998e+00
   5.3100000e-02  -2.9478479e+02   3.0159852e+02   2.9433462e+00
   5.3200000e-02  -2.9710397e+02   2.9500577e+02   1.1610435e+01
   5.3300000e-02  -2.9917902e+02   2.9024407e+02   2.2230654e+01
   5.3400000e-02  -3.0601480e+02   2.8413959e+02   3.1508105e+01
   5.3500000e-02  -3.1065333e+02   2.7779096e+02   4.3715249e+01
   5.3600000e-02  -3.1504771e+02   2.7144234e+02   5.2992710e+01
   5.3700000e-02  -3.0503780e+02   2.3921480e+02   6.1781896e+01
   5.3800000e-02  -2.9783551e+02   2.3445308e+02   7.3378703e+01
   5.3900000e-02  -2.8404143e+02   2.2444233e+02   8.2412040e+01
   5.4000000e-02  -3.0381668e+02   2.1052533e+02   9.1445381e+01
   5.4100000e-02  -2.9197572e+02   2.0625187e+02   1.0682638e+02
   5.4200000e-02  -3.1016406e+02   2.0026943e+02   1.1317419e+02
   5.4300000e-02  -3.0625767e+02   1.9611804e+02   1.2464895e+02
   5.4400000e-02  -3.0979757e+02   1.8671762e+02   1.3429266e+02
   5.4500000e-02  -3.1480232e+02   1.7695099e+02   1.4344810e+02
   5.4600000e-02  -3.1468011e+02   1.6901540e+02   1.5492288e+02
   5.4700000e-02  -3.1712138e+02   1.6046946e+02   1.6322383e+02
   5.4800000e-02  -3.1846402e+02   1.5180144e+02   1.7079237e+02
   5.4900000e-02  -3.1931837e+02   1.4410998e+02   1.7958161e+02
   5.5000000e-02  -3.2017273e+02   1.3739508e+02   1.8800465e+02
   5.5100000e-02  -3.2200365e+02   1.2872705e+02   1.9740425e+02
   5.5200000e-02  -3.2395664e+02   1.1993694e+02   2.0485073e+02
   5.5300000e-02  -3.2554341e+02   1.1151304e+02   2.1412827e+02
   5.5400000e-02  -3.2651983e+02   1.0138015e+02   2.2377203e+02
   5.5500000e-02  -3.2639762e+02   9.1369319e+01   2.3158474e+02
   5.5600000e-02  -3.2590920e+02   7.8917080e+01   2.3829881e+02
   5.5700000e-02  -3.2542078e+02   6.6831046e+01   2.4415840e+02
   5.5800000e-02  -3.2419993e+02   5.7918835e+01   2.5197112e+02
   5.5900000e-02  -3.2175838e+02   4.8640408e+01   2.6015005e+02
   5.6000000e-02  -3.1687541e+02   3.8751624e+01   2.6759656e+02
   5.6100000e-02  -3.1345730e+02   2.9229044e+01   2.7174717e+02
   5.6200000e-02  -3.0857433e+02   1.9584390e+01   2.7614193e+02
   5.6300000e-02  -3.0466792e+02   8.3528149e+00   2.8261189e+02
   5.6400000e-02  -3.0027324e+02  -1.4139214e+00   2.8834943e+02
   5.6500000e-02  -2.9600061e+02  -9.3496087e+00   2.9176763e+02
   5.6600000e-02  -2.8684518e+02  -1.6064598e+01   2.9201201e+02
   5.6700000e-02  -2.8464774e+02  -2.4976859e+01   2.9726128e+02
   5.6800000e-02  -2.7842199e+02  -3.4987758e+01   3.0214433e+02
   5.6900000e-02  -2.7512592e+02  -4.5120733e+01   3.0592876e+02
   5.7000000e-02  -2.6938844e+02  -5.5253713e+01   3.0959111e+02
   5.7100000e-02  -2.6401716e+02  -6.3311504e+01   3.1300933e+02
   5.7200000e-02  -2.5852382e+02  -7.2712073e+01   3.1679375e+02
   5.7300000e-02  -2.5327460e+02  -8.4187843e+01   3.2216510e+02
   5.7400000e-02  -2.1201465e+02  -9.2367720e+01   3.0361066e+02
   5.7500000e-02  -2.2116973e+02  -1.0005932e+02   2.9823982e+02
   5.7600000e-02  -2.0761972e+02  -1.0714057e+02   3.0080355e+02
   5.7700000e-02  -1.9870838e+02  -1.1873844e+02   3.0202450e+02
   5.7800000e-02  -2.0298064e+02  -1.3058044e+02   3.0666343e+02
   5.7900000e-02  -1.8845406e+02  -1.3937070e+02   3.1337755e+02
   5.8000000e-02  -1.8503587e+02  -1.5218927e+02   3.1142468e+02
   5.8100000e-02  -1.7453760e+02  -1.5988091e+02   3.1423255e+02
   5.8200000e-02  -1.6855593e+02  -1.6696219e+02   3.1459901e+02
   5.8300000e-02  -1.6513773e+02  -1.7343313e+02   3.1520962e+02
   5.8400000e-02  -1.5158769e+02  -1.8002614e+02   3.1765128e+02
   5.8500000e-02  -1.5036675e+02  -1.9137990e+02   3.1801774e+02
   5.8600000e-02  -1.3681670e+02  -1.9907155e+02   3.1777385e+02
   5.8700000e-02  -1.3120121e+02  -2.0932668e+02   3.1691961e+02
   5.8800000e-02  -1.2070291e+02  -2.1762870e+02   3.1801849e+02
   5.8900000e-02  -1.1215772e+02  -2.2507622e+02   3.1728631e+02
   5.9000000e-02  -1.0202562e+02  -2.3227961e+02   3.1484515e+02
   5.9100000e-02  -9.3236288e+01  -2.4131406e+02   3.1277020e+02
   5.9200000e-02  -8.1151050e+01  -2.4973815e+02   3.0898626e+02
   5.9300000e-02  -6.9554088e+01  -2.5852847e+02   3.0654510e+02
   5.9400000e-02  -4.5750089e+01  -2.7012640e+02   3.0337151e+02
   5.9500000e-02  -3.9157999e+01  -2.8221262e+02   2.9824479e+02
   5.9600000e-02  -2.3166489e+01  -2.8892775e+02   2.9336221e+02
   5.9700000e-02  -1.0959154e+01  -2.9454424e+02   2.8933412e+02
   5.9800000e-02  -4.8553287e+00  -2.9759727e+02   2.8286462e+02
   5.9900000e-02   8.2065096e+00  -3.0150479e+02   2.8005723e+02
   6.0000000e-02   1.4676556e+01  -3.0590059e+02   2.7126839e+02
   6.0100000e-02   2.7860476e+01  -3.1151710e+02   2.6785064e+02
   6.0200000e-02   3.6771940e+01  -3.1676739e+02   2.6272390e+02
   6.0300000e-02   4.4584776e+01  -3.2030871e+02   2.5808544e+02
   6.0400000e-02   5.4716954e+01  -3.2409417e+02   2.5039522e+02
   6.0500000e-02   6.4116715e+01  -3.2897826e+02   2.4539054e+02
   6.0600000e-02   7.4493044e+01  -3.3264165e+02   2.3989758e+02
   6.0700000e-02   8.7066643e+01  -3.3654919e+02   2.3550325e+02
   6.0800000e-02   9.6710561e+01  -3.3960223e+02   2.2695852e+02
   6.0900000e-02   1.0440136e+02  -3.4241113e+02   2.2012277e+02
   6.1000000e-02   1.1306872e+02  -3.4448761e+02   2.1328702e+02
   6.1100000e-02   1.2307887e+02  -3.4631995e+02   2.0706161e+02
   6.1200000e-02   1.3394351e+02  -3.4790816e+02   1.9876101e+02
   6.1300000e-02   1.4383159e+02  -3.4742116e+02   1.8887348e+02
   6.1400000e-02   1.5274311e+02  -3.4754452e+02   1.7849767e+02
   6.1500000e-02   1.6031187e+02  -3.4803409e+02   1.6946463e+02
   6.1600000e-02   1.6971169e+02  -3.4803537e+02   1.6153022e+02
   6.1700000e-02   1.7642596e+02  -3.4596147e+02   1.5457236e+02
   6.1800000e-02   1.8619199e+02  -3.4449791e+02   1.4419654e+02
   6.1900000e-02   1.9424905e+02  -3.4474333e+02   1.3418691e+02
   6.2000000e-02   2.0169576e+02  -3.4266942e+02   1.2454350e+02
   6.2100000e-02   2.1072938e+02  -3.4120586e+02   1.1612078e+02
   6.2200000e-02   2.1915266e+02  -3.3852160e+02   1.0720977e+02
   6.2300000e-02   2.2672145e+02  -3.3669182e+02   9.7200127e+01
   6.2400000e-02   2.3429024e+02  -3.3315306e+02   8.4993213e+01
   6.2500000e-02   2.4234732e+02  -3.2949223e+02   7.4251137e+01
   6.2600000e-02   2.4820714e+02  -3.2448862e+02   6.3509056e+01
   6.2700000e-02   2.6786090e+02  -3.2033950e+02   4.6541383e+01
   6.2800000e-02   2.6871585e+02  -3.1472554e+02   3.1282690e+01
   6.2900000e-02   2.8177782e+02  -3.0789086e+02   1.9686100e+01
   6.3000000e-02   2.8739351e+02  -3.0154447e+02   6.3805207e+00
   6.3100000e-02   2.9032365e+02  -2.9568636e+02  -3.7512360e+00
   6.3200000e-02   2.9545106e+02  -2.9043860e+02  -1.4615420e+01
   6.3300000e-02   2.9642809e+02  -2.8372598e+02  -2.2549922e+01
   6.3400000e-02   3.0045687e+02  -2.7701337e+02  -3.2559624e+01
   6.3500000e-02   3.0765949e+02  -2.7213181e+02  -4.4400387e+01
   6.3600000e-02   3.0778203e+02  -2.6578539e+02  -5.2456975e+01
   6.3700000e-02   3.0070242e+02  -2.3392628e+02  -5.9537006e+01
   6.3800000e-02   2.9850563e+02  -2.2880057e+02  -7.4063331e+01
   6.3900000e-02   2.8703149e+02  -2.1989067e+02  -8.2242005e+01
   6.4000000e-02   2.9630931e+02  -2.0902764e+02  -9.2862090e+01
   6.4100000e-02   2.8861935e+02  -2.0451227e+02  -1.0751050e+02
   6.4200000e-02   3.0485518e+02  -1.9755548e+02  -1.1349193e+02
   6.4300000e-02   3.0387910e+02  -1.9169732e+02  -1.2301339e+02
   6.4400000e-02   3.0912860e+02  -1.8217705e+02  -1.3314522e+02
   6.4500000e-02   3.1169256e+02  -1.7363334e+02  -1.4327705e+02
   6.4600000e-02   3.1157097e+02  -1.6631032e+02  -1.5438544e+02
   6.4700000e-02   3.1608805e+02  -1.5801074e+02  -1.6244209e+02
   6.4800000e-02   3.1816372e+02  -1.4922287e+02  -1.7074287e+02
   6.4900000e-02   3.2011733e+02  -1.4177777e+02  -1.8124093e+02
   6.5000000e-02   3.2097230e+02  -1.3469888e+02  -1.8941966e+02
   6.5100000e-02   3.2182727e+02  -1.2713170e+02  -1.9552320e+02
   6.5200000e-02   3.2329260e+02  -1.1846588e+02  -2.0541092e+02
   6.5300000e-02   3.2475792e+02  -1.0992213e+02  -2.1432208e+02
   6.5400000e-02   3.2561289e+02  -1.0003560e+02  -2.2189047e+02
   6.5500000e-02   3.2597958e+02  -8.9782854e+01  -2.2921472e+02
   6.5600000e-02   3.2561384e+02  -7.8797680e+01  -2.3702726e+02
   6.5700000e-02   3.2549225e+02  -6.7080079e+01  -2.4325289e+02
   6.5800000e-02   3.2427202e+02  -5.8048020e+01  -2.5143165e+02
   6.5900000e-02   3.2146487e+02  -4.8893885e+01  -2.5753522e+02
   6.6000000e-02   3.1340870e+02  -3.8763182e+01  -2.6376086e+02
   6.6100000e-02   3.1218846e+02  -2.8876615e+01  -2.7035271e+02
   6.6200000e-02   3.0681783e+02  -1.9112113e+01  -2.7657836e+02
   6.6300000e-02   3.0242377e+02  -8.2489721e+00  -2.8109502e+02
   6.6400000e-02   2.9912833e+02   2.1258926e+00  -2.8585583e+02
   6.6500000e-02   2.9168250e+02   9.4490048e+00  -2.8829730e+02
   6.6600000e-02   2.8777670e+02   1.7992825e+01  -2.9232569e+02
   6.6700000e-02   2.8277227e+02   2.6414581e+01  -2.9757479e+02
   6.6800000e-02   2.7630299e+02   3.7766029e+01  -3.0294596e+02
   6.6900000e-02   2.7264133e+02   4.7896780e+01  -3.0392260e+02
   6.7000000e-02   2.6861345e+02   5.4731637e+01  -3.0709650e+02
   6.7100000e-02   2.6275452e+02   6.4129976e+01  -3.1185732e+02
   6.7200000e-02   2.5677351e+02   7.3040039e+01  -3.1637401e+02
   6.7300000e-02   2.3162746e+02   8.2194248e+01  -2.8671100e+02
   6.7400000e-02   2.3382515e+02   9.1836743e+01  -3.0026089e+02
   6.7500000e-02   2.0599354e+02   9.9892329e+01  -2.9733129e+02
   6.7600000e-02   2.0977814e+02   1.0941276e+02  -2.9757551e+02
   6.7700000e-02   1.9720532e+02   1.1734629e+02  -3.0660880e+02
   6.7800000e-02   2.0111198e+02   1.2979642e+02  -3.0709717e+02
   6.7900000e-02   1.9232332e+02   1.3895066e+02  -3.1002695e+02
   6.8000000e-02   1.8451123e+02   1.5237736e+02  -3.1234637e+02
   6.8100000e-02   1.7669913e+02   1.6458337e+02  -3.1259060e+02
   6.8200000e-02   1.6668976e+02   1.7166243e+02  -3.1588658e+02
   6.8300000e-02   1.6424874e+02   1.7507938e+02  -3.1698530e+02
   6.8400000e-02   1.5484971e+02   1.8826196e+02  -3.1832816e+02
   6.8500000e-02   1.4703759e+02   1.9399826e+02  -3.1808410e+02
   6.8600000e-02   1.3898132e+02   2.0229803e+02  -3.1832833e+02
   6.8700000e-02   1.2653052e+02   2.1462614e+02  -3.1906083e+02
   6.8800000e-02   1.2225843e+02   2.2524526e+02  -3.1784021e+02
   6.8900000e-02   1.1115039e+02   2.3183606e+02  -3.1686373e+02
   6.9000000e-02   1.0394860e+02   2.4025792e+02  -3.1515483e+02
   6.9100000e-02   9.1741915e+01   2.4770323e+02  -3.1332385e+02
   6.9200000e-02   8.1000073e+01   2.5624717e+02  -3.1088252e+02
   6.9300000e-02   6.9892014e+01   2.6564561e+02  -3.0673221e+02
   6.9400000e-02   4.5966567e+01   2.7748545e+02  -3.0404673e+02
   6.9500000e-02   4.1206154e+01   2.8822667e+02  -2.9806536e+02
   6.9600000e-02   2.2285579e+01   2.9530578e+02  -2.9513574e+02
   6.9700000e-02   1.0567148e+01   3.0140832e+02  -2.8952057e+02
   6.9800000e-02   3.8535937e+00   3.0616810e+02  -2.8463782e+02
   6.9900000e-02  -9.0855515e+00   3.1019546e+02  -2.7999921e+02
   7.0000000e-02  -1.3968061e+01   3.1446696e+02  -2.7255297e+02
   7.0100000e-02  -2.8616202e+01   3.1776191e+02  -2.6937920e+02
   7.0200000e-02  -3.6672550e+01   3.2325412e+02  -2.6498472e+02
   7.0300000e-02  -4.4484763e+01   3.2752562e+02  -2.5814883e+02
   7.0400000e-02  -5.4372177e+01   3.3326198e+02  -2.5277778e+02
   7.0500000e-02  -6.4503736e+01   3.3655692e+02  -2.4691845e+02
   7.0600000e-02  -7.7320848e+01   3.4009602e+02  -2.4252395e+02
   7.0700000e-02  -8.7818628e+01   3.4473374e+02  -2.3581012e+02
   7.0800000e-02  -9.5997078e+01   3.4815076e+02  -2.2995077e+02
   7.0900000e-02  -1.0503003e+02   3.4912638e+02  -2.2262658e+02
   7.1000000e-02  -1.1369677e+02   3.4985785e+02  -2.1566859e+02
   7.1100000e-02  -1.2565941e+02   3.4888035e+02  -2.0797818e+02
   7.1200000e-02  -1.3383788e+02   3.5071046e+02  -2.0077604e+02
   7.1300000e-02  -1.4274878e+02   3.5180814e+02  -1.9027801e+02
   7.1400000e-02  -1.5361280e+02   3.5241755e+02  -1.8148895e+02
   7.1500000e-02  -1.6337820e+02   3.5192833e+02  -1.7294402e+02
   7.1600000e-02  -1.7009184e+02   3.5241566e+02  -1.6500945e+02
   7.1700000e-02  -1.8034553e+02   3.5229264e+02  -1.5646452e+02
   7.1800000e-02  -1.8681504e+02   3.5253584e+02  -1.4791958e+02
   7.1900000e-02  -1.9645839e+02   3.5107005e+02  -1.3803186e+02
   7.2000000e-02  -2.0512517e+02   3.5155738e+02  -1.2851035e+02
   7.2100000e-02  -2.1330368e+02   3.4935916e+02  -1.1801228e+02
   7.2200000e-02  -2.2136012e+02   3.4630645e+02  -1.0910111e+02
   7.2300000e-02  -2.2819587e+02   3.4313167e+02  -9.9823724e+01
   7.2400000e-02  -2.3735095e+02   3.4056724e+02  -9.0058053e+01
   7.2500000e-02  -2.4369842e+02   3.3653796e+02  -7.7728900e+01
   7.2600000e-02  -2.5114452e+02   3.3263075e+02  -6.6376305e+01
   7.2700000e-02  -2.6396172e+02   3.2725869e+02  -4.4037376e+01
   7.2800000e-02  -2.6945471e+02   3.2152042e+02  -3.7445513e+01
   7.2900000e-02  -2.8568989e+02   3.1504973e+02  -2.2674933e+01
   7.3000000e-02  -2.8544557e+02   3.0967766e+02  -9.0029802e+00
   7.3100000e-02  -2.9460068e+02   3.0125384e+02   1.2510088e+00
   7.3200000e-02  -2.9533293e+02   2.9588177e+02   1.1016722e+01
   7.3300000e-02  -3.0253492e+02   2.8904485e+02   2.2369354e+01
   7.3400000e-02  -3.0351132e+02   2.8416106e+02   3.2379219e+01
   7.3500000e-02  -3.0876018e+02   2.7720206e+02   4.2144948e+01
   7.3600000e-02  -3.1571803e+02   2.7134170e+02   5.2521034e+01
   7.3700000e-02  -2.9496592e+02   2.3337683e+02   6.1066070e+01
   7.3800000e-02  -3.0399897e+02   2.3459654e+02   7.0709744e+01
   7.3900000e-02  -2.8092753e+02   2.2458577e+02   8.3527252e+01
   7.4000000e-02  -3.0338831e+02   2.0883769e+02   9.0607460e+01
   7.4100000e-02  -2.9398875e+02   2.0602906e+02   1.0611052e+02
   7.4200000e-02  -3.0717219e+02   2.0151145e+02   1.1392316e+02
   7.4300000e-02  -3.0851481e+02   1.9455242e+02   1.2381100e+02
   7.4400000e-02  -3.0814845e+02   1.8661682e+02   1.3418713e+02
   7.4500000e-02  -3.1498424e+02   1.7648396e+02   1.4309842e+02
   7.4600000e-02  -3.1400753e+02   1.6915871e+02   1.5445112e+02
   7.4700000e-02  -3.1681500e+02   1.6012447e+02   1.6348448e+02
   7.4800000e-02  -3.1876798e+02   1.5133436e+02   1.7141922e+02
   7.4900000e-02  -3.2023268e+02   1.4327667e+02   1.8179537e+02
   7.5000000e-02  -3.2133116e+02   1.3729417e+02   1.8985219e+02
   7.5100000e-02  -3.2279586e+02   1.2887026e+02   1.9766487e+02
   7.5200000e-02  -3.2474883e+02   1.1995806e+02   2.0608791e+02
   7.5300000e-02  -3.2596939e+02   1.1080172e+02   2.1438888e+02
   7.5400000e-02  -3.2694580e+02   1.0152330e+02   2.2391055e+02
   7.5500000e-02  -3.2694565e+02   9.0902106e+01   2.3257774e+02
   7.5600000e-02  -3.2670135e+02   7.8571920e+01   2.3904767e+02
   7.5700000e-02  -3.2596878e+02   6.6241728e+01   2.4429690e+02
   7.5800000e-02  -3.2474792e+02   5.7939851e+01   2.5223168e+02
   7.5900000e-02  -3.2218428e+02   4.8661406e+01   2.5992232e+02
   7.6000000e-02  -3.1705717e+02   3.8528463e+01   2.6773503e+02
   7.6100000e-02  -3.1327283e+02   2.9005867e+01   2.7188564e+02
   7.6200000e-02  -3.0973263e+02   1.9361195e+01   2.7640246e+02
   7.6300000e-02  -3.0423929e+02   8.0075327e+00   2.8275034e+02
   7.6400000e-02  -3.0118737e+02  -1.3930098e+00   2.8860994e+02
   7.6500000e-02  -2.9532782e+02  -9.6949249e+00   2.9251642e+02
   7.6600000e-02  -2.8727101e+02  -1.6287861e+01   2.9300493e+02
   7.6700000e-02  -2.8446321e+02  -2.5810490e+01   2.9764383e+02
   7.6800000e-02  -2.7994643e+02  -3.5821406e+01   3.0362551e+02
   7.6900000e-02  -2.7445308e+02  -4.5588186e+01   3.0655544e+02
   7.7000000e-02  -2.7066871e+02  -5.4988761e+01   3.0985157e+02
   7.7100000e-02  -2.6432087e+02  -6.3412779e+01   3.1339185e+02
   7.7200000e-02  -2.5870544e+02  -7.2935435e+01   3.1705420e+02
   7.7300000e-02  -2.5272380e+02  -8.4167080e+01   3.2108276e+02
   7.7400000e-02  -2.1353902e+02  -9.1736621e+01   3.0484765e+02
   7.7500000e-02  -2.1720093e+02  -1.0052687e+02   2.9642504e+02
   7.7600000e-02  -2.1012064e+02  -1.0785228e+02   3.0094189e+02
   7.7700000e-02  -1.9034503e+02  -1.1725289e+02   3.0387182e+02
   7.7800000e-02  -2.0963192e+02  -1.3104804e+02   3.0521484e+02
   7.7900000e-02  -1.8949010e+02  -1.3861761e+02   3.1339380e+02
   7.8000000e-02  -1.8253186e+02  -1.5143620e+02   3.1205127e+02
   7.8100000e-02  -1.7911366e+02  -1.6010441e+02   3.1327222e+02
   7.8200000e-02  -1.6531948e+02  -1.6645329e+02   3.1608008e+02
   7.8300000e-02  -1.6800479e+02  -1.7487736e+02   3.1534790e+02
   7.8400000e-02  -1.5201333e+02  -1.8037176e+02   3.1937647e+02
   7.8500000e-02  -1.5042616e+02  -1.9160346e+02   3.1925464e+02
   7.8600000e-02  -1.3968372e+02  -1.9990548e+02   3.1901074e+02
   7.8700000e-02  -1.2967369e+02  -2.0918406e+02   3.1840063e+02
   7.8800000e-02  -1.2381405e+02  -2.1809644e+02   3.1815673e+02
   7.8900000e-02  -1.1099640e+02  -2.2468949e+02   3.1766869e+02
   7.9000000e-02  -1.0354983e+02  -2.3238117e+02   3.1522752e+02
   7.9100000e-02  -9.3539783e+01  -2.4129357e+02   3.1339670e+02
   7.9200000e-02  -8.1576605e+01  -2.4996182e+02   3.1058932e+02
   7.9300000e-02  -7.0956195e+01  -2.5850801e+02   3.0729365e+02
   7.9400000e-02  -4.5809413e+01  -2.6986181e+02   3.0436419e+02
   7.9500000e-02  -4.1170438e+01  -2.8219218e+02   2.9887126e+02
   7.9600000e-02  -2.3958215e+01  -2.8890733e+02   2.9508730e+02
   7.9700000e-02  -1.1995010e+01  -2.9440177e+02   2.9020471e+02
   7.9800000e-02  -4.4263313e+00  -2.9940793e+02   2.8495591e+02
   7.9900000e-02   6.9265326e+00  -3.0160648e+02   2.7946296e+02
   8.0000000e-02   1.4739363e+01  -3.0649057e+02   2.7274931e+02
   8.0100000e-02   2.6214308e+01  -3.1125260e+02   2.6847706e+02
   8.0200000e-02   3.7200977e+01  -3.1662498e+02   2.6347238e+02
   8.0300000e-02   4.3793120e+01  -3.2126495e+02   2.5846770e+02
   8.0400000e-02   5.4169448e+01  -3.2480628e+02   2.5102161e+02
   8.0500000e-02   6.4423711e+01  -3.2895796e+02   2.4577279e+02
   8.0600000e-02   7.3701417e+01  -3.3310965e+02   2.4052395e+02
   8.0700000e-02   8.7129519e+01  -3.3701719e+02   2.3600754e+02
   8.0800000e-02   9.6529305e+01  -3.4007025e+02   2.2734073e+02
   8.0900000e-02   1.0434218e+02  -3.4287916e+02   2.2050498e+02
   8.1000000e-02   1.1337577e+02  -3.4495566e+02   2.1354715e+02
   8.1100000e-02   1.2277557e+02  -3.4691008e+02   2.0732173e+02
   8.1200000e-02   1.3437264e+02  -3.4801001e+02   1.9889905e+02
   8.1300000e-02   1.4377245e+02  -3.4813338e+02   1.8913359e+02
   8.1400000e-02   1.5243985e+02  -3.4776847e+02   1.7863570e+02
   8.1500000e-02   1.6061896e+02  -3.4850219e+02   1.6960265e+02
   8.1600000e-02   1.6989672e+02  -3.4911384e+02   1.6166823e+02
   8.1700000e-02   1.7734342e+02  -3.4703994e+02   1.5446622e+02
   8.1800000e-02   1.8637705e+02  -3.4508812e+02   1.4457867e+02
   8.1900000e-02   1.9553274e+02  -3.4582183e+02   1.3444697e+02
   8.2000000e-02   2.0322360e+02  -3.4435829e+02   1.2431526e+02
   8.2100000e-02   2.1176895e+02  -3.4204024e+02   1.1613667e+02
   8.2200000e-02   2.2068052e+02  -3.3911185e+02   1.0673738e+02
   8.2300000e-02   2.2751690e+02  -3.3703794e+02   9.6361514e+01
   8.2400000e-02   2.3508570e+02  -3.3349919e+02   8.4398732e+01
   8.2500000e-02   2.4302072e+02  -3.2983837e+02   7.3778718e+01
   8.2600000e-02   2.4900262e+02  -3.2495684e+02   6.3158698e+01
   8.2700000e-02   2.6853432e+02  -3.2080774e+02   4.6435158e+01
   8.2800000e-02   2.6987755e+02  -3.1519378e+02   3.0932315e+01
   8.2900000e-02   2.8196297e+02  -3.0872533e+02   1.9213647e+01
   8.3000000e-02   2.8831109e+02  -3.0189067e+02   6.5184103e+00
   8.3100000e-02   2.9026468e+02  -2.9627671e+02  -3.6133549e+00
   8.3200000e-02   2.9551418e+02  -2.9029653e+02  -1.3989266e+01
   8.3300000e-02   2.9673535e+02  -2.8517084e+02  -2.2900339e+01
   8.3400000e-02   3.0137450e+02  -2.7784789e+02  -3.3032120e+01
   8.3500000e-02   3.0821091e+02  -2.7260012e+02  -4.4140470e+01
   8.3600000e-02   3.0821139e+02  -2.6661993e+02  -5.2197066e+01
   8.3700000e-02   2.9307515e+02  -2.3012216e+02  -5.9032965e+01
   8.3800000e-02   3.0442817e+02  -2.2878063e+02  -7.2460666e+01
   8.3900000e-02   2.8196771e+02  -2.2109145e+02  -8.3569037e+01
   8.4000000e-02   2.9771527e+02  -2.0827530e+02  -9.1503584e+01
   8.4100000e-02   2.8990325e+02  -2.0607927e+02  -1.0664028e+02
   8.4200000e-02   3.0369768e+02  -1.9912250e+02  -1.1335414e+02
   8.4300000e-02   3.0650579e+02  -1.9204364e+02  -1.2189905e+02
   8.4400000e-02   3.0797112e+02  -1.8313373e+02  -1.3276331e+02
   8.4500000e-02   3.1273235e+02  -1.7507831e+02  -1.4216272e+02
   8.4600000e-02   3.1114592e+02  -1.6738909e+02  -1.5375941e+02
   8.4700000e-02   3.1676165e+02  -1.5896745e+02  -1.6120571e+02
   8.4800000e-02   3.1920354e+02  -1.4529678e+02  -1.6914030e+02
   8.4900000e-02   3.2054680e+02  -1.4114758e+02  -1.8098114e+02
   8.5000000e-02   3.2127971e+02  -1.3760874e+02  -1.9025851e+02
   8.5100000e-02   3.2225676e+02  -1.2857672e+02  -1.9538549e+02
   8.5200000e-02   3.2384417e+02  -1.1722537e+02  -2.0539529e+02
   8.5300000e-02   3.2543157e+02  -1.1063475e+02  -2.1467267e+02
   8.5400000e-02   3.2640862e+02  -1.0111443e+02  -2.2175279e+02
   8.5500000e-02   3.2701945e+02  -9.0495484e+01  -2.2968740e+02
   8.5600000e-02   3.2665373e+02  -7.8777896e+01  -2.3774409e+02
   8.5700000e-02   3.2641007e+02  -6.7914795e+01  -2.4384766e+02
   8.5800000e-02   3.2494571e+02  -5.8394462e+01  -2.5166022e+02
   8.5900000e-02   3.2189443e+02  -4.9240334e+01  -2.5764172e+02
   8.6000000e-02   3.1359412e+02  -3.9109638e+01  -2.6374530e+02
   8.6100000e-02   3.1261804e+02  -2.8734797e+01  -2.7009302e+02
   8.6200000e-02   3.0675913e+02  -1.9092371e+01  -2.7656282e+02
   8.6300000e-02   3.0382992e+02  -8.7175188e+00  -2.8120156e+02
   8.6400000e-02   2.9931379e+02   2.0235501e+00  -2.8608445e+02
   8.6500000e-02   2.9467558e+02   1.0201148e+01  -2.9072320e+02
   8.6600000e-02   2.8613112e+02   1.7280118e+01  -2.9096742e+02
   8.6700000e-02   2.8454467e+02   2.6190149e+01  -2.9804758e+02
   8.6800000e-02   2.7612227e+02   3.6442958e+01  -3.0341875e+02
   8.6900000e-02   2.7331511e+02   4.5963351e+01  -3.0390712e+02
   8.7000000e-02   2.6892103e+02   5.5117538e+01  -3.0732518e+02
   8.7100000e-02   2.6355038e+02   6.3905520e+01  -3.1281843e+02
   8.7200000e-02   2.5732524e+02   7.2327296e+01  -3.1611442e+02
   8.7300000e-02   2.2155908e+02   8.3068413e+01  -2.8730591e+02
   8.7400000e-02   2.3681830e+02   9.3443324e+01  -2.9817027e+02
   8.7500000e-02   2.0715565e+02   9.7470585e+01  -2.9926899e+02
   8.7600000e-02   2.0813264e+02   1.0906621e+02  -2.9780424e+02
   8.7700000e-02   2.0178541e+02   1.1907493e+02  -3.0769203e+02
   8.7800000e-02   1.9897821e+02   1.2969400e+02  -3.0988939e+02
   8.7900000e-02   1.9592687e+02   1.3933651e+02  -3.0952328e+02
   8.8000000e-02   1.8298783e+02   1.5142044e+02  -3.1257513e+02
   8.8100000e-02   1.7859370e+02   1.6399265e+02  -3.1306351e+02
   8.8200000e-02   1.6736364e+02   1.7058342e+02  -3.1587122e+02
   8.8300000e-02   1.6370192e+02   1.7631970e+02  -3.1733616e+02
   8.8400000e-02   1.5613396e+02   1.8754916e+02  -3.1831282e+02
   8.8500000e-02   1.4758942e+02   1.9438408e+02  -3.1916740e+02
   8.8600000e-02   1.3831246e+02   2.0329420e+02  -3.1941164e+02
   8.8700000e-02   1.2842514e+02   2.1525609e+02  -3.2038829e+02
   8.8800000e-02   1.2158958e+02   2.2502072e+02  -3.1867940e+02
   8.8900000e-02   1.1255674e+02   2.3246601e+02  -3.1770293e+02
   8.9000000e-02   1.0315769e+02   2.4052166e+02  -3.1538368e+02
   8.9100000e-02   9.2293792e+01   2.4833317e+02  -3.1367479e+02
   8.9200000e-02   8.0575394e+01   2.5651089e+02  -3.1062311e+02
   8.9300000e-02   6.9955624e+01   2.6603140e+02  -3.0744937e+02
   8.9400000e-02   4.5419832e+01   2.7762710e+02  -3.0427562e+02
   8.9500000e-02   4.1635989e+01   2.8849038e+02  -2.9878254e+02
   8.9600000e-02   2.2227140e+01   2.9532535e+02  -2.9512051e+02
   8.9700000e-02   1.1485278e+01   3.0179410e+02  -2.8999363e+02
   8.9800000e-02   3.3068874e+00   3.0667595e+02  -2.8523296e+02
   8.9900000e-02  -8.5336181e+00   3.0875018e+02  -2.7961779e+02
   9.0000000e-02  -1.4880965e+01   3.1387617e+02  -2.7327020e+02
   9.0100000e-02  -2.7698043e+01   3.1839181e+02  -2.6985230e+02
   9.0200000e-02  -3.7219229e+01   3.2229711e+02  -2.6472540e+02
   9.0300000e-02  -4.3566591e+01   3.2778931e+02  -2.5886609e+02
   9.0400000e-02  -5.4308490e+01   3.3340359e+02  -2.5288469e+02
   9.0500000e-02  -6.4928324e+01   3.3657647e+02  -2.4726951e+02
   9.0600000e-02  -7.6890937e+01   3.3974935e+02  -2.4226467e+02
   9.0700000e-02  -8.7876992e+01   3.4450914e+02  -2.3640534e+02
   9.0800000e-02  -9.5445084e+01   3.4792616e+02  -2.2969151e+02
   9.0900000e-02  -1.0484424e+02   3.4939005e+02  -2.2273354e+02
   9.1000000e-02  -1.1387718e+02   3.5024360e+02  -2.1540935e+02
   9.1100000e-02  -1.2522947e+02   3.4951023e+02  -2.0808516e+02
   9.1200000e-02  -1.3426242e+02   3.5072999e+02  -2.0027268e+02
   9.1300000e-02  -1.4268503e+02   3.5182767e+02  -1.9026293e+02
   9.1400000e-02  -1.5281663e+02   3.5219294e+02  -1.8086353e+02
   9.1500000e-02  -1.6307030e+02   3.5170371e+02  -1.7305104e+02
   9.1600000e-02  -1.6978394e+02   3.5133655e+02  -1.6438405e+02
   9.1700000e-02  -1.8015969e+02   3.5157975e+02  -1.5620534e+02
   9.1800000e-02  -1.8662919e+02   3.5218915e+02  -1.4729420e+02
   9.1900000e-02  -1.9663874e+02   3.5108957e+02  -1.3789477e+02
   9.2000000e-02  -2.0567173e+02   3.5096655e+02  -1.2812913e+02
   9.2100000e-02  -2.1348402e+02   3.4925661e+02  -1.1763106e+02
   9.2200000e-02  -2.2166253e+02   3.4632597e+02  -1.0810955e+02
   9.2300000e-02  -2.2886448e+02   3.4327326e+02  -9.9442530e+01
   9.2400000e-02  -2.3740920e+02   3.4022054e+02  -8.8944447e+01
   9.2500000e-02  -2.4461116e+02   3.3619127e+02  -7.6859444e+01
   9.2600000e-02  -2.5120277e+02   3.3191784e+02  -6.5140647e+01
   9.2700000e-02  -2.6548480e+02   3.2666786e+02  -4.2679657e+01
   9.2800000e-02  -2.6914673e+02   3.2092959e+02  -3.6331943e+01
   9.2900000e-02  -2.8660260e+02   3.1458096e+02  -2.2415865e+01
   9.3000000e-02  -2.8562586e+02   3.0945304e+02  -8.0114997e+00
   9.3100000e-02  -2.9368233e+02   3.0017472e+02   1.0217770e+00
   9.3200000e-02  -2.9478079e+02   2.9504679e+02   1.1031622e+01
   9.3300000e-02  -3.0076206e+02   2.8967472e+02   2.2750456e+01
   9.3400000e-02  -3.0552264e+02   2.8344815e+02   3.1661678e+01
   9.3500000e-02  -3.0857423e+02   2.7734365e+02   4.2648101e+01
   9.3600000e-02  -3.1638657e+02   2.7172743e+02   5.3268318e+01
   9.3700000e-02  -2.9636687e+02   2.3351842e+02   6.1325064e+01
   9.3800000e-02  -3.0320265e+02   2.3449399e+02   7.1457010e+01
   9.3900000e-02  -2.8147398e+02   2.2460529e+02   8.3786227e+01
   9.4000000e-02  -3.0308026e+02   2.0861308e+02   9.0622285e+01
   9.4100000e-02  -2.9404690e+02   2.0568238e+02   1.0588120e+02
   9.4200000e-02  -3.0747448e+02   2.0116476e+02   1.1381590e+02
   9.4300000e-02  -3.0845089e+02   1.9481609e+02   1.2382580e+02
   9.4400000e-02  -3.0771831e+02   1.8663635e+02   1.3395778e+02
   9.4500000e-02  -3.1516445e+02   1.7613728e+02   1.4286906e+02
   9.4600000e-02  -3.1333324e+02   1.6893410e+02   1.5446589e+02
   9.4700000e-02  -3.1650692e+02   1.5965572e+02   1.6227854e+02
   9.4800000e-02  -3.1821575e+02   1.5147596e+02   1.7045741e+02
   9.4900000e-02  -3.1968044e+02   1.4293000e+02   1.8071148e+02
   9.5000000e-02  -3.2077892e+02   1.3694750e+02   1.8913450e+02
   9.5100000e-02  -3.2236568e+02   1.2888980e+02   1.9621475e+02
   9.5200000e-02  -3.2431865e+02   1.1973347e+02   2.0585848e+02
   9.5300000e-02  -3.2553920e+02   1.1045506e+02   2.1440358e+02
   9.5400000e-02  -3.2639354e+02   1.0154285e+02   2.2343697e+02
   9.5500000e-02  -3.2663752e+02   9.1043728e+01   2.3222622e+02
   9.5600000e-02  -3.2639322e+02   7.7981122e+01   2.3894028e+02
   9.5700000e-02  -3.2578271e+02   6.5773003e+01   2.4418950e+02
   9.5800000e-02  -3.2260872e+02   6.2231871e+01   2.4870629e+02
   9.5900000e-02  -3.1821403e+02   5.4662413e+01   2.5578657e+02
   9.6000000e-02  -3.2102148e+02   3.8914239e+01   2.6665104e+02
   9.6100000e-02  -3.1320881e+02   2.7682662e+01   2.7226648e+02
   9.6200000e-02  -3.0918032e+02   1.9746977e+01   2.7580673e+02
   9.6300000e-02  -3.0490769e+02   8.8815996e+00   2.8117804e+02
   9.6400000e-02  -2.9404326e+02   3.3555272e-01   2.8825833e+02
   9.6500000e-02  -3.0087902e+02  -1.0285695e+01   2.9167652e+02
   9.6600000e-02  -2.8854974e+02  -1.6146206e+01   2.9338572e+02
   9.6700000e-02  -2.8171362e+02  -2.6035042e+01   2.9741426e+02
   9.6800000e-02  -2.7768512e+02  -3.2627985e+01   2.9985590e+02
   9.6900000e-02  -2.7536559e+02  -4.4225817e+01   3.0412858e+02
   9.7000000e-02  -2.7243571e+02  -5.5335372e+01   3.0937783e+02
   9.7100000e-02  -2.6181540e+02  -6.3637315e+01   3.1291810e+02
   9.7200000e-02  -2.6047243e+02  -7.2671686e+01   3.1609216e+02
   9.7300000e-02  -2.4985211e+02  -8.3292975e+01   3.1975450e+02
   9.7400000e-02  -2.1506186e+02  -9.1350793e+01   3.0412974e+02
   9.7500000e-02  -2.1530579e+02  -1.0038518e+02   2.9485263e+02
   9.7600000e-02  -2.0993448e+02  -1.0795473e+02   3.0034603e+02
   9.7700000e-02  -1.9736102e+02  -1.1845397e+02   3.0303181e+02
   9.7800000e-02  -2.0444088e+02  -1.3066219e+02   3.0547345e+02
   9.7900000e-02  -1.8857151e+02  -1.3933039e+02   3.1206548e+02
   9.8000000e-02  -1.8490917e+02  -1.5141656e+02   3.1145537e+02
   9.8100000e-02  -1.7489917e+02  -1.5910820e+02   3.1267631e+02
   9.8200000e-02  -1.6586572e+02  -1.6545707e+02   3.1462967e+02
   9.8300000e-02  -1.6513306e+02  -1.7339286e+02   3.1499611e+02
   9.8400000e-02  -1.5451269e+02  -1.8071830e+02   3.1829225e+02
   9.8500000e-02  -1.4731029e+02  -1.9133965e+02   3.1829248e+02
   9.8600000e-02  -1.4303756e+02  -2.0098444e+02   3.1780443e+02
   9.8700000e-02  -1.2655781e+02  -2.0928645e+02   3.1756053e+02
   9.8800000e-02  -1.2362785e+02  -2.1844297e+02   3.1719455e+02
   9.8900000e-02  -1.1093226e+02  -2.2503601e+02   3.1707270e+02
   9.9000000e-02  -1.0189878e+02  -2.3272769e+02   3.1536395e+02
   9.9100000e-02  -9.3597711e+01  -2.4176214e+02   3.1243449e+02
   9.9200000e-02  -8.0657967e+01  -2.5043039e+02   3.1035952e+02
   9.9300000e-02  -6.9915484e+01  -2.5897657e+02   3.0620935e+02
   9.9400000e-02  -4.5989401e+01  -2.7020830e+02   3.0401230e+02
   9.9500000e-02  -3.9031086e+01  -2.8217246e+02   2.9790901e+02
   9.9600000e-02  -2.4504407e+01  -2.8913173e+02   2.9436918e+02
   9.9700000e-02  -1.0710144e+01  -2.9438203e+02   2.8973072e+02
   9.9800000e-02  -5.9490789e+00  -2.9767920e+02   2.8362742e+02
   9.9900000e-02   8.9438274e+00  -3.0244122e+02   2.7972138e+02
   1.0000000e-01   1.3338692e+01  -3.0683703e+02   2.7166494e+02
   1.0010000e-01   2.7010906e+01  -3.1013420e+02   2.6800303e+02
   1.0020000e-01   3.7021016e+01  -3.1721556e+02   2.6373077e+02
   1.0030000e-01   4.4345584e+01  -3.2051275e+02   2.5799366e+02
   1.0040000e-01   5.3867423e+01  -3.2442028e+02   2.5140205e+02
   1.0050000e-01   6.4121689e+01  -3.2893817e+02   2.4529873e+02
   1.0060000e-01   7.4009750e+01  -3.3296778e+02   2.4029403e+02
   1.0070000e-01   8.6949573e+01  -3.3614289e+02   2.3541140e+02
   1.0080000e-01   9.6227292e+01  -3.4017250e+02   2.2772114e+02
   1.0090000e-01   1.0440638e+02  -3.4249313e+02   2.1990881e+02
   1.0100000e-01   1.1246341e+02  -3.4517997e+02   2.1392754e+02
   1.0110000e-01   1.2283978e+02  -3.4689025e+02   2.0696969e+02
   1.0120000e-01   1.3407064e+02  -3.4799017e+02   1.9940149e+02
   1.0130000e-01   1.4347045e+02  -3.4799146e+02   1.8878153e+02
   1.0140000e-01   1.5238199e+02  -3.4738240e+02   1.7889398e+02
   1.0150000e-01   1.5958455e+02  -3.4823819e+02   1.6973885e+02
   1.0160000e-01   1.6654297e+02  -3.4714084e+02   1.6265892e+02
   1.0170000e-01   1.7569866e+02  -3.4409038e+02   1.5448034e+02
   1.0180000e-01   1.8522057e+02  -3.4470202e+02   1.4556934e+02
   1.0190000e-01   1.9339971e+02  -3.4519159e+02   1.3507142e+02
   1.0200000e-01   2.0243334e+02  -3.4446045e+02   1.2518384e+02
   1.0210000e-01   2.1146698e+02  -3.4226447e+02   1.1700525e+02
   1.0220000e-01   2.1927992e+02  -3.3982435e+02   1.0846044e+02
   1.0230000e-01   2.2648251e+02  -3.3726216e+02   9.7352142e+01
   1.0240000e-01   2.3502787e+02  -3.3396754e+02   8.5755562e+01
   1.0250000e-01   2.4162012e+02  -3.2981843e+02   7.4281048e+01
   1.0260000e-01   2.4906686e+02  -3.2542517e+02   6.4149301e+01
   1.0270000e-01   2.6725580e+02  -3.2103191e+02   4.5960908e+01
   1.0280000e-01   2.6847696e+02  -3.1529588e+02   3.2533252e+01
   1.0290000e-01   2.8166101e+02  -3.0846121e+02   1.9838012e+01
   1.0300000e-01   2.8727671e+02  -3.0272517e+02   7.1427675e+00
   1.0310000e-01   2.9008480e+02  -2.9637878e+02  -2.9890062e+00
   1.0320000e-01   2.9313703e+02  -2.9015445e+02  -1.1900082e+01
   1.0330000e-01   2.9875274e+02  -2.8515083e+02  -2.2276007e+01
   1.0340000e-01   2.9960770e+02  -2.7856028e+02  -3.2774008e+01
   1.0350000e-01   3.0681033e+02  -2.7233595e+02  -4.3027874e+01
   1.0360000e-01   3.0913014e+02  -2.6721024e+02  -5.1816901e+01
   1.0370000e-01   2.8959938e+02  -2.3034625e+02  -5.8652808e+01
   1.0380000e-01   3.0607935e+02  -2.2863850e+02  -7.1348096e+01
   1.0390000e-01   2.8081128e+02  -2.2107138e+02  -8.4287529e+01
   1.0400000e-01   2.9765747e+02  -2.0837729e+02  -9.1001382e+01
   1.0410000e-01   2.8911303e+02  -2.0630332e+02  -1.0601602e+02
   1.0420000e-01   3.0363989e+02  -1.9971275e+02  -1.1309609e+02
   1.0430000e-01   3.0644799e+02  -1.9190146e+02  -1.2176309e+02
   1.0440000e-01   3.0827954e+02  -1.8347982e+02  -1.3238321e+02
   1.0450000e-01   3.1218628e+02  -1.7518025e+02  -1.4202677e+02
   1.0460000e-01   3.1133228e+02  -1.6785723e+02  -1.5337933e+02
   1.0470000e-01   3.1584937e+02  -1.5931351e+02  -1.6119185e+02
   1.0480000e-01   3.1926783e+02  -1.4564283e+02  -1.6888230e+02
   1.0490000e-01   3.2097730e+02  -1.3392526e+02  -1.7950245e+02
   1.0500000e-01   3.2146608e+02  -1.3514715e+02  -1.9122123e+02
   1.0510000e-01   3.2244313e+02  -1.3063173e+02  -1.9610408e+02
   1.0520000e-01   3.2378639e+02  -1.1915829e+02  -2.0342834e+02
   1.0530000e-01   3.2500758e+02  -1.1024832e+02  -2.1331608e+02
   1.0540000e-01   3.2586256e+02  -1.0170456e+02  -2.2088449e+02
   1.0550000e-01   3.2622926e+02  -9.1207672e+01  -2.2808669e+02
   1.0560000e-01   3.2610768e+02  -7.9001792e+01  -2.3675374e+02
   1.0570000e-01   3.2598609e+02  -6.8260750e+01  -2.4346767e+02
   1.0580000e-01   3.2501001e+02  -5.9350757e+01  -2.5103610e+02
   1.0590000e-01   3.2256908e+02  -5.0684900e+01  -2.5775003e+02
   1.0600000e-01   3.1463499e+02  -3.9943842e+01  -2.6385362e+02
   1.0610000e-01   3.1231613e+02  -2.9935200e+01  -2.7020135e+02
   1.0620000e-01   3.0706759e+02  -1.9072060e+01  -2.7593873e+02
   1.0630000e-01   3.0340595e+02  -8.6971963e+00  -2.8069955e+02
   1.0640000e-01   2.9950017e+02   1.5556027e+00  -2.8558245e+02
   1.0650000e-01   2.9364126e+02   9.0007901e+00  -2.8875636e+02
   1.0660000e-01   2.8802649e+02   2.4136413e+01  -2.9144199e+02
   1.0670000e-01   2.8155723e+02   2.8896064e+01  -2.9840009e+02
   1.0680000e-01   2.7801764e+02   3.3533651e+01  -3.0255057e+02
   1.0690000e-01   2.7264701e+02   4.5129251e+01  -3.0499207e+02
   1.0700000e-01   2.6837500e+02   5.5748293e+01  -3.0755565e+02
   1.0710000e-01   2.6446920e+02   6.3803865e+01  -3.1231648e+02
   1.0720000e-01   2.5629093e+02   7.1615301e+01  -3.1646697e+02
   1.0730000e-01   2.3248766e+02   8.1990219e+01  -2.8655985e+02
   1.0740000e-01   2.3383087e+02   9.1510651e+01  -3.0072010e+02
   1.0750000e-01   2.0734205e+02   9.8711751e+01  -2.9840087e+02
   1.0760000e-01   2.0941767e+02   1.0945290e+02  -2.9803476e+02
   1.0770000e-01   1.9867591e+02   1.1799678e+02  -3.0743428e+02
   1.0780000e-01   2.0111774e+02   1.2873794e+02  -3.0780059e+02
   1.0790000e-01   1.9403807e+02   1.3764804e+02  -3.1024210e+02
   1.0800000e-01   1.8415079e+02   1.5131889e+02  -3.1207326e+02
   1.0810000e-01   1.7829182e+02   1.6340284e+02  -3.1231751e+02
   1.0820000e-01   1.6645140e+02   1.7133639e+02  -3.1597972e+02
   1.0830000e-01   1.6388833e+02   1.7963616e+02  -3.1781088e+02
   1.0840000e-01   1.5546587e+02   1.8854629e+02  -3.1805512e+02
   1.0850000e-01   1.4875239e+02   1.9538123e+02  -3.1878765e+02
   1.0860000e-01   1.3862094e+02   2.0307067e+02  -3.1866568e+02
   1.0870000e-01   1.2934397e+02   2.1368979e+02  -3.1915406e+02
   1.0880000e-01   1.2214220e+02   2.2369857e+02  -3.1781139e+02
   1.0890000e-01   1.1286522e+02   2.3163216e+02  -3.1756734e+02
   1.0900000e-01   1.0432066e+02   2.3956575e+02  -3.1537018e+02
   1.0910000e-01   9.2968481e+01   2.4737727e+02  -3.1414957e+02
   1.0920000e-01   8.1005943e+01   2.5567708e+02  -3.1048755e+02
   1.0930000e-01   7.0996525e+01   2.6507553e+02  -3.0731382e+02
   1.0940000e-01   4.5362101e+01   2.7703745e+02  -3.0365180e+02
   1.0950000e-01   4.2554821e+01   2.8777868e+02  -2.9852493e+02
   1.0960000e-01   2.1681129e+01   2.9461366e+02  -2.9498498e+02
   1.0970000e-01   1.2159970e+01   3.0132657e+02  -2.9022432e+02
   1.0980000e-01   3.3712282e+00   3.0633050e+02  -2.8485331e+02
   1.0990000e-01  -6.8823628e+00   3.0840474e+02  -2.7984850e+02
   1.1000000e-01  -1.3962131e+01   3.1231005e+02  -2.7264643e+02
   1.1010000e-01  -2.8244053e+01   3.1890090e+02  -2.6983888e+02
   1.1020000e-01  -3.6178324e+01   3.2207378e+02  -2.6422371e+02
   1.1030000e-01  -4.3502249e+01   3.2719979e+02  -2.5909683e+02
   1.1040000e-01  -5.4366218e+01   3.3318030e+02  -2.5287130e+02
   1.1050000e-01  -6.4741911e+01   3.3647526e+02  -2.4774441e+02
   1.1060000e-01  -7.6704524e+01   3.3903780e+02  -2.4188509e+02
   1.1070000e-01  -8.7202298e+01   3.4416382e+02  -2.3663611e+02
   1.1080000e-01  -9.5258670e+01   3.4733671e+02  -2.2931194e+02
   1.1090000e-01  -1.0429161e+02   3.4916683e+02  -2.2320847e+02
   1.1100000e-01  -1.1381284e+02   3.4953211e+02  -2.1515187e+02
   1.1110000e-01  -1.2528719e+02   3.4916497e+02  -2.0868217e+02
   1.1120000e-01  -1.3407601e+02   3.4989646e+02  -2.0013728e+02
   1.1130000e-01  -1.4274276e+02   3.5184865e+02  -1.9061582e+02
   1.1140000e-01  -1.5336264e+02   3.5184772e+02  -1.8060608e+02
   1.1150000e-01  -1.6288389e+02   3.5172472e+02  -1.7303774e+02
   1.1160000e-01  -1.7118444e+02   3.5135758e+02  -1.6388247e+02
   1.1170000e-01  -1.7997328e+02   3.5233321e+02  -1.5631412e+02
   1.1180000e-01  -1.8619864e+02   3.5172192e+02  -1.4703678e+02
   1.1190000e-01  -1.9584198e+02   3.5062235e+02  -1.3812564e+02
   1.1200000e-01  -2.0487497e+02   3.4952279e+02  -1.2799380e+02
   1.1210000e-01  -2.1268726e+02   3.4866736e+02  -1.1786195e+02
   1.1220000e-01  -2.2135405e+02   3.4549259e+02  -1.0785217e+02
   1.1230000e-01  -2.2855600e+02   3.4329439e+02  -9.9795505e+01
   1.1240000e-01  -2.3746693e+02   3.3999755e+02  -8.9175359e+01
   1.1250000e-01  -2.4454682e+02   3.3633450e+02  -7.7578646e+01
   1.1260000e-01  -2.5089428e+02   3.3145074e+02  -6.5249506e+01
   1.1270000e-01  -2.6505425e+02   3.2668905e+02  -4.3276806e+01
   1.1280000e-01  -2.6908239e+02   3.2009631e+02  -3.6074608e+01
   1.1290000e-01  -2.8604999e+02   3.1423598e+02  -2.2402678e+01
   1.1300000e-01  -2.8543946e+02   3.0874186e+02  -7.8762509e+00
   1.1310000e-01  -2.9508284e+02   3.0117254e+02   1.7673691e+00
   1.1320000e-01  -2.9557095e+02   2.9421358e+02   1.1166854e+01
   1.1330000e-01  -2.9947703e+02   2.8981808e+02   2.2397399e+01
   1.1340000e-01  -3.0533623e+02   2.8322532e+02   3.1674824e+01
   1.1350000e-01  -3.0924232e+02   2.7712083e+02   4.1562605e+01
   1.1360000e-01  -3.1522360e+02   2.7126048e+02   5.2915236e+01
   1.1370000e-01  -3.0594610e+02   2.3952123e+02   6.1338185e+01
   1.1380000e-01  -2.9605824e+02   2.3427122e+02   7.1836334e+01
   1.1390000e-01  -2.8421726e+02   2.2365012e+02   8.1846207e+01
   1.1400000e-01  -3.0338214e+02   2.1022140e+02   9.0879522e+01
   1.1410000e-01  -2.9129703e+02   2.0607001e+02   1.0589429e+02
   1.1420000e-01  -3.0985156e+02   1.9984343e+02   1.1297449e+02
   1.1430000e-01  -3.0570102e+02   1.9569204e+02   1.2396094e+02
   1.1440000e-01  -3.0899676e+02   1.8653576e+02   1.3311635e+02
   1.1450000e-01  -3.1473391e+02   1.7676912e+02   1.4263797e+02
   1.1460000e-01  -3.1375720e+02   1.6871147e+02   1.5435686e+02
   1.1470000e-01  -3.1693088e+02   1.5979931e+02   1.6241365e+02
   1.1480000e-01  -3.1851764e+02   1.5137544e+02   1.7095872e+02
   1.1490000e-01  -3.2010440e+02   1.4319570e+02   1.8121278e+02
   1.1500000e-01  -3.2132495e+02   1.3684701e+02   1.8939165e+02
   1.1510000e-01  -3.2266757e+02   1.2927761e+02   1.9683811e+02
   1.1520000e-01  -3.2437641e+02   1.1999922e+02   2.0599355e+02
   1.1530000e-01  -3.2571903e+02   1.1084290e+02   2.1368415e+02
   1.1540000e-01  -3.2596301e+02   1.0180864e+02   2.2222925e+02
   1.1550000e-01  -3.2596286e+02   9.1309535e+01   2.3138470e+02
   1.1560000e-01  -3.2584063e+02   7.8246947e+01   2.3822082e+02
   1.1570000e-01  -3.2547426e+02   6.6527127e+01   2.4395831e+02
   1.1580000e-01  -3.2486375e+02   5.7859060e+01   2.5213721e+02
   1.1590000e-01  -3.2315460e+02   4.8824777e+01   2.5970577e+02
   1.1600000e-01  -3.1753921e+02   3.8935996e+01   2.6678604e+02
   1.1610000e-01  -3.1375486e+02   2.9413421e+01   2.7130284e+02
   1.1620000e-01  -3.0765118e+02   2.0257052e+01   2.7581965e+02
   1.1630000e-01  -3.0398890e+02   9.1475520e+00   2.8143508e+02
   1.1640000e-01  -3.0081490e+02  -4.9710924e-01   2.8814916e+02
   1.1650000e-01  -2.9593191e+02  -9.5314242e+00   2.9278804e+02
   1.1660000e-01  -2.8799716e+02  -1.6612619e+01   2.9242204e+02
   1.1670000e-01  -2.8433487e+02  -2.5769015e+01   2.9706093e+02
   1.1680000e-01  -2.7981809e+02  -3.6146120e+01   3.0182189e+02
   1.1690000e-01  -2.7371439e+02  -4.5302526e+01   3.0499593e+02
   1.1700000e-01  -2.7115072e+02  -5.4214797e+01   3.0890240e+02
   1.1710000e-01  -2.6370424e+02  -6.3127073e+01   3.1268681e+02
   1.1720000e-01  -2.5869916e+02  -7.2649705e+01   3.1659328e+02
   1.1730000e-01  -2.5113060e+02  -8.3637187e+01   3.1854663e+02
   1.1740000e-01  -2.1621828e+02  -9.0962564e+01   3.0463084e+02
   1.1750000e-01  -2.1316632e+02  -1.0048521e+02   2.9462130e+02
   1.1760000e-01  -2.1206747e+02  -1.0842095e+02   3.0048090e+02
   1.1770000e-01  -1.9680847e+02  -1.1818775e+02   3.0438738e+02
   1.1780000e-01  -2.0510903e+02  -1.3100631e+02   3.0573038e+02
   1.1790000e-01  -1.8887345e+02  -1.3967448e+02   3.1268861e+02
   1.1800000e-01  -1.8472283e+02  -1.5188270e+02   3.1232263e+02
   1.1810000e-01  -1.7593353e+02  -1.6067296e+02   3.1342149e+02
   1.1820000e-01  -1.6519111e+02  -1.6689974e+02   3.1635141e+02
   1.1830000e-01  -1.6689985e+02  -1.7532379e+02   3.1659577e+02
   1.1840000e-01  -1.5469257e+02  -1.8191679e+02   3.1964776e+02
   1.1850000e-01  -1.4822259e+02  -1.9168363e+02   3.1879349e+02
   1.1860000e-01  -1.4236295e+02  -2.0132839e+02   3.1842751e+02
   1.1870000e-01  -1.2649355e+02  -2.0975246e+02   3.1854980e+02
   1.1880000e-01  -1.2417395e+02  -2.1842067e+02   3.1720725e+02
   1.1890000e-01  -1.1062387e+02  -2.2501370e+02   3.1757368e+02
   1.1900000e-01  -1.0268902e+02  -2.3307157e+02   3.1537664e+02
   1.1910000e-01  -9.3777604e+01  -2.4186186e+02   3.1256924e+02
   1.1920000e-01  -8.1082003e+01  -2.5065216e+02   3.1086047e+02
   1.1930000e-01  -7.0461592e+01  -2.5932039e+02   3.0683236e+02
   1.1940000e-01  -4.6169300e+01  -2.7030796e+02   3.0463531e+02
   1.1950000e-01  -3.9699269e+01  -2.8239416e+02   2.9853200e+02
   1.1960000e-01  -2.4562241e+01  -2.8923135e+02   2.9499217e+02
   1.1970000e-01  -1.0890050e+01  -2.9460369e+02   2.8998749e+02
   1.1980000e-01  -5.0303549e+00  -3.0034225e+02   2.8498281e+02
   1.1990000e-01   7.7873537e+00  -3.0241870e+02   2.7912364e+02
   1.2000000e-01   1.3647060e+01  -3.0693655e+02   2.7265411e+02
   1.2010000e-01   2.6586849e+01  -3.1072199e+02   2.6862598e+02
   1.2020000e-01   3.6596957e+01  -3.1707091e+02   2.6374336e+02
   1.2030000e-01   4.3921523e+01  -3.2110049e+02   2.5812831e+02
   1.2040000e-01   5.3809570e+01  -3.2525215e+02   2.5226912e+02
   1.2050000e-01   6.3941763e+01  -3.2928173e+02   2.4592164e+02
   1.2060000e-01   7.3829821e+01  -3.3343339e+02   2.4128315e+02
   1.2070000e-01   8.6525501e+01  -3.3673056e+02   2.3554601e+02
   1.2080000e-01   9.5803218e+01  -3.4051600e+02   2.2822196e+02
   1.2090000e-01   1.0410438e+02  -3.4295868e+02   2.2065377e+02
   1.2100000e-01   1.1252761e+02  -3.4515721e+02   2.1503869e+02
   1.2110000e-01   1.2278190e+02  -3.4735575e+02   2.0771463e+02
   1.2120000e-01   1.3376863e+02  -3.4821151e+02   2.0026849e+02
   1.2130000e-01   1.4329051e+02  -3.4809071e+02   1.8940438e+02
   1.2140000e-01   1.5171376e+02  -3.4858026e+02   1.7963889e+02
   1.2150000e-01   1.5964874e+02  -3.4870360e+02   1.7023962e+02
   1.2160000e-01   1.6697337e+02  -3.4846073e+02   1.6328174e+02
   1.2170000e-01   1.7686148e+02  -3.4577645e+02   1.5510316e+02
   1.2180000e-01   1.8662752e+02  -3.4651014e+02   1.4594800e+02
   1.2190000e-01   1.9419631e+02  -3.4626727e+02   1.3496179e+02
   1.2200000e-01   2.0298580e+02  -3.4529197e+02   1.2580663e+02
   1.2210000e-01   2.1140908e+02  -3.4224147e+02   1.1689561e+02
   1.2220000e-01   2.1958823e+02  -3.4004547e+02   1.0859493e+02
   1.2230000e-01   2.2654667e+02  -3.3723911e+02   9.6876273e+01
   1.2240000e-01   2.3533618e+02  -3.3467689e+02   8.6012107e+01
   1.2250000e-01   2.4180635e+02  -3.3028362e+02   7.4293442e+01
   1.2260000e-01   2.4925309e+02  -3.2650069e+02   6.4649968e+01
   1.2270000e-01   2.6756409e+02  -3.2137499e+02   4.5973286e+01
   1.2280000e-01   2.6890732e+02  -3.1624928e+02   3.3033902e+01
   1.2290000e-01   2.8196930e+02  -3.0868217e+02   1.9972443e+01
   1.2300000e-01   2.8782914e+02  -3.0319025e+02   7.1551194e+00
   1.2310000e-01   2.9027101e+02  -2.9659969e+02  -3.4649442e+00
   1.2320000e-01   2.9625293e+02  -2.9171812e+02  -1.3352591e+01
   1.2330000e-01   2.9637547e+02  -2.8524962e+02  -2.3362314e+01
   1.2340000e-01   3.0186910e+02  -2.7865906e+02  -3.1907199e+01
   1.2350000e-01   3.0626411e+02  -2.7280091e+02  -4.3503846e+01
   1.2360000e-01   3.0931634e+02  -2.6743103e+02  -5.1560460e+01
   1.2370000e-01   2.9222698e+02  -2.3056702e+02  -5.9128798e+01
   1.2380000e-01   3.0516691e+02  -2.2934753e+02  -7.1702024e+01
   1.2390000e-01   2.8221817e+02  -2.2117003e+02  -8.3664904e+01
   1.2400000e-01   2.9833194e+02  -2.0908627e+02  -9.1477398e+01
   1.2410000e-01   2.8905508e+02  -2.0603572e+02  -1.0661412e+02
   1.2420000e-01   3.0480263e+02  -1.9981133e+02  -1.1308385e+02
   1.2430000e-01   3.0577968e+02  -1.9212209e+02  -1.2223913e+02
   1.2440000e-01   3.0956434e+02  -1.8394457e+02  -1.3273719e+02
   1.2450000e-01   3.1225038e+02  -1.7515669e+02  -1.4238076e+02
   1.2460000e-01   3.1212879e+02  -1.6856607e+02  -1.5348919e+02
   1.2470000e-01   3.1664588e+02  -1.5928990e+02  -1.6117964e+02
   1.2480000e-01   3.1957606e+02  -1.4525298e+02  -1.6899218e+02
   1.2490000e-01   3.2104139e+02  -1.3536645e+02  -1.7973440e+02
   1.2500000e-01   3.2140809e+02  -1.3683245e+02  -1.8925593e+02
   1.2510000e-01   3.2238514e+02  -1.3011973e+02  -1.9572570e+02
   1.2520000e-01   3.2433875e+02  -1.1864627e+02  -2.0439275e+02
   1.2530000e-01   3.2568201e+02  -1.1010249e+02  -2.1440257e+02
   1.2540000e-01   3.2702526e+02  -1.0155871e+02  -2.2258133e+02
   1.2550000e-01   3.2714782e+02  -9.1061791e+01  -2.2905112e+02
   1.2560000e-01   3.2678209e+02  -8.0320729e+01  -2.3735197e+02
   1.2570000e-01   3.2629429e+02  -6.8114818e+01  -2.4382177e+02
   1.2580000e-01   3.2531820e+02  -5.9082730e+01  -2.5114606e+02
   1.2590000e-01   3.2251106e+02  -4.9928566e+01  -2.5786000e+02
   1.2600000e-01   3.1518732e+02  -4.0286115e+01  -2.6432981e+02
   1.2610000e-01   3.1225811e+02  -2.9911237e+01  -2.7055548e+02
   1.2620000e-01   3.0871854e+02  -1.9658423e+01  -2.7617080e+02
   1.2630000e-01   3.0273756e+02  -9.2835333e+00  -2.8093163e+02
   1.2640000e-01   3.0054076e+02   2.3686966e-01  -2.8544832e+02
   1.2650000e-01   2.9248458e+02   8.6586454e+00  -2.8984295e+02
   1.2660000e-01   2.8809051e+02   1.6470075e+01  -2.9118582e+02
   1.2670000e-01   2.8381851e+02   2.5013932e+01  -2.9680115e+02
   1.2680000e-01   2.7698303e+02   3.5877131e+01  -3.0363719e+02
   1.2690000e-01   2.7466414e+02   4.6618265e+01  -3.0473593e+02
   1.2700000e-01   2.6917143e+02   5.3575225e+01  -3.0754365e+02
   1.2710000e-01   2.6380078e+02   6.2729455e+01  -3.1254864e+02
   1.2720000e-01   2.5806391e+02   7.1395410e+01  -3.1645499e+02
   1.2730000e-01   2.2498330e+02   8.1770355e+01  -2.8471682e+02
   1.2740000e-01   2.3743490e+02   9.1779094e+01  -2.9912123e+02
   1.2750000e-01   2.0630740e+02   9.7637448e+01  -2.9912134e+02
   1.2760000e-01   2.0935958e+02   1.0911104e+02  -2.9741246e+02
   1.2770000e-01   2.0032680e+02   1.1789909e+02  -3.0742234e+02
   1.2780000e-01   2.0057136e+02   1.2839613e+02  -3.0949765e+02
   1.2790000e-01   1.9556689e+02   1.3828283e+02  -3.1010812e+02
   1.2800000e-01   1.8421476e+02   1.5170957e+02  -3.1230549e+02
   1.2810000e-01   1.7798957e+02   1.6342733e+02  -3.1340424e+02
   1.2820000e-01   1.6761400e+02   1.7148298e+02  -3.1657818e+02
   1.2830000e-01   1.6383021e+02   1.7477790e+02  -3.1767693e+02
   1.2840000e-01   1.5638431e+02   1.8612946e+02  -3.1804325e+02
   1.2850000e-01   1.4722942e+02   1.9418513e+02  -3.1938614e+02
   1.2860000e-01   1.3966144e+02   2.0260701e+02  -3.1889797e+02
   1.2870000e-01   1.2757685e+02   2.1359238e+02  -3.1999671e+02
   1.2880000e-01   1.2208406e+02   2.2494396e+02  -3.1840990e+02
   1.2890000e-01   1.1183052e+02   2.3202308e+02  -3.1731138e+02
   1.2900000e-01   1.0365216e+02   2.3971256e+02  -3.1511422e+02
   1.2910000e-01   9.2422048e+01   2.4776825e+02  -3.1377155e+02
   1.2920000e-01   8.0581576e+01   2.5606809e+02  -3.1084197e+02
   1.2930000e-01   7.0572153e+01   2.6558863e+02  -3.0717996e+02
   1.2940000e-01   4.5426006e+01   2.7730645e+02  -3.0425037e+02
   1.2950000e-01   4.1153877e+01   2.8816977e+02  -2.9887937e+02
   1.2960000e-01   2.2599516e+01   2.9488271e+02  -2.9509529e+02
   1.2970000e-01   1.1247298e+01   3.0135151e+02  -2.9033464e+02
   1.2980000e-01   4.1675360e+00   3.0525683e+02  -2.8459742e+02
   1.2990000e-01  -7.9171144e+00   3.0916216e+02  -2.8056919e+02
   1.3000000e-01  -1.3898255e+01   3.1245714e+02  -2.7263470e+02
   1.3010000e-01  -2.8302252e+01   3.1855974e+02  -2.6994924e+02
   1.3020000e-01  -3.6602739e+01   3.2295336e+02  -2.6457822e+02
   1.3030000e-01  -4.3682528e+01   3.2734697e+02  -2.5920720e+02
   1.3040000e-01  -5.4180291e+01   3.3259509e+02  -2.5334790e+02
   1.3050000e-01  -6.4678059e+01   3.3650043e+02  -2.4797687e+02
   1.3060000e-01  -7.6640677e+01   3.3918507e+02  -2.4211756e+02
   1.3070000e-01  -8.7260526e+01   3.4394490e+02  -2.3662445e+02
   1.3080000e-01  -9.5072763e+01   3.4748404e+02  -2.2954443e+02
   1.3090000e-01  -1.0447192e+02   3.4907005e+02  -2.2319683e+02
   1.3100000e-01  -1.1362694e+02   3.4931329e+02  -2.1550645e+02
   1.3110000e-01  -1.2546751e+02   3.4906824e+02  -2.0903676e+02
   1.3120000e-01  -1.3401219e+02   3.4979976e+02  -2.0024774e+02
   1.3130000e-01  -1.4267894e+02   3.5162992e+02  -1.9121457e+02
   1.3140000e-01  -1.5366504e+02   3.5199522e+02  -1.8108277e+02
   1.3150000e-01  -1.6245387e+02   3.5199432e+02  -1.7327029e+02
   1.3160000e-01  -1.7124271e+02   3.5138307e+02  -1.6411504e+02
   1.3170000e-01  -1.7954327e+02   3.5187045e+02  -1.5630256e+02
   1.3180000e-01  -1.8589071e+02   3.5125919e+02  -1.4726936e+02
   1.3190000e-01  -1.9638855e+02   3.5125829e+02  -1.3860238e+02
   1.3200000e-01  -2.0566569e+02   3.5015875e+02  -1.2822640e+02
   1.3210000e-01  -2.1323384e+02   3.4893714e+02  -1.1797249e+02
   1.3220000e-01  -2.2190064e+02   3.4564034e+02  -1.0759651e+02
   1.3230000e-01  -2.2861431e+02   3.4307595e+02  -9.9661924e+01
   1.3240000e-01  -2.3703697e+02   3.3953500e+02  -8.9041788e+01
   1.3250000e-01  -2.4448307e+02   3.3599405e+02  -7.7811295e+01
   1.3260000e-01  -2.5070847e+02   3.3111033e+02  -6.5482164e+01
   1.3270000e-01  -2.6499052e+02   3.2695902e+02  -4.3753614e+01
   1.3280000e-01  -2.6926280e+02   3.2024424e+02  -3.6429355e+01
   1.3290000e-01  -2.8586419e+02   3.1450601e+02  -2.2757434e+01
   1.3300000e-01  -2.8574195e+02   3.0840157e+02  -8.1089462e+00
   1.3310000e-01  -2.9514119e+02   3.0107643e+02   1.5346645e+00
   1.3320000e-01  -2.9428653e+02   2.9375128e+02   1.1178281e+01
   1.3330000e-01  -2.9977953e+02   2.8898960e+02   2.1188113e+01
   1.3340000e-01  -3.0429597e+02   2.8264101e+02   3.1564161e+01
   1.3350000e-01  -3.1039933e+02   2.7702484e+02   4.2672637e+01
   1.3360000e-01  -3.1503784e+02   2.7104245e+02   5.2926626e+01
   1.3370000e-01  -2.9526230e+02   2.3319971e+02   6.0983354e+01
   1.3380000e-01  -3.0344085e+02   2.3344290e+02   7.1237353e+01
   1.3390000e-01  -2.8061355e+02   2.2477496e+02   8.3078271e+01
   1.3400000e-01  -3.0283020e+02   2.0768415e+02   9.0524663e+01
   1.3410000e-01  -2.9452927e+02   2.0560800e+02   1.0578356e+02
   1.3420000e-01  -3.0600373e+02   2.0072422e+02   1.1384031e+02
   1.3430000e-01  -3.0942155e+02   1.9461974e+02   1.2348399e+02
   1.3440000e-01  -3.0746828e+02   1.8582970e+02   1.3410423e+02
   1.3450000e-01  -3.1540270e+02   1.7642931e+02   1.4264928e+02
   1.3460000e-01  -3.1369357e+02   1.6837168e+02   1.5424609e+02
   1.3470000e-01  -3.1686725e+02   1.5994784e+02   1.6266908e+02
   1.3480000e-01  -3.1845402e+02   1.5066951e+02   1.7097000e+02
   1.3490000e-01  -3.1967458e+02   1.4383257e+02   1.7963714e+02
   1.3500000e-01  -3.2077306e+02   1.3662942e+02   1.8842635e+02
   1.3510000e-01  -3.2284811e+02   1.2844971e+02   1.9831420e+02
   1.3520000e-01  -3.2443488e+02   1.1904928e+02   2.0502822e+02
   1.3530000e-01  -3.2577751e+02   1.1038127e+02   2.1430573e+02
   1.3540000e-01  -3.2650978e+02   1.0085877e+02   2.2431566e+02
   1.3550000e-01  -3.2675377e+02   9.0725906e+01   2.3200626e+02
   1.3560000e-01  -3.2626534e+02   7.7052999e+01   2.3884237e+02
   1.3570000e-01  -3.2589898e+02   6.5455283e+01   2.4470193e+02
   1.3580000e-01  -3.2480019e+02   5.6665179e+01   2.5178219e+02
   1.3590000e-01  -3.2248070e+02   4.8241281e+01   2.5996108e+02
   1.3600000e-01  -3.1674324e+02   3.7986322e+01   2.6704135e+02
   1.3610000e-01  -3.1356925e+02   2.8707921e+01   2.7143607e+02
   1.3620000e-01  -3.0770971e+02   1.9063304e+01   2.7619700e+02
   1.3630000e-01  -3.0429158e+02   8.1979786e+00   2.8242278e+02
   1.3640000e-01  -3.0001895e+02  -1.3245787e+00   2.8840443e+02
   1.3650000e-01  -2.9550218e+02  -9.5043677e+00   2.9206674e+02
   1.3660000e-01  -2.8866608e+02  -1.7562092e+01   2.9377593e+02
   1.3670000e-01  -2.8390516e+02  -2.6474313e+01   2.9707203e+02
   1.3680000e-01  -2.7914424e+02  -3.6607242e+01   3.0049021e+02
   1.3690000e-01  -2.7474953e+02  -4.6007755e+01   3.0561737e+02
   1.3700000e-01  -2.6998860e+02  -5.4675851e+01   3.0879141e+02
   1.3710000e-01  -2.6425111e+02  -6.3343952e+01   3.1233166e+02
   1.3720000e-01  -2.5778119e+02  -7.2866551e+01   3.1672640e+02
   1.3730000e-01  -2.5192163e+02  -8.3976068e+01   3.1904595e+02
   1.3740000e-01  -2.1468998e+02  -9.1301411e+01   3.0427566e+02
   1.3750000e-01  -2.1383529e+02  -1.0070195e+02   2.9475439e+02
   1.3760000e-01  -2.1139368e+02  -1.0851559e+02   3.0036984e+02
   1.3770000e-01  -1.9698917e+02  -1.1828235e+02   3.0452045e+02
   1.3780000e-01  -2.0528974e+02  -1.3110088e+02   3.0574137e+02
   1.3790000e-01  -1.8929831e+02  -1.3915866e+02   3.1294374e+02
   1.3800000e-01  -1.8465941e+02  -1.5112271e+02   3.1196740e+02
   1.3810000e-01  -1.7648047e+02  -1.6015707e+02   3.1318832e+02
   1.3820000e-01  -1.6842360e+02  -1.6736038e+02   3.1440924e+02
   1.3830000e-01  -1.6268606e+02  -1.7383127e+02   3.1611844e+02
   1.3840000e-01  -1.5646023e+02  -1.8188908e+02   3.1794971e+02
   1.3850000e-01  -1.4693850e+02  -1.9177795e+02   3.1990305e+02
   1.3860000e-01  -1.4132301e+02  -2.0130061e+02   3.1819429e+02
   1.3870000e-01  -1.2801709e+02  -2.1033499e+02   3.1819450e+02
   1.3880000e-01  -1.2154711e+02  -2.1851489e+02   3.1758436e+02
   1.3890000e-01  -1.1239157e+02  -2.2547409e+02   3.1697422e+02
   1.3900000e-01  -1.0128290e+02  -2.3304364e+02   3.1563166e+02
   1.3910000e-01  -9.4446683e+01  -2.4232218e+02   3.1294632e+02
   1.3920000e-01  -8.1018667e+01  -2.5050209e+02   3.1050512e+02
   1.3930000e-01  -7.0520333e+01  -2.5929235e+02   3.0696529e+02
   1.3940000e-01  -4.6350119e+01  -2.7015781e+02   3.0415787e+02
   1.3950000e-01  -3.9880095e+01  -2.8236605e+02   2.9890905e+02
   1.3960000e-01  -2.4498933e+01  -2.8920320e+02   2.9488093e+02
   1.3970000e-01  -1.1437102e+01  -2.9457551e+02   2.9012038e+02
   1.3980000e-01  -5.2112023e+00  -2.9994782e+02   2.8499362e+02
   1.3990000e-01   6.9961476e+00  -3.0324494e+02   2.7998893e+02
   1.4000000e-01   1.4320690e+01  -3.0690826e+02   2.7242076e+02
   1.4010000e-01   2.6161840e+01  -3.1093781e+02   2.6888090e+02
   1.4020000e-01   3.6049870e+01  -3.1740876e+02   2.6375413e+02
   1.4030000e-01   4.4106850e+01  -3.2095002e+02   2.5850528e+02
   1.4040000e-01   5.3262469e+01  -3.2449129e+02   2.5227987e+02
   1.4050000e-01   6.3638795e+01  -3.2949740e+02   2.4642066e+02
   1.4060000e-01   7.3770986e+01  -3.3328281e+02   2.4129388e+02
   1.4070000e-01   8.6222519e+01  -3.3670201e+02   2.3580088e+02
   1.4080000e-01   9.5744368e+01  -3.4024328e+02   2.2750025e+02
   1.4090000e-01   1.0404552e+02  -3.4305213e+02   2.2090861e+02
   1.4100000e-01   1.1222461e+02  -3.4549476e+02   2.1456110e+02
   1.4110000e-01   1.2308924e+02  -3.4732705e+02   2.0784738e+02
   1.4120000e-01   1.3407596e+02  -3.4854899e+02   1.9991295e+02
   1.4130000e-01   1.4274334e+02  -3.4818401e+02   1.8929297e+02
   1.4140000e-01   1.5080037e+02  -3.4745282e+02   1.7940541e+02
   1.4150000e-01   1.5885741e+02  -3.4720991e+02   1.7025026e+02
   1.4160000e-01   1.6715860e+02  -3.4721114e+02   1.6317031e+02
   1.4170000e-01   1.7643635e+02  -3.4586960e+02   1.5499171e+02
   1.4180000e-01   1.8681274e+02  -3.4672532e+02   1.4534827e+02
   1.4190000e-01   1.9474772e+02  -3.4660448e+02   1.3485033e+02
   1.4200000e-01   2.0256065e+02  -3.4465258e+02   1.2581723e+02
   1.4210000e-01   2.1147220e+02  -3.4196826e+02   1.1715034e+02
   1.4220000e-01   2.1891892e+02  -3.3965014e+02   1.0775102e+02
   1.4230000e-01   2.2660978e+02  -3.3708789e+02   9.6642704e+01
   1.4240000e-01   2.3478893e+02  -3.3428149e+02   8.5290246e+01
   1.4250000e-01   2.4199152e+02  -3.3025439e+02   7.4303995e+01
   1.4260000e-01   2.4907204e+02  -3.2622728e+02   6.4782581e+01
   1.4270000e-01   2.6750510e+02  -3.2134568e+02   4.5983819e+01
   1.4280000e-01   2.6848211e+02  -3.1585373e+02   3.3166496e+01
   1.4290000e-01   2.8154409e+02  -3.0865279e+02   1.9860887e+01
   1.4300000e-01   2.8752598e+02  -3.0316083e+02   7.1656241e+00
   1.4310000e-01   2.9021199e+02  -2.9693644e+02  -3.0882380e+00
   1.4320000e-01   2.9558354e+02  -2.9132240e+02  -1.2975895e+01
   1.4330000e-01   2.9765920e+02  -2.8595251e+02  -2.3962189e+01
   1.4340000e-01   3.0083349e+02  -2.7850741e+02  -3.2507083e+01
   1.4350000e-01   3.0644919e+02  -2.7264922e+02  -4.2272686e+01
   1.4360000e-01   3.0962349e+02  -2.6776759e+02  -5.1794153e+01
   1.4370000e-01   2.8911615e+02  -2.3053732e+02  -5.8874219e+01
   1.4380000e-01   3.0584025e+02  -2.2931779e+02  -7.0592962e+01
   1.4390000e-01   2.8069424e+02  -2.2101818e+02  -8.4020695e+01
   1.4400000e-01   2.9802870e+02  -2.0893439e+02  -9.1100777e+01
   1.4410000e-01   2.8948425e+02  -2.0625000e+02  -1.0623750e+02
   1.4420000e-01   3.0364489e+02  -2.0026971e+02  -1.1331760e+02
   1.4430000e-01   3.0669712e+02  -1.9184802e+02  -1.2149633e+02
   1.4440000e-01   3.0791830e+02  -1.8403666e+02  -1.3236061e+02
   1.4450000e-01   3.1292366e+02  -1.7512667e+02  -1.4212626e+02
   1.4460000e-01   3.1097102e+02  -1.6865808e+02  -1.5335676e+02
   1.4470000e-01   3.1731915e+02  -1.5950394e+02  -1.6092516e+02
   1.4480000e-01   3.1927276e+02  -1.5218085e+02  -1.7020255e+02
   1.4490000e-01   3.2061601e+02  -1.4510190e+02  -1.8033443e+02
   1.4500000e-01   3.2086063e+02  -1.3777880e+02  -1.8753663e+02
   1.4510000e-01   3.2171560e+02  -1.2850257e+02  -1.9351813e+02
   1.4520000e-01   3.2379127e+02  -1.1995875e+02  -2.0377210e+02
   1.4530000e-01   3.2525659e+02  -1.1080458e+02  -2.1353779e+02
   1.4540000e-01   3.2659984e+02  -1.0165040e+02  -2.2208278e+02
   1.4550000e-01   3.2696653e+02  -9.1519657e+01  -2.2904086e+02
   1.4560000e-01   3.2647872e+02  -8.0412344e+01  -2.3673136e+02
   1.4570000e-01   3.2599091e+02  -6.7473970e+01  -2.4295703e+02
   1.4580000e-01   3.2513689e+02  -5.9174263e+01  -2.5113582e+02
   1.4590000e-01   3.2232974e+02  -4.9775917e+01  -2.5736149e+02
   1.4600000e-01   3.1463978e+02  -4.0377566e+01  -2.6419752e+02
   1.4610000e-01   3.1256505e+02  -2.9636436e+01  -2.6981285e+02
   1.4620000e-01   3.0841512e+02  -2.0116003e+01  -2.7591646e+02
   1.4630000e-01   3.0255621e+02  -9.2527908e+00  -2.8055523e+02
   1.4640000e-01   3.0084768e+02   6.3386433e-01  -2.8580435e+02
   1.4650000e-01   2.9340185e+02   8.8115408e+00  -2.9068727e+02
   1.4660000e-01   2.8778707e+02   1.6012660e+01  -2.9117566e+02
   1.4670000e-01   2.8351505e+02   2.5166911e+01  -2.9654686e+02
   1.4680000e-01   2.7814441e+02   3.5908081e+01  -3.0435947e+02
   1.4690000e-01   2.7350618e+02   4.6160975e+01  -3.0350509e+02
   1.4700000e-01   2.7033279e+02   5.4216609e+01  -3.0753352e+02
   1.4710000e-01   2.6374143e+02   6.2882600e+01  -3.1278266e+02
   1.4720000e-01   2.5910319e+02   7.0572035e+01  -3.1668903e+02
   1.4730000e-01   2.2309288e+02   8.1801513e+01  -2.8592743e+02
   1.4740000e-01   2.3871830e+02   9.1688224e+01  -2.9874493e+02
   1.4750000e-01   2.0710251e+02   9.6692128e+01  -2.9898919e+02
   1.4760000e-01   2.0966640e+02   1.0779955e+02  -2.9752447e+02
   1.4770000e-01   2.0124396e+02   1.1683179e+02  -3.0729021e+02
   1.4780000e-01   2.0136644e+02   1.2720680e+02  -3.0948760e+02
   1.4790000e-01   1.9599575e+02   1.3758182e+02  -3.0936565e+02
   1.4800000e-01   1.8537603e+02   1.4990997e+02  -3.1266168e+02
   1.4810000e-01   1.7866256e+02   1.6260433e+02  -3.1290594e+02
   1.4820000e-01   1.6853112e+02   1.7090417e+02  -3.1656817e+02
   1.4830000e-01   1.6316041e+02   1.7773917e+02  -3.1864349e+02
   1.4840000e-01   1.5803383e+02   1.8762593e+02  -3.1888775e+02
   1.4850000e-01   1.4753616e+02   1.9494922e+02  -3.1864373e+02
   1.4860000e-01   1.4082267e+02   2.0251665e+02  -3.1827764e+02
   1.4870000e-01   1.2922635e+02   2.1154893e+02  -3.1827776e+02
   1.4880000e-01   1.2275698e+02   2.2265642e+02  -3.1778960e+02
   1.4890000e-01   1.1262550e+02   2.3071215e+02  -3.1644694e+02
   1.4900000e-01   1.0444714e+02   2.3864581e+02  -3.1547050e+02
   1.4910000e-01   9.3217019e+01   2.4670154e+02  -3.1363956e+02
   1.4920000e-01   8.2231030e+01   2.5524557e+02  -3.1107619e+02
   1.4930000e-01   7.1122966e+01   2.6378959e+02  -3.0717005e+02
   1.4940000e-01   4.7075443e+01   2.7672815e+02  -3.0411840e+02
   1.4950000e-01   4.2803305e+01   2.8637082e+02  -2.9850328e+02
   1.4960000e-01   2.3272373e+01   2.9369415e+02  -2.9581783e+02
   1.4970000e-01   1.2408428e+01   3.0040713e+02  -2.8983649e+02
   1.4980000e-01   3.9858830e+00   3.0565527e+02  -2.8531999e+02
   1.4990000e-01  -7.7325654e+00   3.0785166e+02  -2.7946071e+02
   1.5000000e-01  -1.3469574e+01   3.1200118e+02  -2.7323522e+02
   1.5010000e-01  -2.7385299e+01   3.1724933e+02  -2.6981734e+02
   1.5020000e-01  -3.6540287e+01   3.2152092e+02  -2.6493461e+02
   1.5030000e-01  -4.3009733e+01   3.2615872e+02  -2.5858704e+02
   1.5040000e-01  -5.3385435e+01   3.3189516e+02  -2.5358224e+02
   1.5050000e-01  -6.4493564e+01   3.3531226e+02  -2.4747880e+02
   1.5060000e-01  -7.5479628e+01   3.3848523e+02  -2.4235192e+02
   1.5070000e-01  -8.6587767e+01   3.4300097e+02  -2.3624848e+02
   1.5080000e-01  -9.4155873e+01   3.4666222e+02  -2.2953467e+02
   1.5090000e-01  -1.0379918e+02   3.4800413e+02  -2.2257673e+02
   1.5100000e-01  -1.1295421e+02   3.4946812e+02  -2.1549671e+02
   1.5110000e-01  -1.2516100e+02   3.4897898e+02  -2.0829461e+02
   1.5120000e-01  -1.3321741e+02   3.4958847e+02  -2.0048216e+02
   1.5130000e-01  -1.4188417e+02   3.5080832e+02  -1.9035037e+02
   1.5140000e-01  -1.5116129e+02   3.5105160e+02  -1.8131721e+02
   1.5150000e-01  -1.6336810e+02   3.5056246e+02  -1.7301646e+02
   1.5160000e-01  -1.7179074e+02   3.5092782e+02  -1.6434950e+02
   1.5170000e-01  -1.7935889e+02   3.5117110e+02  -1.5617081e+02
   1.5180000e-01  -1.8619462e+02   3.5104817e+02  -1.4823627e+02
   1.5190000e-01  -1.9534969e+02   3.5007075e+02  -1.3834859e+02
   1.5200000e-01  -2.0401648e+02   3.4872712e+02  -1.2785055e+02
   1.5210000e-01  -2.1182879e+02   3.4677314e+02  -1.1820700e+02
   1.5220000e-01  -2.2061766e+02   3.4469708e+02  -1.0795310e+02
   1.5230000e-01  -2.2806377e+02   3.4201067e+02  -9.9164031e+01
   1.5240000e-01  -2.3660851e+02   3.3908012e+02  -8.9520467e+01
   1.5250000e-01  -2.4381048e+02   3.3566128e+02  -7.7679633e+01
   1.5260000e-01  -2.5052417e+02   3.3102174e+02  -6.5838793e+01
   1.5270000e-01  -2.6285310e+02   3.2577185e+02  -4.4720604e+01
   1.5280000e-01  -2.6920059e+02   3.1966746e+02  -3.7152214e+01
   1.5290000e-01  -2.8494749e+02   3.1380721e+02  -2.2625811e+01
   1.5300000e-01  -2.8458112e+02   3.0831317e+02  -8.5876847e+00
   1.5310000e-01  -2.9471280e+02   3.0037772e+02   1.3000568e+00
   1.5320000e-01  -2.9520092e+02   2.9427332e+02   1.1187804e+01
   1.5330000e-01  -2.9715389e+02   2.8829099e+02   2.0587274e+01
   1.5340000e-01  -3.0508831e+02   2.8255280e+02   3.0963313e+01
   1.5350000e-01  -3.0923855e+02   2.7693667e+02   4.3170412e+01
   1.5360000e-01  -3.1448743e+02   2.7083226e+02   5.2447828e+01
   1.5370000e-01  -3.0325681e+02   2.3762824e+02   6.0992828e+01
   1.5380000e-01  -2.9788558e+02   2.3335488e+02   7.2101309e+01
   1.5390000e-01  -2.8274871e+02   2.2371042e+02   8.1378741e+01
   1.5400000e-01  -3.0313432e+02   2.0967142e+02   9.0289967e+01
   1.5410000e-01  -2.9153750e+02   2.0552012e+02   1.0579299e+02
   1.5420000e-01  -3.0850513e+02   1.9953775e+02   1.1238489e+02
   1.5430000e-01  -3.0606359e+02   1.9502023e+02   1.2337133e+02
   1.5440000e-01  -3.0838279e+02   1.8598610e+02   1.3313707e+02
   1.5450000e-01  -3.1460824e+02   1.7609747e+02   1.4217039e+02
   1.5460000e-01  -3.1363154e+02   1.6852818e+02   1.5364512e+02
   1.5470000e-01  -3.1692730e+02   1.5961611e+02   1.6206810e+02
   1.5480000e-01  -3.1851408e+02   1.5107024e+02   1.7097936e+02
   1.5490000e-01  -3.1997879e+02   1.4374507e+02   1.8013477e+02
   1.5500000e-01  -3.2095521e+02   1.3703025e+02   1.8843569e+02
   1.5510000e-01  -3.2278613e+02   1.2811816e+02   1.9795732e+02
   1.5520000e-01  -3.2425084e+02   1.1920606e+02   2.0454927e+02
   1.5530000e-01  -3.2510519e+02   1.1078224e+02   2.1309434e+02
   1.5540000e-01  -3.2583748e+02   1.0113772e+02   2.2286012e+02
   1.5550000e-01  -3.2608148e+02   9.1004903e+01   2.3091693e+02
   1.5560000e-01  -3.2583720e+02   7.7209975e+01   2.3775303e+02
   1.5570000e-01  -3.2547085e+02   6.5612307e+01   2.4410085e+02
   1.5580000e-01  -3.2461621e+02   5.7554674e+01   2.5118110e+02
   1.5590000e-01  -3.2229673e+02   4.9374965e+01   2.5923791e+02
   1.5600000e-01  -3.1680342e+02   3.8875914e+01   2.6631817e+02
   1.5610000e-01  -3.1350737e+02   2.9353422e+01   2.7059081e+02
   1.5620000e-01  -3.0801406e+02   1.9586783e+01   2.7522967e+02
   1.5630000e-01  -3.0422973e+02   8.5994362e+00   2.8169958e+02
   1.5640000e-01  -2.9983504e+02  -9.2307202e-01   2.8731500e+02
   1.5650000e-01  -2.9592863e+02  -9.3469526e+00   2.9232007e+02
   1.5660000e-01  -2.8848218e+02  -1.7038416e+01   2.9232027e+02
   1.5670000e-01  -2.8445370e+02  -2.5828518e+01   2.9732535e+02
   1.5680000e-01  -2.7896037e+02  -3.5961398e+01   3.0025523e+02
   1.5690000e-01  -2.7542016e+02  -4.5239791e+01   3.0464996e+02
   1.5700000e-01  -2.6992683e+02  -5.4029908e+01   3.0843434e+02
   1.5710000e-01  -2.6479970e+02  -6.3064171e+01   3.1246286e+02
   1.5720000e-01  -2.5820772e+02  -7.2708790e+01   3.1624725e+02
   1.5730000e-01  -2.5369094e+02  -8.3818257e+01   3.2113026e+02
   1.5740000e-01  -2.1096614e+02  -9.2120113e+01   3.0208750e+02
   1.5750000e-01  -2.2292884e+02  -9.9811621e+01   2.9830353e+02
   1.5760000e-01  -2.0705950e+02  -1.0628243e+02   2.9989065e+02
   1.5770000e-01  -1.9924680e+02  -1.1824641e+02   3.0098949e+02
   1.5780000e-01  -2.0486184e+02  -1.3033246e+02   3.0611665e+02
   1.5790000e-01  -1.8923663e+02  -1.3839020e+02   3.1283073e+02
   1.5800000e-01  -1.8679501e+02  -1.5133076e+02   3.1099988e+02
   1.5810000e-01  -1.7580847e+02  -1.5963264e+02   3.1454013e+02
   1.5820000e-01  -1.7055922e+02  -1.6744626e+02   3.1441827e+02
   1.5830000e-01  -1.6238028e+02  -1.7318468e+02   3.1637160e+02
   1.5840000e-01  -1.5713103e+02  -1.8124243e+02   3.1820286e+02
   1.5850000e-01  -1.4931830e+02  -1.9161953e+02   3.1991205e+02
   1.5860000e-01  -1.4065106e+02  -2.0028765e+02   3.1795914e+02
   1.5870000e-01  -1.2942035e+02  -2.0932199e+02   3.1795934e+02
   1.5880000e-01  -1.2148553e+02  -2.1762390e+02   3.1734919e+02
   1.5890000e-01  -1.1318449e+02  -2.2482719e+02   3.1698318e+02
   1.5900000e-01  -1.0183170e+02  -2.3264083e+02   3.1490819e+02
   1.5910000e-01  -9.4751353e+01  -2.4228553e+02   3.1319940e+02
   1.5920000e-01  -8.1201278e+01  -2.5058746e+02   3.1026991e+02
   1.5930000e-01  -7.0825026e+01  -2.5901146e+02   3.0721835e+02
   1.5940000e-01  -4.6044472e+01  -2.7024309e+02   3.0392265e+02
   1.5950000e-01  -4.1039303e+01  -2.8245127e+02   2.9879588e+02
   1.5960000e-01  -2.3827098e+01  -2.8928837e+02   2.9464568e+02
   1.5970000e-01  -1.2230122e+01  -2.9502684e+02   2.9000719e+02
   1.5980000e-01  -5.3938825e+00  -2.9807976e+02   2.8341558e+02
   1.5990000e-01   7.0575964e+00  -3.0247546e+02   2.8085228e+02
   1.6000000e-01   1.3161424e+01  -3.0626081e+02   2.7194133e+02
   1.6010000e-01   2.7443968e+01  -3.1199928e+02   2.6888975e+02
   1.6020000e-01   3.5378861e+01  -3.1798190e+02   2.6327468e+02
   1.6030000e-01   4.4412393e+01  -3.2164518e+02   2.5888032e+02
   1.6040000e-01   5.4910773e+01  -3.2530847e+02   2.5216662e+02
   1.6050000e-01   6.3822244e+01  -3.3007039e+02   2.4691775e+02
   1.6060000e-01   7.4442704e+01  -3.3361160e+02   2.4118060e+02
   1.6070000e-01   8.6161803e+01  -3.3788524e+02   2.3617587e+02
   1.6080000e-01   9.6171922e+01  -3.4081611e+02   2.2763110e+02
   1.6090000e-01   1.0398478e+02  -3.4350283e+02   2.2140566e+02
   1.6100000e-01   1.1228593e+02  -3.4545714e+02   2.1481400e+02
   1.6110000e-01   1.2290641e+02  -3.4753352e+02   2.0871062e+02
   1.6120000e-01   1.3389311e+02  -3.4875540e+02   1.9967755e+02
   1.6130000e-01   1.4329290e+02  -3.4851244e+02   1.9003412e+02
   1.6140000e-01   1.5134993e+02  -3.4912397e+02   1.7990241e+02
   1.6150000e-01   1.5928488e+02  -3.4936929e+02   1.7147968e+02
   1.6160000e-01   1.6905090e+02  -3.4937047e+02   1.6354522e+02
   1.6170000e-01   1.7588723e+02  -3.4754059e+02   1.5597697e+02
   1.6180000e-01   1.8650775e+02  -3.4668728e+02   1.4560109e+02
   1.6190000e-01   1.9432065e+02  -3.4742087e+02   1.3571350e+02
   1.6200000e-01   2.0225563e+02  -3.4522478e+02   1.2680246e+02
   1.6210000e-01   2.1116718e+02  -3.4327283e+02   1.1813555e+02
   1.6220000e-01   2.1910216e+02  -3.3997810e+02   1.0824794e+02
   1.6230000e-01   2.2667094e+02  -3.3790407e+02   9.7627901e+01
   1.6240000e-01   2.3411766e+02  -3.3448727e+02   8.5909223e+01
   1.6250000e-01   2.4217472e+02  -3.3107047e+02   7.5655383e+01
   1.6260000e-01   2.4827867e+02  -3.2667710e+02   6.5157398e+01
   1.6270000e-01   2.6781035e+02  -3.2240580e+02   4.6236556e+01
   1.6280000e-01   2.6768872e+02  -3.1630344e+02   3.3663365e+01
   1.6290000e-01   2.8197138e+02  -3.0946865e+02   2.1212238e+01
   1.6300000e-01   2.8673257e+02  -3.0361043e+02   7.5404032e+00
   1.6310000e-01   2.9039512e+02  -2.9763013e+02  -2.1031169e+00
   1.6320000e-01   2.9527838e+02  -2.9226018e+02  -1.2723205e+01
   1.6330000e-01   2.9698782e+02  -2.8603574e+02  -2.1268103e+01
   1.6340000e-01   3.0077245e+02  -2.7871265e+02  -3.1644061e+01
   1.6350000e-01   3.0846333e+02  -2.7370890e+02  -4.3362798e+01
   1.6360000e-01   3.0834172e+02  -2.6772859e+02  -5.1175290e+01
   1.6370000e-01   2.9735585e+02  -2.3342796e+02  -5.8499506e+01
   1.6380000e-01   3.0211705e+02  -2.3037732e+02  -7.2537595e+01
   1.6390000e-01   2.8539388e+02  -2.2232179e+02  -8.1937017e+01
   1.6400000e-01   2.9735723e+02  -2.1060416e+02  -9.1214374e+01
   1.6410000e-01   2.8942312e+02  -2.0669901e+02  -1.0622904e+02
   1.6420000e-01   3.0480444e+02  -1.9986418e+02  -1.1245465e+02
   1.6430000e-01   3.0480491e+02  -1.9339555e+02  -1.2173202e+02
   1.6440000e-01   3.0944405e+02  -1.8424137e+02  -1.3198596e+02
   1.6450000e-01   3.1261834e+02  -1.7581961e+02  -1.4211784e+02
   1.6460000e-01   3.1176432e+02  -1.6874061e+02  -1.5347042e+02
   1.6470000e-01   3.1762416e+02  -1.6007470e+02  -1.6079468e+02
   1.6480000e-01   3.1982189e+02  -1.4677011e+02  -1.6946173e+02
   1.6490000e-01   3.2116513e+02  -1.4249872e+02  -1.8044811e+02
   1.6500000e-01   3.2177595e+02  -1.3908181e+02  -1.8838274e+02
   1.6510000e-01   3.2275297e+02  -1.3041588e+02  -1.9460840e+02
   1.6520000e-01   3.2458449e+02  -1.1943060e+02  -2.0498444e+02
   1.6530000e-01   3.2629394e+02  -1.1186329e+02  -2.1389565e+02
   1.6540000e-01   3.2714890e+02  -1.0270906e+02  -2.2183030e+02
   1.6550000e-01   3.2751557e+02  -9.1723765e+01  -2.2927667e+02
   1.6560000e-01   3.2690568e+02  -7.9395693e+01  -2.3684511e+02
   1.6570000e-01   3.2653993e+02  -6.8166249e+01  -2.4282665e+02
   1.6580000e-01   3.2544175e+02  -5.9500276e+01  -2.5112752e+02
   1.6590000e-01   3.2287873e+02  -5.1078437e+01  -2.5771941e+02
   1.6600000e-01   3.1445633e+02  -4.1557961e+01  -2.6467752e+02
   1.6610000e-01   3.1311401e+02  -2.9840212e+01  -2.7017078e+02
   1.6620000e-01   3.0774337e+02  -1.9587302e+01  -2.7590819e+02
   1.6630000e-01   3.0347136e+02  -9.2123160e+00  -2.8030283e+02
   1.6640000e-01   3.0005383e+02   1.8611347e-01  -2.8591818e+02
   1.6650000e-01   2.9248591e+02   8.1197049e+00  -2.8823763e+02
   1.6660000e-01   2.8821389e+02   1.7274005e+01  -2.9165571e+02
   1.6670000e-01   2.8345359e+02   3.2775967e+01  -2.9678278e+02
   1.6680000e-01   2.7551945e+02   3.9122662e+01  -3.0386298e+02
   1.6690000e-01   2.7564195e+02   4.4981081e+01  -3.0435138e+02
   1.6700000e-01   2.6856230e+02   5.3158841e+01  -3.0813569e+02
   1.6710000e-01   2.6355784e+02   6.3533873e+01  -3.1216413e+02
   1.6720000e-01   2.5818716e+02   7.1467504e+01  -3.1643672e+02
   1.6730000e-01   2.3584871e+02   8.0255633e+01  -2.9177864e+02
   1.6740000e-01   2.3352978e+02   9.0020329e+01  -3.0093405e+02
   1.6750000e-01   2.0704093e+02   9.9052609e+01  -2.9629550e+02
   1.6760000e-01   2.1106966e+02   1.0808489e+02  -2.9812669e+02
   1.6770000e-01   1.9739818e+02   1.1626269e+02  -3.0667174e+02
   1.6780000e-01   2.0228139e+02   1.2822468e+02  -3.0691601e+02
   1.6790000e-01   1.9300443e+02   1.3725698e+02  -3.1045619e+02
   1.6800000e-01   1.8641302e+02   1.5007346e+02  -3.1228737e+02
   1.6810000e-01   1.7799055e+02   1.6240167e+02  -3.1216543e+02
   1.6820000e-01   1.6773702e+02   1.7070157e+02  -3.1668217e+02
   1.6830000e-01   1.6456357e+02   1.7533936e+02  -3.1851335e+02
   1.6840000e-01   1.5626315e+02   1.8583653e+02  -3.1887970e+02
   1.6850000e-01   1.4832894e+02   1.9303780e+02  -3.1912397e+02
   1.6860000e-01   1.4088301e+02   2.0207014e+02  -3.1912410e+02
   1.6870000e-01   1.2769977e+02   2.1256732e+02  -3.1961251e+02
   1.6880000e-01   1.2354972e+02   2.2404107e+02  -3.1814779e+02
   1.6890000e-01   1.1134303e+02   2.3148651e+02  -3.1729343e+02
   1.6900000e-01   1.0401915e+02   2.3929816e+02  -3.1534043e+02
   1.6910000e-01   9.2544872e+01   2.4698774e+02  -3.1338743e+02
   1.6920000e-01   8.1680939e+01   2.5553182e+02  -3.1094614e+02
   1.6930000e-01   7.0206650e+01   2.6468625e+02  -3.0691794e+02
   1.6940000e-01   4.5914973e+01   2.7677038e+02  -3.0447666e+02
   1.6950000e-01   4.0910399e+01   2.8751173e+02  -2.9849533e+02
   1.6960000e-01   2.3332578e+01   2.9422477e+02  -2.9568782e+02
   1.6970000e-01   1.1003775e+01   3.0044953e+02  -2.8995063e+02
   1.6980000e-01   4.5343409e+00   3.0533152e+02  -2.8470172e+02
   1.6990000e-01  -8.2827544e+00   3.0911488e+02  -2.7969694e+02
   1.7000000e-01  -1.3531496e+01   3.1253203e+02  -2.7310524e+02
   1.7010000e-01  -2.8057586e+01   3.1668160e+02  -2.6968738e+02
   1.7020000e-01  -3.6724307e+01   3.2229603e+02  -2.6517087e+02
   1.7030000e-01  -4.3559979e+01   3.2656768e+02  -2.5845710e+02
   1.7040000e-01  -5.3447414e+01   3.3193796e+02  -2.5381852e+02
   1.7050000e-01  -6.4555557e+01   3.3559926e+02  -2.4759302e+02
   1.7060000e-01  -7.6274057e+01   3.3926057e+02  -2.4283236e+02
   1.7070000e-01  -8.6893929e+01   3.4328808e+02  -2.3660685e+02
   1.7080000e-01  -9.4339979e+01   3.4694939e+02  -2.3013720e+02
   1.7090000e-01  -1.0434951e+02   3.4804722e+02  -2.2293512e+02
   1.7100000e-01  -1.1252799e+02   3.4890091e+02  -2.1609925e+02
   1.7110000e-01  -1.2510101e+02   3.4828976e+02  -2.0865302e+02
   1.7120000e-01  -1.3303536e+02   3.4938760e+02  -2.0120679e+02
   1.7130000e-01  -1.4145800e+02   3.5036336e+02  -1.9083087e+02
   1.7140000e-01  -1.5317654e+02   3.5133913e+02  -1.8265221e+02
   1.7150000e-01  -1.6159918e+02   3.5085005e+02  -1.7325284e+02
   1.7160000e-01  -1.6928941e+02   3.5109339e+02  -1.6556245e+02
   1.7170000e-01  -1.7929898e+02   3.5097052e+02  -1.5677342e+02
   1.7180000e-01  -1.8576852e+02   3.5096972e+02  -1.4871681e+02
   1.7190000e-01  -1.9626638e+02   3.5035857e+02  -1.3907329e+02
   1.7200000e-01  -2.0456697e+02   3.5011363e+02  -1.2918561e+02
   1.7210000e-01  -2.1274551e+02   3.4791556e+02  -1.1844344e+02
   1.7220000e-01  -2.2067990e+02   3.4559542e+02  -1.0867782e+02
   1.7230000e-01  -2.2800395e+02   3.4242079e+02  -9.9644627e+01
   1.7240000e-01  -2.3691492e+02   3.3961237e+02  -8.9879002e+01
   1.7250000e-01  -2.4338448e+02   3.3521703e+02  -7.7916106e+01
   1.7260000e-01  -2.5083061e+02   3.3130997e+02  -6.6685627e+01
   1.7270000e-01  -2.6303748e+02   3.2581600e+02  -4.4835026e+01
   1.7280000e-01  -2.6938498e+02   3.2019995e+02  -3.7632857e+01
   1.7290000e-01  -2.8476569e+02   3.1409562e+02  -2.2740252e+01
   1.7300000e-01  -2.8513176e+02   3.0896785e+02  -9.6786973e+00
   1.7310000e-01  -2.9440896e+02   3.0066625e+02   5.7524583e-01
   1.7320000e-01  -2.9367639e+02   2.9443984e+02   9.2422802e+00
   1.7330000e-01  -2.9953563e+02   2.8857964e+02   2.1693500e+01
   1.7340000e-01  -3.0319760e+02   2.8296357e+02   3.0848826e+01
   1.7350000e-01  -3.0832442e+02   2.7637094e+02   4.1469001e+01
   1.7360000e-01  -3.1479401e+02   2.7112108e+02   5.1845041e+01
   1.7370000e-01  -2.9050189e+02   2.3327845e+02   6.0023820e+01
   1.7380000e-01  -3.0490606e+02   2.3413210e+02   6.9545378e+01
   1.7390000e-01  -2.7975944e+02   2.2399942e+02   8.3461473e+01
   1.7400000e-01  -3.0222026e+02   2.0764114e+02   8.9687143e+01
   1.7410000e-01  -2.9514005e+02   2.0532095e+02   1.0494602e+02
   1.7420000e-01  -3.0514969e+02   2.0129177e+02   1.1373518e+02
   1.7430000e-01  -3.0954410e+02   1.9360048e+02   1.2252434e+02
   1.7440000e-01  -3.0685843e+02   1.8627540e+02   1.3363284e+02
   1.7450000e-01  -3.1528116e+02   1.7602062e+02   1.4242201e+02
   1.7460000e-01  -3.1406034e+02   1.6857346e+02   1.5401880e+02
   1.7470000e-01  -3.1723405e+02   1.5941730e+02   1.6256384e+02
   1.7480000e-01  -3.1882084e+02   1.5099357e+02   1.7123096e+02
   1.7490000e-01  -3.2016349e+02   1.4330225e+02   1.8087464e+02
   1.7500000e-01  -3.2113994e+02   1.3707577e+02   1.8893141e+02
   1.7510000e-01  -3.2284880e+02   1.2804167e+02   1.9747647e+02
   1.7520000e-01  -3.2467973e+02   1.1937377e+02   2.0541118e+02
   1.7530000e-01  -3.2590031e+02   1.1021759e+02   2.1420039e+02
   1.7540000e-01  -3.2675468e+02   1.0081727e+02   2.2384409e+02
   1.7550000e-01  -3.2687663e+02   8.9952090e+01   2.3190088e+02
   1.7560000e-01  -3.2638822e+02   7.6401363e+01   2.3849283e+02
   1.7570000e-01  -3.2577775e+02   6.4803755e+01   2.4410822e+02
   1.7580000e-01  -3.2480106e+02   5.6990323e+01   2.5167675e+02
   1.7590000e-01  -3.2211538e+02   4.8932744e+01   2.5961148e+02
   1.7600000e-01  -3.1674416e+02   3.8433755e+01   2.6693587e+02
   1.7610000e-01  -3.1247156e+02   2.8056830e+01   2.7133057e+02
   1.7620000e-01  -3.0905346e+02   1.8290253e+01   2.7584735e+02
   1.7630000e-01  -3.0307188e+02   7.5471070e+00   2.8243932e+02
   1.7640000e-01  -3.0075240e+02  -1.8532701e+00   2.8805473e+02
   1.7650000e-01  -2.9489288e+02  -1.0277090e+01   2.9232738e+02
   1.7660000e-01  -2.8854508e+02  -1.7724352e+01   2.9269377e+02
   1.7670000e-01  -2.8354005e+02  -2.6758534e+01   2.9672228e+02
   1.7680000e-01  -2.7938951e+02  -3.7867915e+01   3.0209356e+02
   1.7690000e-01  -2.7426240e+02  -4.6291755e+01   3.0563379e+02
   1.7700000e-01  -2.6986771e+02  -5.4959741e+01   3.0892988e+02
   1.7710000e-01  -2.6437439e+02  -6.3993942e+01   3.1344668e+02
   1.7720000e-01  -2.5827071e+02  -7.3760570e+01   3.1710898e+02
   1.7730000e-01  -2.5277738e+02  -8.4747907e+01   3.2089335e+02
   1.7740000e-01  -2.1347057e+02  -9.2195208e+01   3.0514648e+02
   1.7750000e-01  -2.1664422e+02  -1.0086322e+02   2.9623555e+02
   1.7760000e-01  -2.1029638e+02  -1.0843260e+02   3.0087442e+02
   1.7770000e-01  -1.9711261e+02  -1.1905374e+02   3.0380430e+02
   1.7780000e-01  -2.0565734e+02  -1.3150595e+02   3.0587970e+02
   1.7790000e-01  -1.8893352e+02  -1.3919741e+02   3.1308205e+02
   1.7800000e-01  -1.8563742e+02  -1.5152756e+02   3.1161740e+02
   1.7810000e-01  -1.7599367e+02  -1.6031766e+02   3.1357073e+02
   1.7820000e-01  -1.6866924e+02  -1.6800914e+02   3.1491370e+02
   1.7830000e-01  -1.6012411e+02  -1.7447992e+02   3.1576839e+02
   1.7840000e-01  -1.5109069e+02  -1.8241555e+02   3.1821000e+02
   1.7850000e-01  -1.5487465e+02  -1.9474571e+02   3.1894262e+02
   1.7860000e-01  -1.3839494e+02  -2.0085029e+02   3.1906488e+02
   1.7870000e-01  -1.2814080e+02  -2.0976249e+02   3.1747817e+02
   1.7880000e-01  -1.2240326e+02  -2.1891884e+02   3.1735629e+02
   1.7890000e-01  -1.0970771e+02  -2.2563378e+02   3.1747855e+02
   1.7900000e-01  -1.0335981e+02  -2.3381357e+02   3.1491527e+02
   1.7910000e-01  -9.2373235e+01  -2.4284786e+02   3.1357269e+02
   1.7920000e-01  -8.1508723e+01  -2.5163801e+02   3.1027698e+02
   1.7930000e-01  -6.9789713e+01  -2.6030609e+02   3.0698126e+02
   1.7940000e-01  -4.5253316e+01  -2.7129351e+02   3.0417383e+02
   1.7950000e-01  -3.9271601e+01  -2.8337956e+02   2.9880292e+02
   1.7960000e-01  -2.3035974e+01  -2.9009453e+02   2.9453064e+02
   1.7970000e-01  -1.0828662e+01  -2.9595500e+02   2.9001421e+02
   1.7980000e-01  -3.7482986e+00  -3.0108306e+02   2.8452122e+02
   1.7990000e-01   7.6045314e+00  -3.0328143e+02   2.7963858e+02
   1.8000000e-01   1.4684906e+01  -3.0706671e+02   2.7219246e+02
   1.8010000e-01   2.6648098e+01  -3.1207270e+02   2.6865259e+02
   1.8020000e-01   3.6658170e+01  -3.1756698e+02   2.6328166e+02
   1.8030000e-01   4.4593052e+01  -3.2196262e+02   2.5839900e+02
   1.8040000e-01   5.4847275e+01  -3.2550377e+02   2.5217357e+02
   1.8050000e-01   6.4735292e+01  -3.3002149e+02   2.4668056e+02
   1.8060000e-01   7.3768822e+01  -3.3380678e+02   2.4082133e+02
   1.8070000e-01   8.6342397e+01  -3.3795829e+02   2.3618280e+02
   1.8080000e-01   9.6230429e+01  -3.4113323e+02   2.2739388e+02
   1.8090000e-01   1.0404327e+02  -3.4369782e+02   2.2116843e+02
   1.8100000e-01   1.1295475e+02  -3.4589621e+02   2.1433263e+02
   1.8110000e-01   1.2272073e+02  -3.4748424e+02   2.0786303e+02
   1.8120000e-01   1.3456190e+02  -3.4858399e+02   1.9956237e+02
   1.8130000e-01   1.4200855e+02  -3.4846303e+02   1.8918651e+02
   1.8140000e-01   1.5055384e+02  -3.4712138e+02   1.7905479e+02
   1.8150000e-01   1.5800050e+02  -3.4785491e+02   1.7112033e+02
   1.8160000e-01   1.6801064e+02  -3.4871052e+02   1.6294172e+02
   1.8170000e-01   1.7631180e+02  -3.4724679e+02   1.5561760e+02
   1.8180000e-01   1.8607781e+02  -3.4663755e+02   1.4475344e+02
   1.8190000e-01   1.9474519e+02  -3.4688280e+02   1.3559825e+02
   1.8200000e-01   2.0231394e+02  -3.4468665e+02   1.2632099e+02
   1.8210000e-01   2.1085926e+02  -3.4236842e+02   1.1789822e+02
   1.8220000e-01   2.1879423e+02  -3.3956191e+02   1.0764439e+02
   1.8230000e-01   2.2648506e+02  -3.3797610e+02   9.7146410e+01
   1.8240000e-01   2.3417590e+02  -3.3443716e+02   8.5549794e+01
   1.8250000e-01   2.4223295e+02  -3.3102030e+02   7.5418016e+01
   1.8260000e-01   2.4833688e+02  -3.2626065e+02   6.5042092e+01
   1.8270000e-01   2.6774647e+02  -3.2223343e+02   4.6609523e+01
   1.8280000e-01   2.6786896e+02  -3.1600893e+02   3.3303901e+01
   1.8290000e-01   2.8178540e+02  -3.0917408e+02   2.0974836e+01
   1.8300000e-01   2.8666864e+02  -3.0319373e+02   7.1809220e+00
   1.8310000e-01   2.9033117e+02  -2.9770164e+02  -2.0963958e+00
   1.8320000e-01   2.9448200e+02  -2.9147714e+02  -1.2228211e+01
   1.8330000e-01   2.9399415e+02  -2.8598505e+02  -2.0895188e+01
   1.8340000e-01   3.0241743e+02  -2.7902811e+02  -3.1027014e+01
   1.8350000e-01   3.0656826e+02  -2.7353602e+02  -4.2989900e+01
   1.8360000e-01   3.0717905e+02  -2.6718943e+02  -5.0680331e+01
   1.8370000e-01   2.8361992e+02  -2.3398736e+02  -5.7027993e+01
   1.8380000e-01   3.0693579e+02  -2.2898354e+02  -6.9723317e+01
   1.8390000e-01   2.7898213e+02  -2.2092795e+02  -8.3883490e+01
   1.8400000e-01   2.9595035e+02  -2.0933231e+02  -9.0109098e+01
   1.8410000e-01   2.9241076e+02  -2.0823472e+02  -1.0463549e+02
   1.8420000e-01   3.0083406e+02  -2.0103361e+02  -1.1305837e+02
   1.8430000e-01   3.0864700e+02  -1.9248973e+02  -1.2001642e+02
   1.8440000e-01   3.0596191e+02  -1.8480032e+02  -1.3210142e+02
   1.8450000e-01   3.1389693e+02  -1.7674471e+02  -1.4101260e+02
   1.8460000e-01   3.1011319e+02  -1.6929944e+02  -1.5260933e+02
   1.8470000e-01   3.1670544e+02  -1.6087760e+02  -1.5956740e+02
   1.8480000e-01   3.1853694e+02  -1.4745087e+02  -1.6737996e+02
   1.8490000e-01   3.2000224e+02  -1.4464426e+02  -1.7861049e+02
   1.8500000e-01   3.2085718e+02  -1.3915209e+02  -1.8764376e+02
   1.8510000e-01   3.2232247e+02  -1.2950953e+02  -1.9386942e+02
   1.8520000e-01   3.2427604e+02  -1.1901247e+02  -2.0424548e+02
   1.8530000e-01   3.2598547e+02  -1.1193337e+02  -2.1340083e+02
   1.8540000e-01   3.2659627e+02  -1.0241286e+02  -2.2072514e+02
   1.8550000e-01   3.2671878e+02  -9.2037857e+01  -2.2804945e+02
   1.8560000e-01   3.2610888e+02  -7.9343509e+01  -2.3573997e+02
   1.8570000e-01   3.2586518e+02  -6.8358139e+01  -2.4172151e+02
   1.8580000e-01   3.2488906e+02  -5.9936241e+01  -2.4977826e+02
   1.8590000e-01   3.2220395e+02  -5.2246758e+01  -2.5722465e+02
   1.8600000e-01   3.1402567e+02  -4.1627583e+01  -2.6320620e+02
   1.8610000e-01   3.1280540e+02  -3.0398050e+01  -2.6906569e+02
   1.8620000e-01   3.0682439e+02  -2.0267144e+01  -2.7480311e+02
   1.8630000e-01   3.0316271e+02  -9.7700215e+00  -2.7944189e+02
   1.8640000e-01   2.9852447e+02  -3.7152599e-01  -2.8420276e+02
   1.8650000e-01   2.9339794e+02   8.2945535e+00  -2.8896362e+02
   1.8660000e-01   2.8644035e+02   1.5373725e+01  -2.9091687e+02
   1.8670000e-01   2.8424350e+02   2.4283956e+01  -2.9604395e+02
   1.8680000e-01   2.7606521e+02   3.4781108e+01  -3.0153724e+02
   1.8690000e-01   2.7521113e+02   4.5644476e+01  -3.0349050e+02
   1.8700000e-01   2.6837560e+02   5.2967810e+01  -3.0690860e+02
   1.8710000e-01   2.6434768e+02   6.2122205e+01  -3.1130326e+02
   1.8720000e-01   2.5714594e+02   7.0544184e+01  -3.1630828e+02
   1.8730000e-01   2.2723911e+02   8.1407575e+01  -2.8444806e+02
   1.8740000e-01   2.3712720e+02   9.0928197e+01  -2.9921871e+02
   1.8750000e-01   2.0746450e+02   9.7030857e+01  -2.9909678e+02
   1.8760000e-01   2.0990629e+02   1.0801633e+02  -2.9702172e+02
   1.8770000e-01   2.0026312e+02   1.1631627e+02  -3.0690956e+02
   1.8780000e-01   2.0087385e+02   1.2681348e+02  -3.0886282e+02
   1.8790000e-01   1.9635762e+02   1.3718862e+02  -3.0996160e+02
   1.8800000e-01   1.8488338e+02   1.4951689e+02  -3.1264728e+02
   1.8810000e-01   1.7987886e+02   1.6233345e+02  -3.1203707e+02
   1.8820000e-01   1.6669562e+02   1.6941271e+02  -3.1545518e+02
   1.8830000e-01   1.6462078e+02   1.7563748e+02  -3.1667603e+02
   1.8840000e-01   1.5583207e+02   1.8698921e+02  -3.1765273e+02
   1.8850000e-01   1.4887440e+02   1.9272571e+02  -3.1850736e+02
   1.8860000e-01   1.4032982e+02   2.0114776e+02  -3.1923992e+02
   1.8870000e-01   1.2909968e+02   2.1335399e+02  -3.2009455e+02
   1.8880000e-01   1.2263029e+02   2.2360711e+02  -3.1814157e+02
   1.8890000e-01   1.1274292e+02   2.3080847e+02  -3.1704307e+02
   1.8900000e-01   1.0358796e+02   2.3886432e+02  -3.1509008e+02
   1.8910000e-01   9.3334367e+01   2.4655397e+02  -3.1362537e+02
   1.8920000e-01   8.1860065e+01   2.5485398e+02  -3.1081788e+02
   1.8930000e-01   7.0996110e+01   2.6449676e+02  -3.0752211e+02
   1.8940000e-01   4.5849922e+01   2.7670303e+02  -3.0459255e+02
   1.8950000e-01   4.1943964e+01   2.8720031e+02  -2.9873330e+02
   1.8960000e-01   2.2779211e+01   2.9403548e+02  -2.9555960e+02
   1.8970000e-01   1.2037304e+01   3.0050445e+02  -2.9018862e+02
   1.8980000e-01   4.1030087e+00   3.0575272e+02  -2.8530593e+02
   1.8990000e-01  -8.9582450e+00   3.1014650e+02  -2.8091151e+02
   1.9000000e-01  -1.3352512e+01   3.1185473e+02  -2.7309912e+02
   1.9010000e-01  -2.8000691e+01   3.1685887e+02  -2.7053576e+02
   1.9020000e-01  -3.5324656e+01   3.2222922e+02  -2.6516477e+02
   1.9030000e-01  -4.2404486e+01   3.2552437e+02  -2.5893929e+02
   1.9040000e-01  -5.2902290e+01   3.3162715e+02  -2.5417864e+02
   1.9050000e-01  -6.3522170e+01   3.3602094e+02  -2.4819729e+02
   1.9060000e-01  -7.6339320e+01   3.3870575e+02  -2.4307043e+02
   1.9070000e-01  -8.5982648e+01   3.4322162e+02  -2.3721114e+02
   1.9080000e-01  -9.4039067e+01   3.4651678e+02  -2.3098564e+02
   1.9090000e-01  -1.0319412e+02   3.4785882e+02  -2.2366150e+02
   1.9100000e-01  -1.1198297e+02   3.4883466e+02  -2.1658150e+02
   1.9110000e-01  -1.2455601e+02   3.4822357e+02  -2.0925736e+02
   1.9120000e-01  -1.3261245e+02   3.4932148e+02  -2.0156699e+02
   1.9130000e-01  -1.4152339e+02   3.5005317e+02  -1.9180143e+02
   1.9140000e-01  -1.5141089e+02   3.5115107e+02  -1.8252415e+02
   1.9150000e-01  -1.6154254e+02   3.5078413e+02  -1.7397928e+02
   1.9160000e-01  -1.6862243e+02   3.5066133e+02  -1.6555648e+02
   1.9170000e-01  -1.7899823e+02   3.5053853e+02  -1.5725574e+02
   1.9180000e-01  -1.8436915e+02   3.5053780e+02  -1.4834465e+02
   1.9190000e-01  -1.9437875e+02   3.4882809e+02  -1.3918941e+02
   1.9200000e-01  -2.0292350e+02   3.4882736e+02  -1.2917967e+02
   1.9210000e-01  -2.1171241e+02   3.4748385e+02  -1.1892579e+02
   1.9220000e-01  -2.2025717e+02   3.4516378e+02  -1.0977054e+02
   1.9230000e-01  -2.2684881e+02   3.4259957e+02  -1.0073735e+02
   1.9240000e-01  -2.3612601e+02   3.3966915e+02  -9.0849665e+01
   1.9250000e-01  -2.4198524e+02   3.3551802e+02  -7.8886778e+01
   1.9260000e-01  -2.4955346e+02   3.3112275e+02  -6.7656309e+01
   1.9270000e-01  -2.6041757e+02   3.2575091e+02  -4.9345756e+01
   1.9280000e-01  -2.6993892e+02   3.2013494e+02  -3.8481486e+01
   1.9290000e-01  -2.8422102e+02   3.1415274e+02  -2.2978540e+01
   1.9300000e-01  -2.8373261e+02   3.0865883e+02  -1.0527346e+01
   1.9310000e-01  -2.9447467e+02   2.9974695e+02  -3.9548211e-01
   1.9320000e-01  -2.9239935e+02   2.9486338e+02   1.0712949e+01
   1.9330000e-01  -2.9862481e+02   2.8814876e+02   2.0966894e+01
   1.9340000e-01  -3.0436200e+02   2.8253277e+02   3.0000140e+01
   1.9350000e-01  -3.0692536e+02   2.7703884e+02   4.1230658e+01
   1.9360000e-01  -3.1547017e+02   2.7093456e+02   5.1728758e+01
   1.9370000e-01  -2.9288705e+02   2.3211543e+02   6.0029599e+01
   1.9380000e-01  -3.0301877e+02   2.3321329e+02   6.9307007e+01
   1.9390000e-01  -2.7994737e+02   2.2356896e+02   8.2856881e+01
   1.9400000e-01  -3.0253027e+02   2.0745490e+02   8.9570823e+01
   1.9410000e-01  -2.9374110e+02   2.0501271e+02   1.0482969e+02
   1.9420000e-01  -3.0607010e+02   2.0086153e+02   1.1313056e+02
   1.9430000e-01  -3.0838933e+02   1.9365859e+02   1.2301834e+02
   1.9440000e-01  -3.0680231e+02   1.8596736e+02   1.3351648e+02
   1.9450000e-01  -3.1473678e+02   1.7534644e+02   1.4218357e+02
   1.9460000e-01  -3.1339390e+02   1.6826556e+02   1.5390243e+02
   1.9470000e-01  -3.1681177e+02   1.5886534e+02   1.6232539e+02
   1.9480000e-01  -3.1852065e+02   1.5092995e+02   1.7099249e+02
   1.9490000e-01  -3.1998540e+02   1.4287250e+02   1.8112445e+02
   1.9500000e-01  -3.2096186e+02   1.3676816e+02   1.8918121e+02
   1.9510000e-01  -3.2242660e+02   1.2797827e+02   1.9601727e+02
   1.9520000e-01  -3.2401341e+02   1.1906630e+02   2.0517268e+02
   1.9530000e-01  -3.2511194e+02   1.0991019e+02   2.1322945e+02
   1.9540000e-01  -3.2584426e+02   1.0099822e+02   2.2238486e+02
   1.9550000e-01  -3.2608829e+02   8.9766902e+01   2.3092993e+02
   1.9560000e-01  -3.2596611e+02   7.6826598e+01   2.3801015e+02
   1.9570000e-01  -3.2547773e+02   6.5106991e+01   2.4362553e+02
   1.9580000e-01  -3.2462312e+02   5.7537770e+01   2.5131612e+02
   1.9590000e-01  -3.2218161e+02   4.9358193e+01   2.5900670e+02
   1.9600000e-01  -3.1656626e+02   3.8981345e+01   2.6633108e+02
   1.9610000e-01  -3.1278197e+02   2.8238281e+01   2.7060370e+02
   1.9620000e-01  -3.0887560e+02   1.8349704e+01   2.7524254e+02
   1.9630000e-01  -3.0313818e+02   7.3624894e+00   2.8159036e+02
   1.9640000e-01  -3.0081872e+02  -1.4274648e+00   2.8781612e+02
   1.9650000e-01  -2.9386059e+02  -9.3629318e+00   2.9086805e+02
   1.9660000e-01  -2.8983214e+02  -1.7176333e+01   2.9306549e+02
   1.9670000e-01  -2.7591600e+02  -2.5966303e+01   2.9392016e+02
   1.9680000e-01  -2.8043247e+02  -3.3657644e+01   2.9819280e+02
   1.9690000e-01  -2.8006612e+02  -4.4889029e+01   3.0466271e+02
   1.9700000e-01  -2.6749274e+02  -5.4777646e+01   3.0930156e+02
   1.9710000e-01  -2.6602776e+02  -6.4300057e+01   3.1174315e+02
   1.9720000e-01  -2.5784890e+02  -7.2601770e+01   3.1687029e+02
   1.9730000e-01  -2.5198938e+02  -8.4321456e+01   3.2016638e+02
   1.9740000e-01  -2.1390329e+02  -9.2256967e+01   3.0441949e+02
   1.9750000e-01  -2.1768731e+02  -1.0043662e+02   2.9733960e+02
   1.9760000e-01  -2.1072914e+02  -1.0800593e+02   3.0039155e+02
   1.9770000e-01  -1.9693503e+02  -1.1887115e+02   3.0246694e+02
   1.9780000e-01  -2.0609014e+02  -1.3132328e+02   3.0588509e+02
   1.9790000e-01  -1.8887805e+02  -1.3938088e+02   3.1272122e+02
   1.9800000e-01  -1.8607026e+02  -1.5183302e+02   3.1211106e+02
   1.9810000e-01  -1.7557203e+02  -1.6086720e+02   3.1394231e+02
   1.9820000e-01  -1.6836969e+02  -1.6758204e+02   3.1565148e+02
   1.9830000e-01  -1.6568396e+02  -1.7588380e+02   3.1589581e+02
   1.9840000e-01  -1.5384294e+02  -1.8211037e+02   3.1906983e+02
   1.9850000e-01  -1.5066891e+02  -1.9236527e+02   3.1833760e+02
   1.9860000e-01  -1.3833961e+02  -2.0005669e+02   3.1882607e+02
   1.9870000e-01  -1.2991654e+02  -2.0921296e+02   3.1736141e+02
   1.9880000e-01  -1.2161555e+02  -2.1812509e+02   3.1797195e+02
   1.9890000e-01  -1.1148349e+02  -2.2569446e+02   3.1711764e+02
   1.9900000e-01  -1.0318249e+02  -2.3350796e+02   3.1577505e+02
   1.9910000e-01  -9.3172492e+01  -2.4229804e+02   3.1333382e+02
   1.9920000e-01  -8.2307999e+01  -2.5108811e+02   3.1077052e+02
   1.9930000e-01  -7.0222798e+01  -2.5914577e+02   3.0698652e+02
   1.9940000e-01  -4.6785053e+01  -2.7062140e+02   3.0454529e+02
   1.9950000e-01  -4.0070935e+01  -2.8295152e+02   2.9905230e+02
   1.9960000e-01  -2.4201539e+01  -2.9003262e+02   2.9514622e+02
   1.9970000e-01  -1.1383895e+01  -2.9552681e+02   2.9001944e+02
   1.9980000e-01  -4.4256210e+00  -3.0004445e+02   2.8501472e+02
   1.9990000e-01   7.2934005e+00  -3.0395173e+02   2.8013207e+02
   2.0000000e-01   1.3641333e+01  -3.0676038e+02   2.7244180e+02
   2.0010000e-01   2.6947279e+01  -3.1213251e+02   2.6902399e+02
   2.0020000e-01   3.5248348e+01  -3.1884741e+02   2.6426340e+02
   2.0030000e-01   4.4892195e+01  -3.2177813e+02   2.5913659e+02
   2.0040000e-01   5.4047765e+01  -3.2580749e+02   2.5352151e+02
   2.0050000e-01   6.3691623e+01  -3.3008100e+02   2.4692985e+02
   2.0060000e-01   7.4067907e+01  -3.3435450e+02   2.4192511e+02
   2.0070000e-01   8.5420758e+01  -3.3838386e+02   2.3606587e+02
   2.0080000e-01   9.6529474e+01  -3.4180287e+02   2.2861971e+02
   2.0090000e-01   1.0324366e+02  -3.4400118e+02   2.2166183e+02
   2.0100000e-01   1.1288755e+02  -3.4595535e+02   2.1592465e+02
   2.0110000e-01   1.2192108e+02  -3.4778745e+02   2.0896676e+02
   2.0120000e-01   1.3388431e+02  -3.4852091e+02   2.0091023e+02
   2.0130000e-01   1.4242957e+02  -3.4913231e+02   1.9053436e+02
   2.0140000e-01   1.5048656e+02  -3.4937749e+02   1.8052470e+02
   2.0150000e-01   1.5939804e+02  -3.5011096e+02   1.7222402e+02
   2.0160000e-01   1.6611226e+02  -3.4876922e+02   1.6441162e+02
   2.0170000e-01   1.7624446e+02  -3.4632886e+02   1.5598885e+02
   2.0180000e-01   1.8588838e+02  -3.4730646e+02   1.4634538e+02
   2.0190000e-01   1.9333504e+02  -3.4706336e+02   1.3670191e+02
   2.0200000e-01   2.0175826e+02  -3.4535541e+02   1.2730257e+02
   2.0210000e-01   2.1066977e+02  -3.4279297e+02   1.1851358e+02
   2.0220000e-01   2.1811644e+02  -3.4035259e+02   1.0850388e+02
   2.0230000e-01   2.2605139e+02  -3.3852257e+02   9.7883822e+01
   2.0240000e-01   2.3447463e+02  -3.3547184e+02   8.7141689e+01
   2.0250000e-01   2.4131096e+02  -3.3156662e+02   7.6399551e+01
   2.0260000e-01   2.4875764e+02  -3.2717311e+02   6.6511900e+01
   2.0270000e-01   2.6645823e+02  -3.2302374e+02   4.5515845e+01
   2.0280000e-01   2.6719105e+02  -3.1679917e+02   3.5384042e+01
   2.0290000e-01   2.8196196e+02  -3.0996425e+02   2.1712195e+01
   2.0300000e-01   2.8623483e+02  -3.0435003e+02   7.5520608e+00
   2.0310000e-01   2.9099598e+02  -2.9812545e+02  -1.9694065e+00
   2.0320000e-01   2.9453643e+02  -2.9214501e+02  -1.1857090e+01
   2.0330000e-01   2.9758860e+02  -2.8689699e+02  -2.2110990e+01
   2.0340000e-01   3.0076284e+02  -2.7908549e+02  -3.1266263e+01
   2.0350000e-01   3.0772127e+02  -2.7395953e+02  -4.2740877e+01
   2.0360000e-01   3.0882032e+02  -2.6846736e+02  -5.1041668e+01
   2.0370000e-01   2.9221918e+02  -2.3160311e+02  -5.7511409e+01
   2.0380000e-01   3.0479284e+02  -2.3026131e+02  -7.0939164e+01
   2.0390000e-01   2.8184405e+02  -2.2281600e+02  -8.2535869e+01
   2.0400000e-01   2.9795775e+02  -2.1012166e+02  -9.0592541e+01
   2.0410000e-01   2.8941326e+02  -2.0755916e+02  -1.0572930e+02
   2.0420000e-01   3.0406212e+02  -2.0096832e+02  -1.1244320e+02
   2.0430000e-01   3.0662603e+02  -1.9364506e+02  -1.2111024e+02
   2.0440000e-01   3.0833544e+02  -1.8485695e+02  -1.3185248e+02
   2.0450000e-01   3.1273040e+02  -1.7667919e+02  -1.4112988e+02
   2.0460000e-01   3.0711559e+02  -1.6984420e+02  -1.4943072e+02
   2.0470000e-01   3.1627130e+02  -1.6215471e+02  -1.5748743e+02
