   0.0000000e+00   2.7545636e+01  -2.7357691e+02   2.6394338e+02
   1.3671474e-04   4.3658941e+01  -2.7907016e+02   2.5539853e+02
   2.7342949e-04   5.8551547e+01  -2.8541790e+02   2.4709782e+02
   4.1014423e-04   7.1368962e+01  -2.9115529e+02   2.4087230e+02
   5.4685898e-04   8.3576028e+01  -2.9493955e+02   2.3379229e+02
   6.8357372e-04   9.6759661e+01  -2.9847968e+02   2.2646813e+02
   8.2028847e-04   1.0835638e+02  -3.0140946e+02   2.1816741e+02
   9.5700321e-04   1.2092967e+02  -3.0397302e+02   2.0827977e+02
   1.0937180e-03   1.3399125e+02  -3.0568209e+02   1.9827006e+02
   1.2304327e-03   1.4729696e+02  -3.0592632e+02   1.8960312e+02
   1.3671474e-03   1.6157925e+02  -3.0690297e+02   1.7898305e+02
   1.5038622e-03   1.7244357e+02  -3.0812377e+02   1.6738642e+02
   1.6405769e-03   1.8318582e+02  -3.0824593e+02   1.5737669e+02
   1.7772917e-03   1.9429428e+02  -3.0873430e+02   1.4516970e+02
   1.9140064e-03   2.0637931e+02  -3.0922267e+02   1.3198614e+02
   2.0507212e-03   2.1968505e+02  -3.0910068e+02   1.1880258e+02
   2.1874359e-03   2.2957282e+02  -3.0873456e+02   1.0622937e+02
   2.3241507e-03   2.3872817e+02  -3.0726980e+02   9.2313374e+01
   2.4608654e-03   2.4886009e+02  -3.0092223e+02   7.8275309e+01
   2.5975801e-03   2.5630646e+02  -2.9530708e+02   6.1673764e+01
   2.7342949e-03   2.6558389e+02  -2.8627396e+02   4.6659129e+01
   2.8710096e-03   2.7437304e+02  -2.7602013e+02   3.4085897e+01
   3.0077244e-03   2.8181942e+02  -2.6674286e+02   2.1024379e+01
   3.1444391e-03   2.8767889e+02  -2.5856423e+02   6.7421550e+00
   3.2811539e-03   2.9463699e+02  -2.5075180e+02  -8.3945651e+00
   3.4178686e-03   3.0037439e+02  -2.4293938e+02  -2.3287148e+01
   3.5545834e-03   3.0782078e+02  -2.3646972e+02  -3.8545946e+01
   3.6912981e-03   3.1368025e+02  -2.2987799e+02  -5.2461974e+01
   3.8280129e-03   3.1868523e+02  -2.2182142e+02  -6.4180740e+01
   3.9647276e-03   3.2307987e+02  -2.1388691e+02  -7.5655370e+01
   4.1014423e-03   3.2625380e+02  -2.0570826e+02  -8.6397580e+01
   4.2381571e-03   3.2918359e+02  -1.9643097e+02  -9.7139795e+01
   4.3748718e-03   3.3101474e+02  -1.8678747e+02  -1.0934686e+02
   4.5115866e-03   3.3162520e+02  -1.7751018e+02  -1.2253048e+02
   4.6483013e-03   3.3199151e+02  -1.6701218e+02  -1.3534790e+02
   4.7850161e-03   3.3235783e+02  -1.5688039e+02  -1.4755498e+02
   4.9217308e-03   3.3406691e+02  -1.4687067e+02  -1.5817514e+02
   5.0584456e-03   3.3443323e+02  -1.3600645e+02  -1.6891737e+02
   5.1951603e-03   3.3333470e+02  -1.2367738e+02  -1.7990375e+02
   5.3318750e-03   3.3321273e+02  -1.1086003e+02  -1.9174462e+02
   5.4685898e-03   3.3150384e+02  -9.7920606e+01  -2.0236479e+02
   5.6053045e-03   3.2894047e+02  -8.5591530e+01  -2.1139806e+02
   5.7420193e-03   3.2686537e+02  -7.1187254e+01  -2.2079753e+02
   5.8787340e-03   3.1783226e+02  -5.5196061e+01  -2.3007494e+02
   6.0154488e-03   3.0867708e+02  -3.9449005e+01  -2.3849786e+02
   6.1521635e-03   2.9927776e+02  -2.6021282e+01  -2.4667663e+02
   6.2888783e-03   2.9097707e+02  -1.1739062e+01  -2.5314643e+02
   6.4255930e-03   2.8108947e+02   1.3224580e+00  -2.6095900e+02
   6.5623077e-03   2.7547432e+02   1.5970896e+01  -2.6791709e+02
   6.6990225e-03   2.6546464e+02   3.0008986e+01  -2.7487517e+02
   6.8357372e-03   2.5667566e+02   4.4535360e+01  -2.8110083e+02
   6.9724520e-03   2.4874117e+02   5.7718965e+01  -2.8769271e+02
   7.1091667e-03   2.4153910e+02   6.9681871e+01  -2.9416252e+02
   7.2458815e-03   2.3116320e+02   8.0179936e+01  -2.9819092e+02
   7.3825962e-03   2.2335078e+02   9.1898707e+01  -3.0148690e+02
   7.5193110e-03   2.1627077e+02   1.0434990e+02  -3.0502702e+02
   7.6560257e-03   2.0662728e+02   1.1472591e+02  -3.0807886e+02
   7.7927404e-03   1.9576308e+02   1.2595641e+02  -3.0991000e+02
   7.9294552e-03   1.8367818e+02   1.3767520e+02  -3.1100872e+02
   8.0661699e-03   1.7098293e+02   1.4890570e+02  -3.1210744e+02
   8.2028847e-03   1.5987458e+02   1.6099070e+02  -3.1369444e+02
   8.3395994e-03   1.5035315e+02   1.7063430e+02  -3.1479316e+02
   8.4763142e-03   1.3655925e+02   1.8088826e+02  -3.1576980e+02
   8.6130289e-03   1.2337570e+02   1.9211878e+02  -3.1613610e+02
   8.7497437e-03   1.0848316e+02   2.0395965e+02  -3.1638032e+02
   8.8864584e-03   9.4445107e+01   2.1335912e+02  -3.1577006e+02
   9.0231732e-03   7.9064278e+01   2.2092754e+02  -3.1369494e+02
   9.1598879e-03   6.3073095e+01   2.3069322e+02  -3.0820186e+02
   9.2966026e-03   4.7936399e+01   2.4119133e+02  -3.0148807e+02
   9.4333174e-03   3.2799700e+01   2.4900390e+02  -2.9233288e+02
   9.5700321e-03   1.8273348e+01   2.5461920e+02  -2.8342182e+02
   9.7067469e-03   3.7469925e+00   2.6182141e+02  -2.7597561e+02
   9.8434616e-03  -1.1755930e+01   2.6914570e+02  -2.6877354e+02
   9.9801764e-03  -2.6770574e+01   2.7402859e+02  -2.6254802e+02
   1.0116891e-02  -4.2029364e+01   2.7964390e+02  -2.5595630e+02
   1.0253606e-02  -5.5945383e+01   2.8574749e+02  -2.4753351e+02
   1.0390321e-02  -7.0715899e+01   2.9099659e+02  -2.4033143e+02
   1.0527035e-02  -8.4143645e+01   2.9563534e+02  -2.3300727e+02
   1.0663750e-02  -9.6350692e+01   2.9990788e+02  -2.2665968e+02
   1.0800465e-02  -1.0697083e+02   3.0405835e+02  -2.1909138e+02
   1.0937180e-02  -1.1759097e+02   3.0491292e+02  -2.1054651e+02
   1.1073894e-02  -1.3199529e+02   3.0466886e+02  -2.0078094e+02
   1.1210609e-02  -1.4676583e+02   3.0686620e+02  -1.9077122e+02
   1.1347324e-02  -1.5994946e+02   3.0796492e+02  -1.8002908e+02
   1.1484039e-02  -1.7179031e+02   3.0820914e+02  -1.6953108e+02
   1.1620753e-02  -1.8106770e+02   3.0906371e+02  -1.6000963e+02
   1.1757468e-02  -1.9144372e+02   3.0918586e+02  -1.4914541e+02
   1.1894183e-02  -2.0377287e+02   3.0906387e+02  -1.3632806e+02
   1.2030898e-02  -2.1585788e+02   3.0930809e+02  -1.2375485e+02
   1.2167612e-02  -2.2745461e+02   3.0857575e+02  -1.1142577e+02
   1.2304327e-02  -2.3819685e+02   3.0650063e+02  -9.8486344e+01
   1.2441042e-02  -2.4747425e+02   3.0308273e+02  -8.3349645e+01
   1.2577757e-02  -2.5467646e+02   2.9661308e+02  -6.7358450e+01
   1.2714471e-02  -2.6248903e+02   2.8660339e+02  -5.3076235e+01
   1.2851186e-02  -2.7152229e+02   2.7732612e+02  -3.9282298e+01
   1.2987901e-02  -2.7994521e+02   2.6890334e+02  -2.5610428e+01
   1.3124615e-02  -2.8775778e+02   2.5987020e+02  -1.1450272e+01
   1.3261330e-02  -2.9459379e+02   2.5144742e+02   2.9540272e+00
   1.3398045e-02  -3.0069738e+02   2.4424533e+02   1.7358331e+01
   1.3534760e-02  -3.0667890e+02   2.3655497e+02   3.2006778e+01
   1.3671474e-02  -3.1229421e+02   2.2886460e+02   4.4824175e+01
   1.3808189e-02  -3.1729917e+02   2.2154043e+02   5.7275365e+01
   1.3944904e-02  -3.2193792e+02   2.1385006e+02   6.9604488e+01
   1.4081619e-02  -3.2511182e+02   2.0542726e+02   8.1811544e+01
   1.4218333e-02  -3.2669881e+02   1.9614996e+02   9.3652393e+01
   1.4355048e-02  -3.2816374e+02   1.8748302e+02   1.0463875e+02
   1.4491763e-02  -3.3060522e+02   1.7735123e+02   1.1708996e+02
   1.4628478e-02  -3.3207015e+02   1.6734150e+02   1.3063980e+02
   1.4765192e-02  -3.3255851e+02   1.5708763e+02   1.4357930e+02
   1.4901907e-02  -3.3292480e+02   1.4719997e+02   1.5480981e+02
   1.5038622e-02  -3.3231453e+02   1.3719024e+02   1.6481963e+02
   1.5175337e-02  -3.3304703e+02   1.2437288e+02   1.7727085e+02
   1.5312051e-02  -3.3316918e+02   1.1106724e+02   1.8801309e+02
   1.5448766e-02  -3.3133820e+02   9.8616090e+01   1.9838913e+02
   1.5585481e-02  -3.2865273e+02   8.6287005e+01   2.0913137e+02
   1.5722196e-02  -3.2645554e+02   7.1516511e+01   2.1865292e+02
   1.5858910e-02  -3.2023003e+02   5.6623943e+01   2.2866275e+02
   1.5995625e-02  -3.0924378e+02   4.0754809e+01   2.3671946e+02
   1.6132340e-02  -2.9960029e+02   2.6228444e+01   2.4563066e+02
   1.6269055e-02  -2.9215407e+02   1.3411061e+01   2.5454187e+02
   1.6405769e-02  -2.8446371e+02  -1.3874860e-01   2.6247651e+02
   1.6542484e-02  -2.7506436e+02  -1.5153405e+01   2.6821390e+02
   1.6679199e-02  -2.6676365e+02  -2.9557714e+01   2.7468370e+02
   1.6815914e-02  -2.5931742e+02  -4.2741323e+01   2.8359491e+02
   1.6952628e-02  -2.5065049e+02  -5.5436654e+01   2.8957644e+02
   1.7089343e-02  -2.4161734e+02  -6.7033357e+01   2.9506969e+02
   1.7226058e-02  -2.3282833e+02  -7.8996273e+01   3.0068501e+02
   1.7362773e-02  -2.2526002e+02  -9.0837123e+01   3.0556790e+02
   1.7499487e-02  -2.1647101e+02  -1.0243384e+02   3.0788733e+02
   1.7636202e-02  -2.0658335e+02  -1.1329813e+02   3.0947433e+02
   1.7772917e-02  -1.9681777e+02  -1.2489485e+02   3.1252617e+02
   1.7909632e-02  -1.8595355e+02  -1.3649157e+02   3.1423524e+02
   1.8046346e-02  -1.7374656e+02  -1.4772209e+02   3.1472361e+02
   1.8183061e-02  -1.6202784e+02  -1.5809811e+02   3.1643269e+02
   1.8319776e-02  -1.5152982e+02  -1.6823000e+02   3.1814176e+02
   1.8456491e-02  -1.3871246e+02  -1.7958259e+02   3.1863013e+02
   1.8593205e-02  -1.2504061e+02  -1.8995863e+02   3.1911850e+02
   1.8729920e-02  -1.1161289e+02  -2.0021260e+02   3.1997308e+02
   1.8866635e-02  -9.8795518e+01  -2.1022242e+02   3.2009523e+02
   1.9003350e-02  -8.3292598e+01  -2.1876741e+02   3.1802012e+02
   1.9140064e-02  -6.6813112e+01  -2.2853311e+02   3.1435810e+02
   1.9276779e-02  -4.9234988e+01  -2.3756638e+02   3.0532498e+02
   1.9413494e-02  -3.4220338e+01  -2.4562309e+02   2.9653600e+02
   1.9550208e-02  -2.1525019e+01  -2.5355774e+02   2.8860151e+02
   1.9686923e-02  -8.7076264e+00  -2.6100410e+02   2.8017874e+02
   1.9823638e-02   6.0628953e+00  -2.6710770e+02   2.7322081e+02
   1.9960353e-02   2.3396898e+01  -2.7260094e+02   2.6589666e+02
   2.0097067e-02   3.9754341e+01  -2.7797212e+02   2.5759595e+02
   2.0233782e-02   5.4524875e+01  -2.8407572e+02   2.4941731e+02
   2.0370497e-02   6.6976076e+01  -2.8969103e+02   2.4306973e+02
   2.0507212e-02   7.9305211e+01  -2.9310909e+02   2.3598971e+02
   2.0643926e-02   9.2855053e+01  -2.9677128e+02   2.2890970e+02
   2.0780641e-02   1.0506212e+02  -3.0043348e+02   2.2048691e+02
   2.0917356e-02   1.1775748e+02  -3.0336326e+02   2.1059927e+02
   2.1054071e-02   1.3033077e+02  -3.0519440e+02   2.0083370e+02
   2.1190785e-02   1.4363649e+02  -3.0556070e+02   1.9253298e+02
   2.1327500e-02   1.5596564e+02  -3.0678149e+02   1.8215705e+02
   2.1464215e-02   1.6866101e+02  -3.0763607e+02   1.7080456e+02
   2.1600930e-02   1.8013569e+02  -3.0812444e+02   1.6055069e+02
   2.1737644e-02   1.9173243e+02  -3.0873488e+02   1.4870991e+02
   2.1874359e-02   2.0369539e+02  -3.0922325e+02   1.3564843e+02
   2.2011074e-02   2.1455972e+02  -3.0922334e+02   1.2295315e+02
   2.2147789e-02   2.2579026e+02  -3.0885721e+02   1.1074615e+02
   2.2284503e-02   2.3518975e+02  -3.0800280e+02   9.6830156e+01
   2.2421218e-02   2.4629823e+02  -3.0263179e+02   8.2914163e+01
   2.2557933e-02   2.5423288e+02  -2.9787113e+02   6.6190549e+01
   2.2694648e-02   2.6375445e+02  -2.8896008e+02   5.0687634e+01
   2.2831362e-02   2.7254360e+02  -2.7870626e+02   3.7870263e+01
   2.2968077e-02   2.8011205e+02  -2.6918485e+02   2.4808748e+01
   2.3104792e-02   2.8609358e+02  -2.6100622e+02   1.0892736e+01
   2.3241507e-02   2.9305168e+02  -2.5343793e+02  -4.2439823e+00
   2.3378221e-02   2.9903322e+02  -2.4550343e+02  -1.9258634e+01
   2.3514936e-02   3.0611340e+02  -2.3866757e+02  -3.4761571e+01
   2.3651651e-02   3.1172873e+02  -2.3183170e+02  -4.8555527e+01
   2.3788366e-02   3.1685578e+02  -2.2377512e+02  -6.0152221e+01
   2.3925080e-02   3.2161662e+02  -2.1596269e+02  -7.1626848e+01
   2.4061795e-02   3.2515676e+02  -2.0802818e+02  -8.2613198e+01
   2.4198510e-02   3.2845276e+02  -1.9875089e+02  -9.4087833e+01
   2.4335225e-02   3.3040598e+02  -1.8935153e+02  -1.0592868e+02
   2.4471939e-02   3.3113851e+02  -1.8019631e+02  -1.1899024e+02
   2.4608654e-02   3.3150482e+02  -1.6982038e+02  -1.3192973e+02
   2.4745369e-02   3.3223735e+02  -1.5981066e+02  -1.4413680e+02
   2.4882084e-02   3.3382436e+02  -1.4992301e+02  -1.5548938e+02
   2.5018798e-02   3.3443481e+02  -1.3991328e+02  -1.6562126e+02
   2.5155513e-02   3.3345835e+02  -1.2770629e+02  -1.7660763e+02
   2.5292228e-02   3.3345845e+02  -1.1488894e+02  -1.8844851e+02
   2.5428943e-02   3.3187164e+02  -1.0207158e+02  -1.9906868e+02
   2.5565657e-02   3.2967447e+02  -8.9742506e+01  -2.0797987e+02
   2.5702372e-02   3.2820973e+02  -7.5338231e+01  -2.1762348e+02
   2.5839087e-02   3.2027525e+02  -5.9713250e+01  -2.2690089e+02
   2.5975801e-02   3.1148628e+02  -4.3722053e+01  -2.3593415e+02
   2.6112516e-02   3.0184282e+02  -2.9683979e+01  -2.4496742e+02
   2.6249231e-02   2.9342006e+02  -1.5279689e+01  -2.5192550e+02
   2.6385946e-02   2.8365453e+02  -2.3402400e+00  -2.5949393e+02
   2.6522660e-02   2.7803938e+02   1.1941986e+01  -2.6645201e+02
   2.6659375e-02   2.6778556e+02   2.6102146e+01  -2.7328803e+02
   2.6796090e-02   2.5936279e+02   4.0750591e+01  -2.7926955e+02
   2.6932805e-02   2.5106209e+02   5.3934195e+01  -2.8573935e+02
   2.7069519e-02   2.4410416e+02   6.6141241e+01  -2.9245330e+02
   2.7206234e-02   2.3360619e+02   7.6639305e+01  -2.9672584e+02
   2.7342949e-02   2.2567169e+02   8.8480147e+01  -3.0026596e+02
   2.7479664e-02   2.1871375e+02   1.0141962e+02  -3.0417229e+02
   2.7616378e-02   2.0907026e+02   1.1203977e+02  -3.0746827e+02
   2.7753093e-02   1.9845021e+02   1.2290406e+02  -3.0942148e+02
   2.7889808e-02   1.8673152e+02   1.3474491e+02  -3.1064227e+02
   2.8026523e-02   1.7440247e+02   1.4609749e+02  -3.1186306e+02
   2.8163237e-02   1.6317206e+02   1.5830456e+02  -3.1357213e+02
   2.8299952e-02   1.5401684e+02   1.6794816e+02  -3.1467085e+02
   2.8436667e-02   1.4083329e+02   1.7795798e+02  -3.1564749e+02
   2.8573382e-02   1.2789388e+02   1.8882228e+02  -3.1625793e+02
   2.8710096e-02   1.1300134e+02   2.0066316e+02  -3.1650215e+02
   2.8846811e-02   9.8719146e+01   2.1006263e+02  -3.1625809e+02
   2.8983526e-02   8.3582459e+01   2.1763104e+02  -3.1479333e+02
   2.9120241e-02   6.7835416e+01   2.2739673e+02  -3.0991060e+02
   2.9256955e-02   5.2698720e+01   2.3838312e+02  -3.0380717e+02
   2.9393670e-02   3.6951670e+01   2.4692811e+02  -2.9514025e+02
   2.9530385e-02   2.2059107e+01   2.5303169e+02  -2.8708369e+02
   2.9667100e-02   7.7768921e+00   2.6084426e+02  -2.7902712e+02
   2.9803814e-02  -7.3598190e+00   2.6829062e+02  -2.7084849e+02
   2.9940529e-02  -2.2618604e+01   2.7305143e+02  -2.6376848e+02
   3.0077244e-02  -3.7877393e+01   2.7830053e+02  -2.5729882e+02
   3.0213959e-02  -5.1671343e+01   2.8403791e+02  -2.4936432e+02
   3.0350673e-02  -6.6441859e+01   2.8928701e+02  -2.4228431e+02
   3.0487388e-02  -7.9991675e+01   2.9392576e+02  -2.3520430e+02
   3.0624103e-02  -9.2442862e+01   2.9832037e+02  -2.2885670e+02
   3.0760818e-02  -1.0379542e+02   3.0295912e+02  -2.2116633e+02
   3.0897532e-02  -1.1478177e+02   3.0454611e+02  -2.1262146e+02
   3.1034247e-02  -1.2881988e+02   3.0417998e+02  -2.0297796e+02
   3.1170962e-02  -1.4322421e+02   3.0662147e+02  -1.9357860e+02
   3.1307677e-02  -1.5604163e+02   3.0796433e+02  -1.8332474e+02
   3.1444391e-02  -1.6812663e+02   3.0820855e+02  -1.7282673e+02
   3.1581106e-02  -1.7813643e+02   3.0894105e+02  -1.6342736e+02
   3.1717821e-02  -1.8826831e+02   3.0930734e+02  -1.5292935e+02
   3.1854536e-02  -2.0035332e+02   3.0918535e+02  -1.4023407e+02
   3.1991250e-02  -2.1231626e+02   3.0942957e+02  -1.2741672e+02
   3.2127965e-02  -2.2391299e+02   3.0881930e+02  -1.1520971e+02
   3.2264680e-02  -2.3477730e+02   3.0711039e+02  -1.0239235e+02
   3.2401394e-02  -2.4429885e+02   3.0442492e+02  -8.7621866e+01
   3.2538109e-02  -2.5235555e+02   2.9868769e+02  -7.1630671e+01
   3.2674824e-02  -2.6065639e+02   2.8916628e+02  -5.6860176e+01
   3.2811539e-02  -2.7017794e+02   2.7976694e+02  -4.2944169e+01
   3.2948253e-02  -2.7860086e+02   2.7134416e+02  -2.9394370e+01
   3.3084968e-02  -2.8629136e+02   2.6243310e+02  -1.5600426e+01
   3.3221683e-02  -2.9312737e+02   2.5401032e+02  -1.3181967e+00
   3.3358398e-02  -2.9874268e+02   2.4668616e+02   1.3086106e+01
   3.3495112e-02  -3.0460213e+02   2.3862958e+02   2.8100765e+01
   3.3631827e-02  -3.1009537e+02   2.3093922e+02   4.0796091e+01
   3.3768542e-02  -3.1510033e+02   2.2373713e+02   5.3247280e+01
   3.3905257e-02  -3.2010529e+02   2.1604675e+02   6.5698472e+01
   3.4041971e-02  -3.2401162e+02   2.0774602e+02   7.8027599e+01
   3.4178686e-02  -3.2596482e+02   1.9871287e+02   9.0478798e+01
   3.4315401e-02  -3.2779596e+02   1.9016800e+02   1.0122102e+02
   3.4452116e-02  -3.2999330e+02   1.8052449e+02   1.1330601e+02
   3.4588830e-02  -3.3145823e+02   1.7063684e+02   1.2697793e+02
   3.4725545e-02  -3.3231280e+02   1.6038297e+02   1.4003949e+02
   3.4862260e-02  -3.3280116e+02   1.5037324e+02   1.5200243e+02
   3.4998975e-02  -3.3267917e+02   1.4072972e+02   1.6140189e+02
   3.5135689e-02  -3.3316754e+02   1.2803443e+02   1.7360897e+02
   3.5272404e-02  -3.3328969e+02   1.1485086e+02   1.8483950e+02
   3.5409119e-02  -3.3170285e+02   1.0227764e+02   1.9509346e+02
   3.5545834e-02  -3.2938359e+02   8.9704420e+01   2.0595778e+02
   3.5682548e-02  -3.2755262e+02   7.5300139e+01   2.1608968e+02
   3.5819263e-02  -3.2230367e+02   6.0895853e+01   2.2646572e+02
   3.5955978e-02  -3.1168363e+02   4.4782580e+01   2.3440036e+02
   3.6092693e-02  -3.0191807e+02   3.0012077e+01   2.4355570e+02
   3.6229407e-02  -2.9471600e+02   1.6828484e+01   2.5258898e+02
   3.6366122e-02  -2.8702564e+02   3.7669573e+00   2.6052362e+02
   3.6502837e-02  -2.7774836e+02  -1.1003557e+01   2.6613893e+02
   3.6639552e-02  -2.6956971e+02  -2.5285794e+01   2.7273081e+02
   3.6776266e-02  -2.6187935e+02  -3.8469401e+01   2.8188616e+02
   3.6912981e-02  -2.5309035e+02  -5.1775083e+01   2.8762355e+02
   3.7049696e-02  -2.4405720e+02  -6.3493854e+01   2.9311679e+02
   3.7186411e-02  -2.3502405e+02  -7.5456769e+01   2.9909832e+02
   3.7323125e-02  -2.2757782e+02  -8.7541757e+01   3.0422536e+02
   3.7459840e-02  -2.1866673e+02  -9.9382609e+01   3.0691100e+02
   3.7596555e-02  -2.0902322e+02  -1.1061311e+02   3.0886421e+02
   3.7733270e-02  -1.9974592e+02  -1.2196569e+02   3.1191605e+02
   3.7869984e-02  -1.8924792e+02  -1.3356241e+02   3.1374720e+02
   3.8006699e-02  -1.7728506e+02  -1.4467085e+02   3.1435764e+02
   3.8143414e-02  -1.6568842e+02  -1.5516895e+02   3.1631085e+02
   3.8280129e-02  -1.5555661e+02  -1.6554498e+02   3.1801992e+02
   3.8416843e-02  -1.4298340e+02  -1.7628722e+02   3.1863036e+02
   3.8553558e-02  -1.2955568e+02  -1.8666325e+02   3.1924080e+02
   3.8690273e-02  -1.1600590e+02  -1.9728343e+02   3.2009538e+02
   3.8826987e-02  -1.0282232e+02  -2.0741532e+02   3.2033961e+02
   3.8963702e-02  -8.7075261e+01  -2.1596031e+02   3.1838657e+02
   3.9100417e-02  -7.1084057e+01  -2.2609221e+02   3.1570111e+02
   3.9237132e-02  -5.3750077e+01  -2.3561377e+02   3.0788870e+02
   3.9373846e-02  -3.8369217e+01  -2.4403669e+02   2.9922179e+02
   3.9510561e-02  -2.5307690e+01  -2.5197133e+02   2.9092109e+02
   3.9647276e-02  -1.2856510e+01  -2.5905149e+02   2.8249832e+02
   3.9783991e-02   1.5477985e+00  -2.6503301e+02   2.7566246e+02
   3.9920705e-02   1.8759728e+01  -2.7052625e+02   2.6833832e+02
   4.0057420e-02   3.3652326e+01  -2.7601950e+02   2.5991554e+02
   4.0194135e-02   4.8911139e+01  -2.8224517e+02   2.5198104e+02
   4.0330850e-02   6.2216830e+01  -2.8786048e+02   2.4551138e+02
   4.0467564e-02   7.5766666e+01  -2.9164475e+02   2.3782102e+02
   4.0604279e-02   8.8339943e+01  -2.9567315e+02   2.3098515e+02
   4.0740994e-02   1.0140151e+02  -2.9945742e+02   2.2292857e+02
   4.0877709e-02   1.1482928e+02  -3.0287548e+02   2.1316301e+02
   4.1014423e-02   1.2752464e+02  -3.0470662e+02   2.0339744e+02
   4.1151138e-02   1.4083035e+02  -3.0531706e+02   1.9534085e+02
   4.1287853e-02   1.5303744e+02  -3.0665992e+02   1.8533114e+02
   4.1424568e-02   1.6548867e+02  -3.0775864e+02   1.7434486e+02
   4.1561282e-02   1.7732955e+02  -3.0812494e+02   1.6335857e+02
   4.1697997e-02   1.8819387e+02  -3.0885745e+02   1.5237229e+02
   4.1834712e-02   1.9979061e+02  -3.0934582e+02   1.3931080e+02
   4.1971427e-02   2.1089908e+02  -3.0934590e+02   1.2661553e+02
   4.2108141e-02   2.2286204e+02  -3.0897978e+02   1.1440853e+02
   4.2244856e-02   2.3274982e+02  -3.0824744e+02   1.0073668e+02
   4.2381571e-02   2.4422450e+02  -3.0385299e+02   8.6942757e+01
   4.2518286e-02   2.5215915e+02  -2.9958061e+02   7.0341215e+01
   4.2655000e-02   2.6155865e+02  -2.9127991e+02   5.4350021e+01
   4.2791715e-02   2.7022573e+02  -2.8102609e+02   4.1288511e+01
   4.2928430e-02   2.7791624e+02  -2.7174882e+02   2.8349067e+01
   4.3065145e-02   2.8414192e+02  -2.6357019e+02   1.4921339e+01
   4.3201859e-02   2.9134416e+02  -2.5612397e+02   1.5083293e-01
   4.3338574e-02   2.9720363e+02  -2.4782327e+02  -1.4863817e+01
   4.3475289e-02   3.0440587e+02  -2.4074326e+02  -3.0732963e+01
   4.3612004e-02   3.0989913e+02  -2.3390739e+02  -4.4648988e+01
   4.3748718e-02   3.1502618e+02  -2.2560667e+02  -5.6367751e+01
   4.3885433e-02   3.2015323e+02  -2.1803838e+02  -6.8086517e+01
   4.4022148e-02   3.2405958e+02  -2.1034801e+02  -7.9194935e+01
   4.4158863e-02   3.2796593e+02  -2.0204728e+02  -9.1157850e+01
   4.4295577e-02   3.2991915e+02  -1.9386863e+02  -1.0299870e+02
   4.4432292e-02   3.3126203e+02  -1.8361477e+02  -1.1532783e+02
   4.4569007e-02   3.3175041e+02  -1.7275056e+02  -1.2838939e+02
   4.4705722e-02   3.3248293e+02  -1.6249670e+02  -1.4084060e+02
   4.4842436e-02   3.3406995e+02  -1.5236491e+02  -1.5280353e+02
   4.4979151e-02   3.3468040e+02  -1.4259933e+02  -1.6244712e+02
   4.5115866e-02   3.3370394e+02  -1.3088061e+02  -1.7294522e+02
   4.5252580e-02   3.3358197e+02  -1.1830740e+02  -1.8527437e+02
   4.5389295e-02   3.3211722e+02  -1.0549005e+02  -1.9638282e+02
   4.5526010e-02   3.3028627e+02  -9.2916833e+01  -2.0566022e+02
   4.5662725e-02   3.2906566e+02  -7.9000840e+01  -2.1579211e+02
   4.5799439e-02   3.2198568e+02  -6.3620000e+01  -2.2506952e+02
   4.5936154e-02   3.1392913e+02  -4.7628804e+01  -2.3385864e+02
   4.6072869e-02   3.0440774e+02  -3.3590729e+01  -2.4252570e+02
   4.6209584e-02   2.9598498e+02  -1.9186440e+01  -2.4960585e+02
   4.6346298e-02   2.8634151e+02  -6.7352729e+00  -2.5778463e+02
   4.6483013e-02   2.8084844e+02   7.4248827e+00  -2.6449857e+02
   4.6619728e-02   2.7071669e+02   2.1951253e+01  -2.7109044e+02
   4.6756443e-02   2.6131735e+02   3.6111416e+01  -2.7756024e+02
   4.6893157e-02   2.5350493e+02   5.0149512e+01  -2.8366383e+02
   4.7029872e-02   2.4630286e+02   6.2600698e+01  -2.9037778e+02
   4.7166587e-02   2.3568282e+02   7.3098762e+01  -2.9526067e+02
   4.7303302e-02   2.2787039e+02   8.5427885e+01  -2.9880079e+02
   4.7440016e-02   2.2115660e+02   9.8367362e+01  -3.0331747e+02
   4.7576731e-02   2.1163518e+02   1.0935372e+02  -3.0661345e+02
   4.7713446e-02   2.0125927e+02   1.1997387e+02  -3.0881080e+02
   4.7850161e-02   1.9002886e+02   1.3169265e+02  -3.1027573e+02
   4.7986875e-02   1.7769981e+02   1.4280109e+02  -3.1161859e+02
   4.8123590e-02   1.6707975e+02   1.5500816e+02  -3.1344973e+02
   4.8260305e-02   1.5792452e+02   1.6477383e+02  -3.1467051e+02
   4.8397020e-02   1.4486305e+02   1.7417329e+02  -3.1576923e+02
   4.8533734e-02   1.3192364e+02   1.8540381e+02  -3.1613553e+02
   4.8670449e-02   1.1690903e+02   1.9773296e+02  -3.1650182e+02
   4.8807164e-02   1.0213855e+02   2.0737657e+02  -3.1650190e+02
   4.8943879e-02   8.7246008e+01   2.1506706e+02  -3.1552542e+02
   4.9080593e-02   7.2109317e+01   2.2507688e+02  -3.1137511e+02
   4.9217308e-02   5.7094692e+01   2.3630742e+02  -3.0588203e+02
   4.9354023e-02   4.0737290e+01   2.4497447e+02  -2.9782546e+02
   4.9490738e-02   2.5844727e+01   2.5132220e+02  -2.8928062e+02
   4.9627452e-02   1.1928724e+01   2.5913477e+02  -2.8097991e+02
   4.9764167e-02  -2.5976354e+00   2.6645905e+02  -2.7267921e+02
   4.9900882e-02  -1.7612280e+01   2.7121987e+02  -2.6584334e+02
   5.0037597e-02  -3.3481420e+01   2.7646897e+02  -2.5925161e+02
   5.0174311e-02  -4.7519510e+01   2.8208428e+02  -2.5143918e+02
   5.0311026e-02  -6.2656236e+01   2.8745545e+02  -2.4448124e+02
   5.0447741e-02  -7.6206053e+01   2.9246041e+02  -2.3727916e+02
   5.0584456e-02  -8.8779310e+01   2.9709916e+02  -2.3093156e+02
   5.0721170e-02  -1.0025394e+02   3.0210412e+02  -2.2348533e+02
   5.0857885e-02  -1.1197271e+02   3.0417940e+02  -2.1518460e+02
   5.0994600e-02  -1.2430184e+02   3.0417948e+02  -2.0566317e+02
   5.1131315e-02  -1.3699718e+02   3.0686511e+02  -1.9638588e+02
   5.1268029e-02  -1.5030288e+02   3.0808589e+02  -1.8674237e+02
   5.1404744e-02  -1.6446307e+02   3.0808597e+02  -1.7624437e+02
   5.1541459e-02  -1.7654807e+02   3.0881848e+02  -1.6586843e+02
   5.1678174e-02  -1.8655788e+02   3.0918477e+02  -1.5598077e+02
   5.1814888e-02  -1.9778840e+02   3.0906278e+02  -1.4377378e+02
   5.1951603e-02  -2.0914099e+02   3.0955114e+02  -1.3083435e+02
   5.2088318e-02  -2.1951702e+02   3.0930708e+02  -1.1838321e+02
   5.2225032e-02  -2.3001512e+02   3.0784232e+02  -1.0593206e+02
   5.2361747e-02  -2.4075736e+02   3.0564513e+02  -9.1527784e+01
   5.2498462e-02  -2.5064512e+02   3.0051825e+02  -7.5658660e+01
   5.2635177e-02  -2.5980046e+02   2.9172927e+02  -6.0644024e+01
   5.2771891e-02  -2.6932201e+02   2.8269614e+02  -4.6605948e+01
   5.2908606e-02  -2.7737872e+02   2.7390715e+02  -3.3300289e+01
   5.3045321e-02  -2.8433679e+02   2.6511815e+02  -1.9872556e+01
   5.3182036e-02  -2.9105073e+02   2.5657330e+02  -5.8344683e+00
   5.3318750e-02  -2.9654397e+02   2.4888294e+02   8.8139750e+00
   5.3455465e-02  -3.0252549e+02   2.4082636e+02   2.4072774e+01
   5.3592180e-02  -3.0801873e+02   2.3289185e+02   3.7012240e+01
   5.3728895e-02  -3.1351197e+02   2.2581183e+02   4.9951710e+01
   5.3865609e-02  -3.1900521e+02   2.1799939e+02   6.2647043e+01
   5.4002324e-02  -3.2352190e+02   2.0982074e+02   7.4976169e+01
   5.4139039e-02  -3.2584131e+02   2.0115380e+02   8.7305298e+01
   5.4275754e-02  -3.2767245e+02   1.9273099e+02   9.8047517e+01
   5.4412468e-02  -3.2986980e+02   1.8357577e+02   1.1001044e+02
   5.4549183e-02  -3.3194507e+02   1.7356604e+02   1.2331614e+02
   5.4685898e-02  -3.3255551e+02   1.6355632e+02   1.3625564e+02
   5.4822613e-02  -3.3279973e+02   1.5379073e+02   1.4870686e+02
   5.4959327e-02  -3.3304395e+02   1.4378100e+02   1.5798425e+02
   5.5096042e-02  -3.3341024e+02   1.3145193e+02   1.6994719e+02
   5.5232757e-02  -3.3341033e+02   1.1839043e+02   1.8142185e+02
   5.5369472e-02  -3.3206763e+02   1.0532893e+02   1.9216410e+02
   5.5506186e-02  -3.2974838e+02   9.2877781e+01   2.0315049e+02
   5.5642901e-02  -3.2840568e+02   7.8961782e+01   2.1340445e+02
   5.5779616e-02  -3.2413330e+02   6.4923709e+01   2.2390257e+02
   5.5916331e-02  -3.1424568e+02   4.9054578e+01   2.3208135e+02
   5.6053045e-02  -3.0460220e+02   3.4284076e+01   2.4148083e+02
   5.6189760e-02  -2.9740012e+02   2.1100485e+01   2.5063618e+02
   5.6326475e-02  -2.8970976e+02   8.0389600e+00   2.5893703e+02
   5.6463190e-02  -2.8043249e+02  -6.6094824e+00   2.6430820e+02
   5.6599904e-02  -2.7188763e+02  -2.0647577e+01   2.7065594e+02
   5.6736619e-02  -2.6407520e+02  -3.4319464e+01   2.7944508e+02
   5.6873334e-02  -2.5516412e+02  -4.8113425e+01   2.8530454e+02
   5.7010049e-02  -2.4600891e+02  -6.0076335e+01   2.9104193e+02
   5.7146763e-02  -2.3721990e+02  -7.2161319e+01   2.9726760e+02
   5.7283478e-02  -2.2989574e+02  -8.4368377e+01   3.0300499e+02
   5.7420193e-02  -2.2135087e+02  -9.6331297e+01   3.0581269e+02
   5.7556908e-02  -2.1170736e+02  -1.0780594e+02   3.0825418e+02
   5.7693622e-02  -2.0291835e+02  -1.1903644e+02   3.1142810e+02
   5.7830337e-02  -1.9254241e+02  -1.3051109e+02   3.1338132e+02
   5.7967052e-02  -1.8082370e+02  -1.4113125e+02   3.1423590e+02
   5.8103767e-02  -1.6922705e+02  -1.5162935e+02   3.1631118e+02
   5.8240481e-02  -1.5824076e+02  -1.6261573e+02   3.1802026e+02
   5.8377196e-02  -1.4639997e+02  -1.7274761e+02   3.1863070e+02
   5.8513911e-02  -1.3321640e+02  -1.8348986e+02   3.1911907e+02
   5.8650625e-02  -1.1966661e+02  -1.9459831e+02   3.1985158e+02
   5.8787340e-02  -1.0587269e+02  -2.0485228e+02   3.2033995e+02
   5.8924055e-02  -9.0491839e+01  -2.1388555e+02   3.1875312e+02
   5.9060770e-02  -7.5233060e+01  -2.2365124e+02   3.1643387e+02
   5.9197484e-02  -5.8509433e+01  -2.3329486e+02   3.1008630e+02
   5.9334199e-02  -4.2884435e+01  -2.4159571e+02   3.0178560e+02
   5.9470914e-02  -2.9456698e+01  -2.4965242e+02   2.9372904e+02
   5.9607629e-02  -1.7127591e+01  -2.5697672e+02   2.8469592e+02
   5.9744343e-02  -3.2115651e+00  -2.6332445e+02   2.7761592e+02
   5.9881058e-02   1.2169308e+01  -2.6930597e+02   2.7114628e+02
   6.0017773e-02   2.9747451e+01  -2.7479922e+02   2.6321178e+02
   6.0154488e-02   4.4151769e+01  -2.7992625e+02   2.5466693e+02
   6.0291202e-02   5.9410584e+01  -2.8590778e+02   2.4624415e+02
   6.0427917e-02   7.2594207e+01  -2.9140103e+02   2.3965242e+02
   6.0564632e-02   8.6021975e+01  -2.9469701e+02   2.3208413e+02
   6.0701347e-02   9.7984902e+01  -2.9860334e+02   2.2488205e+02
   6.0838061e-02   1.1031404e+02  -3.0153312e+02   2.1694754e+02
   6.0974776e-02   1.2325354e+02  -3.0446289e+02   2.0681576e+02
   6.1111491e-02   1.3716961e+02  -3.0617196e+02   1.9680605e+02
   6.1248206e-02   1.5059739e+02  -3.0653826e+02   1.8850532e+02
   6.1384920e-02   1.6256034e+02  -3.0739284e+02   1.7788526e+02
   6.1521635e-02   1.7379086e+02  -3.0849156e+02   1.6628862e+02
   6.1658350e-02   1.8428897e+02  -3.0873579e+02   1.5566855e+02
   6.1795065e-02   1.9588572e+02  -3.0910209e+02   1.4333949e+02
   6.1931779e-02   2.0821489e+02  -3.0946838e+02   1.2978972e+02
   6.2068494e-02   2.1944542e+02  -3.0922433e+02   1.1697237e+02
   6.2205209e-02   2.3079804e+02  -3.0849199e+02   1.0452123e+02
   6.2341924e-02   2.4019753e+02  -3.0666102e+02   9.0116955e+01
   6.2478638e-02   2.5106186e+02  -2.9994724e+02   7.5468540e+01
   6.2615353e-02   2.5887444e+02  -2.9396587e+02   5.8989067e+01
   6.2752068e-02   2.6778566e+02  -2.8505482e+02   4.4462714e+01
   6.2888783e-02   2.7633067e+02  -2.7480099e+02   3.2377765e+01
   6.3025497e-02   2.8328876e+02  -2.6540165e+02   1.9316249e+01
   6.3162212e-02   2.8878202e+02  -2.5771130e+02   4.7898854e+00
   6.3298927e-02   2.9561805e+02  -2.4989887e+02  -1.0468904e+01
   6.3435642e-02   3.0098923e+02  -2.4233058e+02  -2.5117345e+01
   6.3572356e-02   3.0819148e+02  -2.3537264e+02  -4.0009930e+01
   6.3709071e-02   3.1368474e+02  -2.2853677e+02  -5.3803886e+01
   6.3845786e-02   3.1881179e+02  -2.2023605e+02  -6.5400581e+01
   6.3982501e-02   3.2332849e+02  -2.1242361e+02  -7.6997279e+01
   6.4119215e-02   3.2686862e+02  -2.0412289e+02  -8.8105699e+01
   6.4255930e-02   3.2967634e+02  -1.9606631e+02  -9.9336193e+01
   6.4392645e-02   3.3138542e+02  -1.8703316e+02  -1.1166532e+02
   6.4529360e-02   3.3224002e+02  -1.7690137e+02  -1.2448274e+02
   6.4666074e-02   3.3260633e+02  -1.6567095e+02  -1.3717809e+02
   6.4802789e-02   3.3297264e+02  -1.5529501e+02  -1.4938516e+02
   6.4939504e-02   3.3455965e+02  -1.4540736e+02  -1.5951704e+02
   6.5076218e-02   3.3455975e+02  -1.3417693e+02  -1.7001513e+02
   6.5212933e-02   3.3297294e+02  -1.2160372e+02  -1.8148978e+02
   6.5349648e-02   3.3297304e+02  -1.0890843e+02  -1.9345273e+02
   6.5486363e-02   3.3126415e+02  -9.5724866e+01  -2.0382876e+02
   6.5623077e-02   3.2845663e+02  -8.3151647e+01  -2.1273995e+02
   6.5759792e-02   3.2577118e+02  -6.8259088e+01  -2.2262770e+02
   6.5896507e-02   3.1612772e+02  -5.2267893e+01  -2.3202718e+02
   6.6033222e-02   3.0746082e+02  -3.6887046e+01  -2.4045009e+02
   6.6169936e-02   2.9854978e+02  -2.4191741e+01  -2.4838473e+02
   6.6306651e-02   2.9037115e+02  -1.0397801e+01  -2.5461038e+02
   6.6443366e-02   2.8060562e+02   2.9078621e+00  -2.6181260e+02
   6.6580081e-02   2.7462426e+02   1.7556302e+01  -2.6852654e+02
   6.6716795e-02   2.6412629e+02   3.1838535e+01  -2.7548463e+02
   6.6853510e-02   2.5509317e+02   4.6242842e+01  -2.8171029e+02
   6.6990225e-02   2.4728075e+02   5.9426449e+01  -2.8805802e+02
   6.7126940e-02   2.4007867e+02   7.1267286e+01  -2.9452783e+02
   6.7263654e-02   2.2945863e+02   8.2009494e+01  -2.9855623e+02
   6.7400369e-02   2.2189034e+02   9.4094479e+01  -3.0209635e+02
   6.7537084e-02   2.1493240e+02   1.0691189e+02  -3.0575854e+02
   6.7673799e-02   2.0504477e+02   1.1704376e+02  -3.0868831e+02
   6.7810513e-02   1.9418057e+02   1.2815219e+02  -3.1039737e+02
   6.7947228e-02   1.8209566e+02   1.3926062e+02  -3.1174023e+02
   6.8083943e-02   1.7013283e+02   1.5085734e+02  -3.1271688e+02
   6.8220658e-02   1.5902448e+02   1.6208786e+02  -3.1442594e+02
   6.8357372e-02   1.4901476e+02   1.7197560e+02  -3.1540259e+02
   6.8494087e-02   1.3473258e+02   1.8222955e+02  -3.1613509e+02
   6.8630802e-02   1.2093867e+02   1.9346008e+02  -3.1637932e+02
   6.8767517e-02   1.0592406e+02   2.0542302e+02  -3.1650147e+02
   6.8904231e-02   9.2008072e+01   2.1470042e+02  -3.1576913e+02
   6.9040946e-02   7.6627241e+01   2.2251298e+02  -3.1308366e+02
   6.9177661e-02   6.0391913e+01   2.3240074e+02  -3.0722437e+02
   6.9314376e-02   4.5743496e+01   2.4314299e+02  -3.0014437e+02
   6.9451090e-02   3.0973004e+01   2.5083349e+02  -2.9147745e+02
   6.9587805e-02   1.6934931e+01   2.5620465e+02  -2.8378710e+02
   6.9724520e-02   2.0423608e+00   2.6304066e+02  -2.7585260e+02
   6.9861235e-02  -1.3826775e+01   2.6987667e+02  -2.6779603e+02
   6.9997949e-02  -2.8841423e+01   2.7427128e+02  -2.6083809e+02
   7.0134664e-02  -4.3856075e+01   2.7976452e+02  -2.5412429e+02
   7.0271379e-02  -5.7894169e+01   2.8574604e+02  -2.4606772e+02
   7.0408094e-02  -7.2786758e+01   2.9148342e+02  -2.3910978e+02
   7.0544808e-02  -8.6214507e+01   2.9624424e+02  -2.3202976e+02
   7.0681523e-02  -9.8665698e+01   3.0051678e+02  -2.2543802e+02
   7.0818238e-02  -1.0904170e+02   3.0454519e+02  -2.1774765e+02
   7.0954953e-02  -1.2015012e+02   3.0527769e+02  -2.0895864e+02
   7.1091667e-02  -1.3345582e+02   3.0527777e+02  -1.9894892e+02
   7.1228382e-02  -1.4627323e+02   3.0759719e+02  -1.8954955e+02
   7.1365097e-02  -1.5957893e+02   3.0845176e+02  -1.7941776e+02
   7.1501811e-02  -1.7276257e+02   3.0832977e+02  -1.6855354e+02
   7.1638526e-02  -1.8362687e+02   3.0906228e+02  -1.5878796e+02
   7.1775241e-02  -1.9461324e+02   3.0918443e+02  -1.4731338e+02
   7.1911956e-02  -2.0669825e+02   3.0906244e+02  -1.3437396e+02
   7.2048670e-02  -2.1805084e+02   3.0930666e+02  -1.2180075e+02
   7.2185385e-02  -2.2781652e+02   3.0869639e+02  -1.0922753e+02
   7.2322100e-02  -2.3770428e+02   3.0637713e+02  -9.5921884e+01
   7.2458815e-02  -2.4856860e+02   3.0210475e+02  -8.0785182e+01
   7.2595529e-02  -2.5711358e+02   2.9526889e+02  -6.4671914e+01
   7.2732244e-02  -2.6553650e+02   2.8525920e+02  -5.0755908e+01
   7.2868959e-02  -2.7444770e+02   2.7610400e+02  -3.7694390e+01
   7.3005674e-02  -2.8177199e+02   2.6780329e+02  -2.4022517e+01
   7.3142388e-02  -2.8836386e+02   2.5877016e+02  -9.9844294e+00
   7.3279103e-02  -2.9446745e+02   2.5022530e+02   4.5419432e+00
   7.3415818e-02  -3.0020483e+02   2.4314529e+02   1.9068319e+01
   7.3552533e-02  -3.0655256e+02   2.3521078e+02   3.3960910e+01
   7.3689247e-02  -3.1253408e+02   2.2727627e+02   4.6656239e+01
   7.3825962e-02  -3.1778319e+02   2.2031832e+02   5.9229502e+01
   7.3962677e-02  -3.2254401e+02   2.1262795e+02   7.1558627e+01
   7.4099392e-02  -3.2583999e+02   2.0432722e+02   8.3643615e+01
   7.4236106e-02  -3.2754905e+02   1.9529407e+02   9.5362396e+01
   7.4372821e-02  -3.2901398e+02   1.8650506e+02   1.0659290e+02
   7.4509536e-02  -3.3108926e+02   1.7649533e+02   1.1904411e+02
   7.4646251e-02  -3.3255418e+02   1.6624147e+02   1.3222774e+02
   7.4782965e-02  -3.3279841e+02   1.5586553e+02   1.4504517e+02
   7.4919680e-02  -3.3304263e+02   1.4609994e+02   1.5590948e+02
   7.5056395e-02  -3.3255443e+02   1.3547986e+02   1.6604136e+02
   7.5193110e-02  -3.3292073e+02   1.2229629e+02   1.7885880e+02
   7.5329824e-02  -3.3304288e+02   1.0874651e+02   1.9008933e+02
   7.5466539e-02  -3.3096776e+02   9.6173292e+01   2.0034329e+02
   7.5603254e-02  -3.2803815e+02   8.3600068e+01   2.1120761e+02
   7.5739969e-02  -3.2547476e+02   6.8829575e+01   2.2060709e+02
   7.5876683e-02  -3.1912718e+02   5.3814938e+01   2.3037279e+02
   7.6013398e-02  -3.0789678e+02   3.8556157e+01   2.3830743e+02
   7.6150113e-02  -2.9861951e+02   2.4518075e+01   2.4709656e+02
   7.6286828e-02  -2.9129537e+02   1.1822763e+01   2.5564156e+02
   7.6423542e-02  -2.8336087e+02  -1.6049751e+00   2.6320999e+02
   7.6560257e-02  -2.7359531e+02  -1.6741701e+01   2.6858117e+02
   7.6696972e-02  -2.6517252e+02  -3.1023938e+01   2.7529512e+02
   7.6833687e-02  -2.5772630e+02  -4.4573757e+01   2.8408426e+02
   7.6970401e-02  -2.4893730e+02  -5.7513228e+01   2.9018786e+02
   7.7107116e-02  -2.3978208e+02  -6.9231999e+01   2.9568111e+02
   7.7243831e-02  -2.3135928e+02  -8.1316985e+01   3.0141850e+02
   7.7380546e-02  -2.2391305e+02  -9.3157833e+01   3.0630140e+02
   7.7517260e-02  -2.1512404e+02  -1.0438833e+02   3.0849875e+02
   7.7653975e-02  -2.0535846e+02  -1.1513056e+02   3.0996369e+02
   7.7790690e-02  -1.9595909e+02  -1.2672727e+02   3.1289346e+02
   7.7927404e-02  -1.8485073e+02  -1.3795778e+02   3.1472461e+02
   7.8064119e-02  -1.7252166e+02  -1.4882209e+02   3.1521298e+02
   7.8200834e-02  -1.6055881e+02  -1.5919811e+02   3.1704412e+02
   7.8337549e-02  -1.4993872e+02  -1.6933000e+02   3.1863113e+02
   7.8474263e-02  -1.3687722e+02  -1.8068259e+02   3.1887536e+02
   7.8610978e-02  -1.2308330e+02  -1.9142484e+02   3.1936373e+02
   7.8747693e-02  -1.0928937e+02  -2.0204501e+02   3.1997417e+02
   7.8884408e-02  -9.6227866e+01  -2.1229898e+02   3.1997426e+02
   7.9021122e-02  -8.0358737e+01  -2.2096604e+02   3.1765501e+02
   7.9157837e-02  -6.4123393e+01  -2.3036552e+02   3.1326056e+02
   7.9294552e-02  -4.7155623e+01  -2.3891051e+02   3.0398331e+02
   7.9431267e-02  -3.2873396e+01  -2.4684515e+02   2.9568261e+02
   7.9567981e-02  -2.0178080e+01  -2.5453565e+02   2.8787019e+02
   7.9704696e-02  -6.9944778e+00  -2.6173788e+02   2.7908121e+02
   7.9841411e-02   8.2643232e+00  -2.6710905e+02   2.7187914e+02
   7.9978126e-02   2.5720394e+01  -2.7235815e+02   2.6455500e+02
   8.0114840e-02   4.0124710e+01  -2.7797346e+02   2.5625429e+02
   8.0251555e-02   5.5505593e+01  -2.8432120e+02   2.4831979e+02
   8.0388270e-02   6.9055426e+01  -2.9018066e+02   2.4209428e+02
   8.0524985e-02   8.2727332e+01  -2.9396492e+02   2.3464806e+02
   8.0661699e-02   9.4690258e+01  -2.9799333e+02   2.2732391e+02
   8.0798414e-02   1.0726354e+02  -3.0116724e+02   2.1926733e+02
   8.0935129e-02   1.1983682e+02  -3.0409701e+02   2.0950176e+02
   8.1071844e-02   1.3289839e+02  -3.0580609e+02   1.9961412e+02
   8.1208558e-02   1.4632618e+02  -3.0592824e+02   1.9131340e+02
   8.1345273e-02   1.5828912e+02  -3.0690489e+02   1.8093747e+02
   8.1481988e-02   1.7037414e+02  -3.0812568e+02   1.6958498e+02
   8.1618703e-02   1.8111639e+02  -3.0836991e+02   1.5896491e+02
   8.1755417e-02   1.9271313e+02  -3.0885828e+02   1.4700206e+02
   8.1892132e-02   2.0504230e+02  -3.0934664e+02   1.3381850e+02
   8.2028847e-02   2.1676111e+02  -3.0922466e+02   1.2112323e+02
   8.2165562e-02   2.2823580e+02  -3.0873646e+02   1.0879416e+02
   8.2302276e-02   2.3739114e+02  -3.0775998e+02   9.4511958e+01
   8.2438991e-02   2.4618028e+02  -3.0190069e+02   8.0718036e+01
   8.2575706e-02   2.5509150e+02  -2.9689589e+02   6.3750283e+01
   8.2712421e-02   2.6510134e+02  -2.8786276e+02   4.8491511e+01
   8.2849135e-02   2.7401256e+02  -2.7760894e+02   3.5918282e+01
   8.2985850e-02   2.8145894e+02  -2.6796546e+02   2.3222979e+01
   8.3122565e-02   2.8707426e+02  -2.5978682e+02   9.0628279e+00
   8.3259280e-02   2.9378822e+02  -2.5209646e+02  -6.0738890e+00
   8.3395994e-02   2.9952561e+02  -2.4403989e+02  -2.1088539e+01
   8.3532709e-02   3.0660578e+02  -2.3744817e+02  -3.6591475e+01
   8.3669424e-02   3.1222111e+02  -2.3049022e+02  -5.0507499e+01
   8.3806139e-02   3.1783644e+02  -2.2206744e+02  -6.1982122e+01
   8.3942853e-02   3.2259728e+02  -2.1498742e+02  -7.3700888e+01
   8.4079568e-02   3.2613742e+02  -2.0693084e+02  -8.4687237e+01
   8.4216283e-02   3.2906720e+02  -1.9875218e+02  -9.6039799e+01
   8.4352997e-02   3.3077629e+02  -1.8996317e+02  -1.0788065e+02
   8.4489712e-02   3.3163088e+02  -1.7934310e+02  -1.2057599e+02
   8.4626427e-02   3.3211926e+02  -1.6823475e+02  -1.3351548e+02
   8.4763142e-02   3.3260764e+02  -1.5785882e+02  -1.4572255e+02
   8.4899856e-02   3.3431672e+02  -1.4784909e+02  -1.5670891e+02
   8.5036571e-02   3.3443889e+02  -1.3783936e+02  -1.6720700e+02
   8.5173286e-02   3.3321829e+02  -1.2538823e+02  -1.7807131e+02
   8.5310001e-02   3.3321839e+02  -1.1293708e+02  -1.9003425e+02
   8.5446715e-02   3.3175364e+02  -9.9997658e+01  -2.0077649e+02
   8.5583430e-02   3.2955647e+02  -8.7668580e+01  -2.0993182e+02
   8.5720145e-02   3.2784758e+02  -7.3264303e+01  -2.1969750e+02
   8.5856860e-02   3.1930275e+02  -5.7517249e+01  -2.2885283e+02
   8.5993574e-02   3.1051378e+02  -4.1770191e+01  -2.3751989e+02
   8.6130289e-02   3.0087032e+02  -2.8342465e+01  -2.4594281e+02
   8.6267004e-02   2.9244756e+02  -1.3938174e+01  -2.5241260e+02
   8.6403719e-02   2.8243788e+02  -1.1207925e+00  -2.5998103e+02
   8.6540433e-02   2.7670066e+02   1.3649717e+01  -2.6693911e+02
   8.6677148e-02   2.6632476e+02   2.8176090e+01  -2.7377512e+02
   8.6813863e-02   2.5741371e+02   4.2824537e+01  -2.7987871e+02
   8.6950578e-02   2.4947922e+02   5.6130214e+01  -2.8647058e+02
   8.7087292e-02   2.4239922e+02   6.8215192e+01  -2.9318453e+02
   8.7224007e-02   2.3202331e+02   7.8713259e+01  -2.9757914e+02
   8.7360722e-02   2.2445502e+02   9.0798243e+01  -3.0111926e+02
   8.7497437e-02   2.1774122e+02   1.0349358e+02  -3.0502559e+02
   8.7634151e-02   2.0785359e+02   1.1362545e+02  -3.0771121e+02
   8.7770866e-02   1.9723353e+02   1.2448974e+02  -3.0966442e+02
   8.7907581e-02   1.8539277e+02   1.3596439e+02  -3.1100728e+02
   8.8044296e-02   1.7318579e+02   1.4719490e+02  -3.1210599e+02
   8.8181010e-02   1.6195537e+02   1.5915783e+02  -3.1393713e+02
   8.8317725e-02   1.5231186e+02   1.6892350e+02  -3.1503585e+02
   8.8454440e-02   1.3864003e+02   1.7929953e+02  -3.1589042e+02
   8.8591155e-02   1.2509027e+02   1.9077419e+02  -3.1637878e+02
   8.8727869e-02   1.1019773e+02   2.0273713e+02  -3.1662301e+02
   8.8864584e-02   9.6281742e+01   2.1201454e+02  -3.1613481e+02
   8.9001299e-02   8.1511262e+01   2.1933881e+02  -3.1442590e+02
   8.9138014e-02   6.5886286e+01   2.2910450e+02  -3.0917696e+02
   8.9274728e-02   5.0749588e+01   2.3972468e+02  -3.0270731e+02
   8.9411443e-02   3.5002534e+01   2.4778139e+02  -2.9404039e+02
   8.9548158e-02   2.0354109e+01   2.5364084e+02  -2.8586176e+02
   8.9684873e-02   6.0718913e+00   2.6120927e+02  -2.7768312e+02
   8.9821587e-02  -9.4310337e+00   2.6841149e+02  -2.6950448e+02
   8.9958302e-02  -2.4689822e+01   2.7317230e+02  -2.6279068e+02
   9.0095017e-02  -4.0192755e+01   2.7890968e+02  -2.5632102e+02
   9.0231732e-02  -5.4230848e+01   2.8489121e+02  -2.4814238e+02
   9.0368446e-02  -6.9123437e+01   2.9026238e+02  -2.4118443e+02
   9.0505161e-02  -8.2429116e+01   2.9502320e+02  -2.3410442e+02
   9.0641876e-02  -9.4636165e+01   2.9941781e+02  -2.2787889e+02
   9.0778590e-02  -1.0574459e+02   3.0369035e+02  -2.2006644e+02
   9.0915305e-02  -1.1526610e+02   3.0491114e+02  -2.1139951e+02
   9.1052020e-02  -1.2808351e+02   3.0491122e+02  -2.0187807e+02
   9.1188735e-02  -1.4175542e+02   3.0723064e+02  -1.9247870e+02
   9.1325449e-02  -1.5628182e+02   3.0820729e+02  -1.8210277e+02
   9.1462164e-02  -1.7056409e+02   3.0796323e+02  -1.7136063e+02
   9.1598879e-02  -1.8167253e+02   3.0869573e+02  -1.6171711e+02
   9.1735594e-02  -1.9204855e+02   3.0906203e+02  -1.5097496e+02
   9.1872308e-02  -2.0364528e+02   3.0906211e+02  -1.3815761e+02
   9.2009023e-02  -2.1463166e+02   3.0942840e+02  -1.2558439e+02
   9.2145738e-02  -2.2464148e+02   3.0906227e+02  -1.1313324e+02
   9.2282453e-02  -2.3489545e+02   3.0735337e+02  -1.0019381e+02
   9.2419167e-02  -2.4551563e+02   3.0393548e+02  -8.5301250e+01
   9.2555882e-02  -2.5442682e+02   2.9795411e+02  -6.9187983e+01
   9.2692597e-02  -2.6297181e+02   2.8806649e+02  -5.4783696e+01
   9.2829312e-02  -2.7188301e+02   2.7842301e+02  -4.1355967e+01
   9.2966026e-02  -2.7957351e+02   2.7000023e+02  -2.7928236e+01
   9.3102741e-02  -2.8665366e+02   2.6084503e+02  -1.4134289e+01
   9.3239456e-02  -2.9300139e+02   2.5254432e+02   6.3622366e-01
   9.3376171e-02  -2.9898291e+02   2.4534223e+02   1.5284670e+01
   9.3512885e-02  -3.0533064e+02   2.3740773e+02   3.0421401e+01
   9.3649600e-02  -3.1131217e+02   2.2983943e+02   4.3360870e+01
   9.3786315e-02  -3.1680541e+02   2.2275941e+02   5.5812062e+01
   9.3923030e-02  -3.2168831e+02   2.1519111e+02   6.8141187e+01
   9.4059744e-02  -3.2522843e+02   2.0689038e+02   8.0226175e+01
   9.4196459e-02  -3.2681542e+02   1.9761309e+02   9.2067026e+01
   9.4333174e-02  -3.2815828e+02   1.8919029e+02   1.0280925e+02
   9.4469889e-02  -3.3023356e+02   1.7918057e+02   1.1513839e+02
   9.4606603e-02  -3.3194263e+02   1.6892671e+02   1.2868823e+02
   9.4743318e-02  -3.3230892e+02   1.5879491e+02   1.4150566e+02
   9.4880033e-02  -3.3279729e+02   1.4878518e+02   1.5310239e+02
   9.5016748e-02  -3.3255323e+02   1.3914166e+02   1.6299013e+02
   9.5153462e-02  -3.3304159e+02   1.2620224e+02   1.7568550e+02
   9.5290177e-02  -3.3328582e+02   1.1289660e+02   1.8691602e+02
   9.5426892e-02  -3.3157691e+02   1.0044545e+02   1.9741413e+02
   9.5563607e-02  -3.2925766e+02   8.8116373e+01   2.0803431e+02
   9.5700321e-02  -3.2754875e+02   7.3590022e+01   2.1767793e+02
   9.5837036e-02  -3.2193360e+02   5.9063668e+01   2.2744362e+02
   9.5973751e-02  -3.1070320e+02   4.3194537e+01   2.3525619e+02
   9.6110466e-02  -3.0081558e+02   2.8424035e+01   2.4441154e+02
   9.6247180e-02  -2.9324730e+02   1.5240443e+01   2.5320068e+02
   9.6383895e-02  -2.8543487e+02   1.9347773e+00   2.6101325e+02
   9.6520610e-02  -2.7603552e+02  -1.2957806e+01   2.6675064e+02
   9.6657325e-02  -2.6810102e+02  -2.7362112e+01   2.7358666e+02
   9.6794039e-02  -2.6041066e+02  -4.0789859e+01   2.8261994e+02
   9.6930754e-02  -2.5137752e+02  -5.4095539e+01   2.8860147e+02
   9.7067469e-02  -2.4222230e+02  -6.5936379e+01   2.9421679e+02
   9.7204183e-02  -2.3367744e+02  -7.7777222e+01   3.0019832e+02
   9.7340898e-02  -2.2647534e+02  -8.9495999e+01   3.0520329e+02
   9.7477613e-02  -2.1780840e+02  -1.0097064e+02   3.0752272e+02
   9.7614328e-02  -2.0792076e+02  -1.1195700e+02   3.0935386e+02
   9.7751042e-02  -1.9852139e+02  -1.2343165e+02   3.1240571e+02
   9.7887757e-02  -1.8765717e+02  -1.3490630e+02   3.1399271e+02
   9.8024472e-02  -1.7520604e+02  -1.4564853e+02   3.1460315e+02
   9.8161187e-02  -1.6373146e+02  -1.5651283e+02   3.1655637e+02
   9.8297901e-02  -1.5347759e+02  -1.6688886e+02   3.1826545e+02
   9.8434616e-02  -1.4102645e+02  -1.7811938e+02   3.1875382e+02
   9.8571331e-02  -1.2759874e+02  -1.8873955e+02   3.1936426e+02
   9.8708046e-02  -1.1380481e+02  -1.9935972e+02   3.2021884e+02
   9.8844760e-02  -1.0049917e+02  -2.0949162e+02   3.2034100e+02
   9.8981475e-02  -8.6461093e+01  -2.1803661e+02   3.1851003e+02
   9.9118190e-02  -7.0714032e+01  -2.2743609e+02   3.1533629e+02
   9.9254905e-02  -5.2525561e+01  -2.3622522e+02   3.0679146e+02
   9.9391619e-02  -3.6046070e+01  -2.4440400e+02   2.9788041e+02
   9.9528334e-02  -2.2374193e+01  -2.5258278e+02   2.8957971e+02
   9.9665049e-02  -1.0167156e+01  -2.5978500e+02   2.8103487e+02
   9.9801764e-02   3.7488697e+00  -2.6552238e+02   2.7419901e+02
   9.9938478e-02   2.0960798e+01  -2.7101562e+02   2.6687487e+02
   1.0007519e-01   3.6219605e+01  -2.7687508e+02   2.5857417e+02
   1.0021191e-01   5.1966697e+01  -2.8322281e+02   2.5063967e+02
   1.0034862e-01   6.5394457e+01  -2.8896020e+02   2.4417002e+02
   1.0048534e-01   7.8700150e+01  -2.9262239e+02   2.3672380e+02
   1.0062205e-01   9.0785144e+01  -2.9689494e+02   2.2976586e+02
   1.0075877e-01   1.0348049e+02  -3.0043506e+02   2.2170928e+02
   1.0089548e-01   1.1641999e+02  -3.0348690e+02   2.1169958e+02
   1.0103220e-01   1.2923741e+02  -3.0519597e+02   2.0217815e+02
   1.0116891e-01   1.4266520e+02  -3.0556227e+02   1.9399950e+02
   1.0130563e-01   1.5487228e+02  -3.0666099e+02   1.8374564e+02
   1.0144234e-01   1.6732351e+02  -3.0775971e+02   1.7251522e+02
   1.0157906e-01   1.7879817e+02  -3.0812601e+02   1.6213929e+02
   1.0171577e-01   1.9002870e+02  -3.0885851e+02   1.5066473e+02
   1.0185248e-01   2.0186959e+02  -3.0934688e+02   1.3760324e+02
   1.0198920e-01   2.1322219e+02  -3.0934696e+02   1.2478590e+02
   1.0212591e-01   2.2518516e+02  -3.0898084e+02   1.1282304e+02
   1.0226263e-01   2.3470671e+02  -3.0837057e+02   9.8907052e+01
   1.0239934e-01   2.4361792e+02  -3.0348784e+02   8.5357273e+01
   1.0253606e-01   2.5228499e+02  -2.9909339e+02   6.8633662e+01
   1.0267277e-01   2.6205070e+02  -2.9042648e+02   5.2764540e+01
   1.0280949e-01   2.7108398e+02  -2.7968437e+02   3.9703031e+01
   1.0294620e-01   2.7889657e+02  -2.7040710e+02   2.6519448e+01
   1.0308292e-01   2.8524431e+02  -2.6186225e+02   1.2969650e+01
   1.0321963e-01   2.9232448e+02  -2.5441603e+02  -1.9229243e+00
   1.0335635e-01   2.9830601e+02  -2.4635946e+02  -1.7059643e+01
   1.0349306e-01   3.0538618e+02  -2.3976774e+02  -3.2928788e+01
   1.0362978e-01   3.1087944e+02  -2.3293186e+02  -4.6966882e+01
   1.0376649e-01   3.1637270e+02  -2.2475322e+02  -5.8685643e+01
   1.0390321e-01   3.2137768e+02  -2.1718492e+02  -7.0160267e+01
   1.0403992e-01   3.2503989e+02  -2.0925041e+02  -8.1146614e+01
   1.0417664e-01   3.2845795e+02  -2.0082761e+02  -9.2743316e+01
   1.0431335e-01   3.3004496e+02  -1.9216067e+02  -1.0446209e+02
   1.0445006e-01   3.3114370e+02  -1.8166267e+02  -1.1715743e+02
   1.0458678e-01   3.3163207e+02  -1.7055432e+02  -1.3021899e+02
   1.0472349e-01   3.3236460e+02  -1.6054460e+02  -1.4267020e+02
   1.0486021e-01   3.3407368e+02  -1.5053487e+02  -1.5414485e+02
   1.0499692e-01   3.3443999e+02  -1.4113550e+02  -1.6403258e+02
   1.0513364e-01   3.3346352e+02  -1.2929471e+02  -1.7501896e+02
   1.0527035e-01   3.3358569e+02  -1.1672150e+02  -1.8747018e+02
   1.0540707e-01   3.3212094e+02  -1.0390414e+02  -1.9821241e+02
   1.0554378e-01   3.3028998e+02  -9.1575066e+01  -2.0687946e+02
   1.0568050e-01   3.2906938e+02  -7.7292860e+01  -2.1664514e+02
   1.0581721e-01   3.2162318e+02  -6.1912017e+01  -2.2592255e+02
   1.0595393e-01   3.1295628e+02  -4.6042889e+01  -2.3458960e+02
   1.0609064e-01   3.0294660e+02  -3.2126883e+01  -2.4337873e+02
   1.0622736e-01   2.9427970e+02  -1.7478451e+01  -2.5033680e+02
   1.0636407e-01   2.8451416e+02  -4.7831402e+00  -2.5827144e+02
   1.0650079e-01   2.7926522e+02   9.7432287e+00  -2.6522952e+02
   1.0663750e-01   2.6925554e+02   2.4269601e+01  -2.7230967e+02
   1.0677422e-01   2.6046656e+02   3.8918048e+01  -2.7841326e+02
   1.0691093e-01   2.5240999e+02   5.2345795e+01  -2.8512720e+02
   1.0704765e-01   2.4532999e+02   6.4552842e+01  -2.9171907e+02
   1.0718436e-01   2.3446581e+02   7.5050909e+01  -2.9623575e+02
   1.0732107e-01   2.2689752e+02   8.7135893e+01  -2.9977587e+02
   1.0745779e-01   2.2018372e+02   9.9831232e+01  -3.0380427e+02
   1.0759450e-01   2.1041815e+02   1.1032931e+02  -3.0697818e+02
   1.0773122e-01   1.9967603e+02   1.2094946e+02  -3.0880931e+02
   1.0786793e-01   1.8832355e+02   1.3291239e+02  -3.1027424e+02
   1.0800465e-01   1.7599450e+02   1.4438704e+02  -3.1173917e+02
   1.0814136e-01   1.6537443e+02   1.5671618e+02  -3.1357030e+02
   1.0827808e-01   1.5621920e+02   1.6648185e+02  -3.1466902e+02
   1.0841479e-01   1.4254737e+02   1.7624753e+02  -3.1576773e+02
   1.0855151e-01   1.2936382e+02   1.8747805e+02  -3.1625610e+02
   1.0868822e-01   1.1434921e+02   1.9980720e+02  -3.1662239e+02
   1.0882494e-01   1.0043322e+02   2.0908460e+02  -3.1650040e+02
   1.0896165e-01   8.6151026e+01   2.1653095e+02  -3.1527978e+02
   1.0909837e-01   7.1014332e+01   2.2617457e+02  -3.1088532e+02
   1.0923508e-01   5.5633493e+01   2.3703889e+02  -3.0502603e+02
   1.0937180e-01   3.9154018e+01   2.4521767e+02  -2.9648118e+02
   1.0950851e-01   2.3895242e+01   2.5132126e+02  -2.8805840e+02
   1.0964523e-01   9.6130240e+00   2.5925590e+02  -2.7963563e+02
   1.0978194e-01  -5.0354084e+00   2.6694640e+02  -2.7157906e+02
   1.0991865e-01  -2.0416267e+01   2.7182929e+02  -2.6474319e+02
   1.1005537e-01  -3.6163340e+01   2.7768874e+02  -2.5815146e+02
   1.1019208e-01  -5.0201432e+01   2.8367026e+02  -2.5033903e+02
   1.1032880e-01  -6.4971951e+01   2.8904143e+02  -2.4350315e+02
   1.1046551e-01  -7.8155559e+01   2.9368019e+02  -2.3630106e+02
   1.1060223e-01  -9.0484679e+01   2.9795273e+02  -2.3019761e+02
   1.1073894e-01  -1.0183724e+02   3.0259148e+02  -2.2250723e+02
   1.1087566e-01  -1.1196910e+02   3.0430055e+02  -2.1359615e+02
   1.1101237e-01  -1.2454237e+02   3.0430063e+02  -2.0419679e+02
   1.1114909e-01  -1.3833635e+02   3.0674212e+02  -1.9491949e+02
   1.1128580e-01  -1.5286275e+02   3.0796291e+02  -1.8490977e+02
   1.1142252e-01  -1.6751123e+02   3.0784092e+02  -1.7428970e+02
   1.1155923e-01  -1.7910795e+02   3.0869550e+02  -1.6464618e+02
   1.1169595e-01  -1.8875156e+02   3.0906179e+02  -1.5451438e+02
   1.1183266e-01  -1.9973793e+02   3.0918394e+02  -1.4206324e+02
   1.1196938e-01  -2.1096845e+02   3.0955024e+02  -1.2924589e+02
   1.1210609e-01  -2.2134449e+02   3.0930618e+02  -1.1691681e+02
   1.1224281e-01  -2.3172052e+02   3.0784142e+02  -1.0446566e+02
   1.1237952e-01  -2.4221863e+02   3.0540009e+02  -9.0061380e+01
   1.1251623e-01  -2.5161811e+02   2.9990700e+02  -7.3948113e+01
   1.1265295e-01  -2.6028516e+02   2.9050767e+02  -5.8933475e+01
   1.1278966e-01  -2.6956258e+02   2.8123040e+02  -4.4895396e+01
   1.1292638e-01  -2.7761929e+02   2.7244141e+02  -3.1467665e+01
   1.1306309e-01  -2.8482151e+02   2.6328621e+02  -1.7795789e+01
   1.1319981e-01  -2.9153545e+02   2.5486343e+02  -3.5135582e+00
   1.1333652e-01  -2.9751697e+02   2.4753928e+02   1.1256958e+01
   1.1347324e-01  -3.0374263e+02   2.3972684e+02   2.6515758e+01
   1.1360995e-01  -3.0960209e+02   2.3203648e+02   3.9333157e+01
   1.1374667e-01  -3.1485119e+02   2.2495646e+02   5.2028488e+01
   1.1388338e-01  -3.2010030e+02   2.1689988e+02   6.4357613e+01
   1.1402010e-01  -3.2388456e+02   2.0896536e+02   7.6564671e+01
   1.1415681e-01  -3.2571570e+02   1.9993221e+02   8.8649662e+01
   1.1429353e-01  -3.2730269e+02   1.9138734e+02   9.9513953e+01
   1.1443024e-01  -3.2962211e+02   1.8174384e+02   1.1159895e+02
   1.1456696e-01  -3.3157532e+02   1.7161205e+02   1.2514880e+02
   1.1470367e-01  -3.3218576e+02   1.6172439e+02   1.3821036e+02
   1.1484039e-01  -3.3267413e+02   1.5195881e+02   1.5053951e+02
   1.1497710e-01  -3.3279628e+02   1.4219322e+02   1.5957277e+02
   1.1511382e-01  -3.3328464e+02   1.2974208e+02   1.7190192e+02
   1.1525053e-01  -3.3340680e+02   1.1668058e+02   1.8313245e+02
   1.1538724e-01  -3.3194204e+02   1.0422943e+02   1.9350848e+02
   1.1552396e-01  -3.2986692e+02   9.1900354e+01   2.0449487e+02
   1.1566067e-01  -3.2840216e+02   7.7740216e+01   2.1462677e+02
   1.1579739e-01  -3.2351943e+02   6.3580075e+01   2.2475868e+02
   1.1593410e-01  -3.1302146e+02   4.7344734e+01   2.3257125e+02
   1.1607082e-01  -3.0313384e+02   3.2330093e+01   2.4209280e+02
   1.1620753e-01  -2.9593177e+02   1.8780292e+01   2.5137022e+02
   1.1634425e-01  -2.8811934e+02   5.4746282e+00   2.5942694e+02
   1.1648096e-01  -2.7884207e+02  -9.0517425e+00   2.6516432e+02
   1.1661768e-01  -2.7127377e+02  -2.3578117e+01   2.7163413e+02
   1.1675439e-01  -2.6297306e+02  -3.6517581e+01   2.8091156e+02
   1.1689111e-01  -2.5418406e+02  -5.0189470e+01   2.8664894e+02
   1.1702782e-01  -2.4515092e+02  -6.1908238e+01   2.9214219e+02
   1.1716454e-01  -2.3636192e+02  -7.3749080e+01   2.9836787e+02
   1.1730125e-01  -2.2903775e+02  -8.5711995e+01   3.0373905e+02
   1.1743797e-01  -2.2037081e+02  -9.7552844e+01   3.0630261e+02
   1.1757468e-01  -2.1060524e+02  -1.0890541e+02   3.0862204e+02
   1.1771140e-01  -2.0120587e+02  -1.2013592e+02   3.1179596e+02
   1.1784811e-01  -1.9058580e+02  -1.3185471e+02   3.1350503e+02
   1.1798482e-01  -1.7862295e+02  -1.4284108e+02   3.1399340e+02
   1.1812154e-01  -1.6714838e+02  -1.5346124e+02   3.1619076e+02
   1.1825825e-01  -1.5677243e+02  -1.6432554e+02   3.1802191e+02
   1.1839497e-01  -1.4480957e+02  -1.7482364e+02   3.1875442e+02
   1.1853168e-01  -1.3187015e+02  -1.8519967e+02   3.1936486e+02
   1.1866840e-01  -1.1832036e+02  -1.9606399e+02   3.2009738e+02
   1.1880511e-01  -1.0464851e+02  -2.0619588e+02   3.2046368e+02
   1.1894183e-01  -9.0610438e+01  -2.1449672e+02   3.1887685e+02
   1.1907854e-01  -7.5107519e+01  -2.2414034e+02   3.1631346e+02
   1.1921526e-01  -5.7163191e+01  -2.3353982e+02   3.0935554e+02
   1.1935197e-01  -4.0073351e+01  -2.4208481e+02   3.0081071e+02
   1.1948869e-01  -2.6035265e+01  -2.5062981e+02   2.9226587e+02
   1.1962540e-01  -1.4072370e+01  -2.5819824e+02   2.8323275e+02
   1.1976212e-01  -7.6669774e-01  -2.6430183e+02   2.7627482e+02
   1.1989883e-01   1.4370033e+01  -2.7028335e+02   2.6992724e+02
   1.2003555e-01   3.0117119e+01  -2.7577659e+02   2.6223689e+02
   1.2017226e-01   4.5742139e+01  -2.8090363e+02   2.5405826e+02
   1.2030898e-01   6.1855444e+01  -2.8688515e+02   2.4551341e+02
   1.2044569e-01   7.5649417e+01  -2.9189012e+02   2.3867754e+02
   1.2058240e-01   8.8833042e+01  -2.9518610e+02   2.3086511e+02
   1.2071912e-01   9.9697335e+01  -2.9884829e+02   2.2378510e+02
   1.2085583e-01   1.1153819e+02  -3.0177806e+02   2.1572852e+02
   1.2099255e-01   1.2423355e+02  -3.0446369e+02   2.0559674e+02
   1.2112926e-01   1.3827168e+02  -3.0605069e+02   1.9546496e+02
   1.2126598e-01   1.5218775e+02  -3.0629492e+02   1.8692009e+02
   1.2140269e-01   1.6451690e+02  -3.0739364e+02   1.7581175e+02
   1.2153941e-01   1.7574743e+02  -3.0824822e+02   1.6482547e+02
   1.2167612e-01   1.8648967e+02  -3.0873658e+02   1.5432746e+02
   1.2181284e-01   1.9784227e+02  -3.0910288e+02   1.4199840e+02
   1.2194955e-01   2.1004937e+02  -3.0946917e+02   1.2844864e+02
   1.2208627e-01   2.2054749e+02  -3.0910305e+02   1.1575336e+02
   1.2222298e-01   2.3165596e+02  -3.0837071e+02   1.0318015e+02
   1.2235970e-01   2.4093337e+02  -3.0629559e+02   8.8653808e+01
   1.2249641e-01   2.4960044e+02  -2.9921559e+02   7.4127464e+01
   1.2263313e-01   2.5875580e+02  -2.9286802e+02   5.7281781e+01
   1.2276984e-01   2.6864357e+02  -2.8359075e+02   4.2511289e+01
   1.2290656e-01   2.7755479e+02  -2.7297071e+02   3.0182200e+01
   1.2304327e-01   2.8463495e+02  -2.6405965e+02   1.6754474e+01
   1.2317998e-01   2.9012820e+02  -2.5624722e+02   2.3501823e+00
   1.2331670e-01   2.9684216e+02  -2.4892308e+02  -1.2664465e+01
   1.2345341e-01   3.0245749e+02  -2.4135478e+02  -2.7068764e+01
   1.2359013e-01   3.0941559e+02  -2.3451891e+02  -4.2083419e+01
   1.2372684e-01   3.1454263e+02  -2.2768304e+02  -5.5511163e+01
   1.2386356e-01   3.1918140e+02  -2.1901611e+02  -6.6741645e+01
   1.2400027e-01   3.2345396e+02  -2.1132574e+02  -7.7972131e+01
   1.2413699e-01   3.2650581e+02  -2.0290294e+02  -8.9080550e+01
   1.2427370e-01   3.2931353e+02  -1.9448014e+02  -1.0055518e+02
   1.2441042e-01   3.3102261e+02  -1.8520285e+02  -1.1312845e+02
   1.2454713e-01   3.3187720e+02  -1.7470485e+02  -1.2606794e+02
   1.2468385e-01   3.3248765e+02  -1.6371856e+02  -1.3888535e+02
   1.2482056e-01   3.3297603e+02  -1.5370884e+02  -1.5109242e+02
   1.2495728e-01   3.3456304e+02  -1.4430946e+02  -1.6098016e+02
   1.2509399e-01   3.3480728e+02  -1.3344524e+02  -1.7160032e+02
   1.2523071e-01   3.3322046e+02  -1.2087203e+02  -1.8295291e+02
   1.2536742e-01   3.3309848e+02  -1.0793260e+02  -1.9479378e+02
   1.2550414e-01   3.3138960e+02  -9.4626963e+01  -2.0504774e+02
   1.2564085e-01   3.2846000e+02  -8.1809601e+01  -2.1359271e+02
   1.2577757e-01   3.2528627e+02  -6.6794969e+01  -2.2287012e+02
   1.2591428e-01   3.1503245e+02  -5.0681701e+01  -2.3202545e+02
   1.2605099e-01   3.0599934e+02  -3.5056711e+01  -2.4044836e+02
   1.2618771e-01   2.9684415e+02  -2.1995193e+01  -2.4887128e+02
   1.2632442e-01   2.8866553e+02  -7.7129691e+00  -2.5558521e+02
   1.2646114e-01   2.7926620e+02   5.4706260e+00  -2.6339778e+02
   1.2659785e-01   2.7352898e+02   2.0119068e+01  -2.7011172e+02
   1.2673457e-01   2.6339722e+02   3.3668882e+01  -2.7694773e+02
   1.2687128e-01   2.5448617e+02   4.7584910e+01  -2.8292925e+02
   1.2700800e-01   2.4679581e+02   6.0768519e+01  -2.8866663e+02
   1.2714471e-01   2.3922753e+02   7.2365218e+01  -2.9489230e+02
   1.2728143e-01   2.2848541e+02   8.3107428e+01  -2.9867655e+02
   1.2741814e-01   2.2091712e+02   9.5314486e+01  -3.0221667e+02
   1.2755486e-01   2.1371503e+02   1.0800983e+02  -3.0587886e+02
   1.2769157e-01   2.0346119e+02   1.1801963e+02  -3.0868656e+02
   1.2782829e-01   1.9223077e+02   1.2949427e+02  -3.1027356e+02
   1.2796500e-01   1.8026794e+02   1.4084685e+02  -3.1161641e+02
   1.2810172e-01   1.6854924e+02   1.5268771e+02  -3.1271512e+02
   1.2823843e-01   1.5817331e+02   1.6367409e+02  -3.1466833e+02
   1.2837515e-01   1.4816359e+02   1.7368390e+02  -3.1576705e+02
   1.2851186e-01   1.3363726e+02   1.8357165e+02  -3.1649955e+02
   1.2864857e-01   1.1984335e+02   1.9492424e+02  -3.1662170e+02
   1.2878529e-01   1.0482874e+02   2.0639891e+02  -3.1662178e+02
   1.2892200e-01   9.0668609e+01   2.1531010e+02  -3.1576737e+02
   1.2905872e-01   7.5043634e+01   2.2287853e+02  -3.1259362e+02
   1.2919543e-01   5.8686233e+01   2.3301043e+02  -3.0612397e+02
   1.2933215e-01   4.3549532e+01   2.4375268e+02  -2.9892190e+02
   1.2946886e-01   2.8412827e+01   2.5156525e+02  -2.9013291e+02
   1.2960558e-01   1.4008539e+01   2.5705849e+02  -2.8244255e+02
   1.2974229e-01  -8.8403329e-01   2.6413864e+02  -2.7450806e+02
   1.2987901e-01  -1.6264891e+01   2.7097465e+02  -2.6669563e+02
   1.3001572e-01  -3.0669190e+01   2.7549133e+02  -2.5998183e+02
   1.3015244e-01  -4.3974860e+01   2.8086250e+02  -2.5351217e+02
   1.3028915e-01  -5.7890886e+01   2.8672195e+02  -2.4569973e+02
   1.3042587e-01  -7.3637970e+01   2.9172692e+02  -2.3874178e+02
   1.3056258e-01  -8.8042285e+01   2.9624360e+02  -2.3129555e+02
   1.3069930e-01  -1.0098176e+02   3.0051614e+02  -2.2445967e+02
   1.3083601e-01  -1.1099155e+02   3.0442247e+02  -2.1652516e+02
   1.3097273e-01  -1.2026892e+02   3.0539912e+02  -2.0785822e+02
   1.3110944e-01  -1.3345255e+02   3.0539920e+02  -1.9919127e+02
   1.3124615e-01  -1.4773481e+02   3.0771862e+02  -1.8893741e+02
   1.3138287e-01  -1.6262743e+02   3.0857320e+02  -1.7746284e+02
   1.3151958e-01  -1.7605521e+02   3.0845122e+02  -1.6623241e+02
   1.3165630e-01  -1.8655330e+02   3.0918372e+02  -1.5707718e+02
   1.3179301e-01  -1.9668518e+02   3.0930588e+02  -1.4609088e+02
   1.3192973e-01  -2.0767156e+02   3.0930596e+02  -1.3351767e+02
   1.3206644e-01  -2.1853588e+02   3.0942811e+02  -1.2082238e+02
   1.3220316e-01  -2.2842363e+02   3.0869577e+02  -1.0800502e+02
   1.3233987e-01  -2.3855553e+02   3.0625444e+02  -9.4333163e+01
   1.3247659e-01  -2.4966399e+02   3.0137171e+02  -7.8708178e+01
   1.3261330e-01  -2.5808691e+02   2.9404757e+02  -6.2472838e+01
   1.3275002e-01  -2.6650983e+02   2.8367167e+02  -4.8678900e+01
   1.3288673e-01  -2.7566517e+02   2.7451647e+02  -3.5373240e+01
   1.3302345e-01  -2.8311153e+02   2.6633784e+02  -2.1823436e+01
   1.3316016e-01  -2.8958133e+02   2.5791506e+02  -7.6632758e+00
   1.3329688e-01  -2.9568492e+02   2.4949227e+02   6.4968877e+00
   1.3343359e-01  -3.0142231e+02   2.4241226e+02   2.1023266e+01
   1.3357031e-01  -3.0752590e+02   2.3447776e+02   3.5427578e+01
   1.3370702e-01  -3.1314122e+02   2.2666532e+02   4.8000838e+01
   1.3384374e-01  -3.1790204e+02   2.1946323e+02   6.0329962e+01
   1.3398045e-01  -3.2254080e+02   2.1152872e+02   7.2537019e+01
   1.3411716e-01  -3.2571471e+02   2.0298385e+02   8.4866150e+01
   1.3425388e-01  -3.2730170e+02   1.9382863e+02   9.6340792e+01
   1.3439059e-01  -3.2888870e+02   1.8528376e+02   1.0805958e+02
   1.3452731e-01  -3.3084191e+02   1.7539611e+02   1.2051079e+02
   1.3466402e-01  -3.3267305e+02   1.6514225e+02   1.3393857e+02
   1.3480074e-01  -3.3303935e+02   1.5488838e+02   1.4675600e+02
   1.3493745e-01  -3.3340565e+02   1.4548900e+02   1.5725409e+02
   1.3507417e-01  -3.3303952e+02   1.3425857e+02   1.6750805e+02
   1.3521088e-01  -3.3328374e+02   1.2119708e+02   1.8044756e+02
   1.3534760e-01  -3.3328383e+02   1.0740316e+02   1.9131188e+02
   1.3548431e-01  -3.3096457e+02   9.4585798e+01   2.0119963e+02
   1.3562103e-01  -3.2791290e+02   8.1768435e+01   2.1157568e+02
   1.3575774e-01  -3.2449501e+02   6.7120014e+01   2.2121930e+02
   1.3589446e-01  -3.1753708e+02   5.1739167e+01   2.3122913e+02
   1.3603117e-01  -3.0618462e+02   3.6358317e+01   2.3928585e+02
   1.3616789e-01  -2.9727356e+02   2.2320236e+01   2.4844119e+02
   1.3630460e-01  -2.9019356e+02   9.7469961e+00   2.5723033e+02
   1.3644132e-01  -2.8250320e+02  -3.6807400e+00   2.6467670e+02
   1.3657803e-01  -2.7359214e+02  -1.9061605e+01   2.6943752e+02
   1.3671474e-01  -2.6468107e+02  -3.2367278e+01   2.7651768e+02
   1.3685146e-01  -2.5760106e+02  -4.5672955e+01   2.8506269e+02
   1.3698817e-01  -2.4832378e+02  -5.8368283e+01   2.9067801e+02
   1.3712489e-01  -2.3892442e+02  -7.0087053e+01   2.9580505e+02
   1.3726160e-01  -2.3013542e+02  -8.2172037e+01   3.0166451e+02
   1.3739832e-01  -2.2268918e+02  -9.4257025e+01   3.0642534e+02
   1.3753503e-01  -2.1365603e+02  -1.0573166e+02   3.0850063e+02
   1.3767175e-01  -2.0364632e+02  -1.1659596e+02   3.1008763e+02
   1.3780846e-01  -1.9424695e+02  -1.2843681e+02   3.1326155e+02
   1.3794518e-01  -1.8326066e+02  -1.3966732e+02   3.1484856e+02
   1.3808189e-01  -1.7105367e+02  -1.5065369e+02   3.1545900e+02
   1.3821861e-01  -1.5957909e+02  -1.6078557e+02   3.1729014e+02
   1.3835532e-01  -1.4908108e+02  -1.7091746e+02   3.1899922e+02
   1.3849204e-01  -1.3540923e+02  -1.8214798e+02   3.1936552e+02
   1.3862875e-01  -1.2161531e+02  -1.9264608e+02   3.1973182e+02
   1.3876547e-01  -1.0757725e+02  -2.0290005e+02   3.2022020e+02
   1.3890218e-01  -9.4393670e+01  -2.1290987e+02   3.1997615e+02
   1.3903890e-01  -7.9623175e+01  -2.2182107e+02   3.1716862e+02
   1.3917561e-01  -6.2777482e+01  -2.3122055e+02   3.1204175e+02
   1.3931232e-01  -4.4711081e+01  -2.4025382e+02   3.0239828e+02
   1.3944904e-01  -2.9330223e+01  -2.4831053e+02   2.9409759e+02
   1.3958575e-01  -1.6634908e+01  -2.5600103e+02   2.8640724e+02
   1.3972247e-01  -4.1837299e+00  -2.6283704e+02   2.7810654e+02
   1.3985918e-01   9.9764366e+00  -2.6820821e+02   2.7139275e+02
   1.3999590e-01   2.5357310e+01  -2.7333524e+02   2.6394654e+02
   1.4013261e-01   4.0494047e+01  -2.7882848e+02   2.5576791e+02
   1.4026933e-01   5.5020436e+01  -2.8481001e+02   2.4795548e+02
   1.4040604e-01   6.9913040e+01  -2.9018118e+02   2.4160790e+02
   1.4054276e-01   8.4439437e+01  -2.9359923e+02   2.3367340e+02
   1.4067947e-01   9.7134783e+01  -2.9774971e+02   2.2622717e+02
   1.4081619e-01   1.0970806e+02  -3.0128983e+02   2.1804853e+02
   1.4095290e-01   1.2179306e+02  -3.0421960e+02   2.0828296e+02
   1.4108962e-01   1.3461049e+02  -3.0580660e+02   1.9851740e+02
   1.4122633e-01   1.4791620e+02  -3.0617289e+02   1.9021667e+02
   1.4136305e-01   1.6012329e+02  -3.0702747e+02   1.7959661e+02
   1.4149976e-01   1.7233037e+02  -3.0824826e+02   1.6824412e+02
   1.4163648e-01   1.8295055e+02  -3.0861455e+02   1.5774611e+02
   1.4177319e-01   1.9430315e+02  -3.0910292e+02   1.4566120e+02
   1.4190991e-01   2.0638817e+02  -3.0946921e+02   1.3235557e+02
   1.4204662e-01   2.1774078e+02  -3.0922516e+02   1.1953822e+02
   1.4218333e-01   2.2921546e+02  -3.0873696e+02   1.0684294e+02
   1.4232005e-01   2.3849287e+02  -3.0739427e+02   9.2560745e+01
   1.4245676e-01   2.4715994e+02  -3.0104669e+02   7.8522684e+01
   1.4259348e-01   2.5619322e+02  -2.9555360e+02   6.1432862e+01
   1.4273019e-01   2.6620307e+02  -2.8627634e+02   4.6174090e+01
   1.4286691e-01   2.7535842e+02  -2.7553423e+02   3.3845003e+01
   1.4300362e-01   2.8268273e+02  -2.6650110e+02   2.1027630e+01
   1.4314034e-01   2.8829805e+02  -2.5893281e+02   7.2336912e+00
   1.4327705e-01   2.9501200e+02  -2.5136452e+02  -7.6588842e+00
   1.4341377e-01   3.0038319e+02  -2.4379623e+02  -2.2673534e+01
   1.4355048e-01   3.0734129e+02  -2.3683829e+02  -3.8176468e+01
   1.4368720e-01   3.1246833e+02  -2.2951413e+02  -5.1848351e+01
   1.4382391e-01   3.1771745e+02  -2.2109134e+02  -6.3200903e+01
   1.4396063e-01   3.2247829e+02  -2.1364511e+02  -7.4797598e+01
   1.4409734e-01   3.2626256e+02  -2.0546646e+02  -8.5906016e+01
   1.4423406e-01   3.2919235e+02  -1.9740987e+02  -9.7502718e+01
   1.4437077e-01   3.3090143e+02  -1.8825465e+02  -1.0970978e+02
   1.4450749e-01   3.3175602e+02  -1.7800079e+02  -1.2240512e+02
   1.4464420e-01   3.3236647e+02  -1.6701450e+02  -1.3522253e+02
   1.4478091e-01   3.3297691e+02  -1.5700478e+02  -1.4742960e+02
   1.4491763e-01   3.3468600e+02  -1.4736126e+02  -1.5817183e+02
   1.4505434e-01   3.3480816e+02  -1.3710739e+02  -1.6854785e+02
   1.4519106e-01   3.3334342e+02  -1.2441211e+02  -1.7929008e+02
   1.4532777e-01   3.3334351e+02  -1.1171683e+02  -1.9100888e+02
   1.4546449e-01   3.3163462e+02  -9.8289116e+01  -2.0175112e+02
   1.4560120e-01   3.2919331e+02  -8.5593824e+01  -2.1102852e+02
   1.4573792e-01   3.2699614e+02  -7.0701263e+01  -2.2079420e+02
   1.4587463e-01   3.1747474e+02  -5.4954207e+01  -2.3019367e+02
   1.4601135e-01   3.0880784e+02  -3.9329217e+01  -2.3886073e+02
   1.4614806e-01   2.9953059e+02  -2.6145629e+01  -2.4703950e+02
   1.4628478e-01   2.9135196e+02  -1.1863406e+01  -2.5363136e+02
   1.4642149e-01   2.8183056e+02   7.0983728e-01  -2.6119979e+02
   1.4655821e-01   2.7621541e+02   1.5114139e+01  -2.6779166e+02
   1.4669492e-01   2.6583951e+02   2.9274303e+01  -2.7450560e+02
   1.4683164e-01   2.5692846e+02   4.3800682e+01  -2.8048712e+02
   1.4696835e-01   2.4887189e+02   5.6984291e+01  -2.8695692e+02
   1.4710507e-01   2.4142568e+02   6.8947201e+01  -2.9342672e+02
   1.4724178e-01   2.3080563e+02   7.9811481e+01  -2.9757719e+02
   1.4737849e-01   2.2311527e+02   9.2018538e+01  -3.0075110e+02
   1.4751521e-01   2.1615732e+02   1.0495802e+02  -3.0453536e+02
   1.4765192e-01   2.0639176e+02   1.1508989e+02  -3.0795341e+02
   1.4778864e-01   1.9564963e+02   1.2619832e+02  -3.1002868e+02
   1.4792535e-01   1.8405300e+02   1.3767297e+02  -3.1137154e+02
   1.4806207e-01   1.7221223e+02   1.4914762e+02  -3.1259232e+02
   1.4819878e-01   1.6122595e+02   1.6062228e+02  -3.1454553e+02
   1.4833550e-01   1.5158244e+02   1.7002174e+02  -3.1564424e+02
   1.4847221e-01   1.3766647e+02   1.8027570e+02  -3.1625467e+02
   1.4860893e-01   1.2387256e+02   1.9162829e+02  -3.1662097e+02
   1.4874564e-01   1.0836966e+02   2.0359124e+02  -3.1674312e+02
   1.4888236e-01   9.3965396e+01   2.1274657e+02  -3.1613284e+02
   1.4901907e-01   7.9072844e+01   2.2031500e+02  -3.1369152e+02
   1.4915579e-01   6.3325795e+01   2.3044690e+02  -3.0795429e+02
   1.4929250e-01   4.8311165e+01   2.4143329e+02  -3.0124050e+02
   1.4942922e-01   3.2564108e+01   2.4924586e+02  -2.9245151e+02
   1.4956593e-01   1.8037751e+01   2.5510531e+02  -2.8451702e+02
   1.4970265e-01   3.7555309e+00   2.6230753e+02  -2.7658252e+02
   1.4983936e-01  -1.1014975e+01   2.6938768e+02  -2.6877009e+02
   1.4997607e-01  -2.6029625e+01   2.7378229e+02  -2.6230043e+02
   1.5011279e-01  -3.9701506e+01   2.7927553e+02  -2.5570870e+02
   1.5024950e-01  -5.2518898e+01   2.8525706e+02  -2.4777419e+02
   1.5038622e-01  -6.8510122e+01   2.9026202e+02  -2.4093832e+02
   1.5052293e-01  -8.4013069e+01   2.9490077e+02  -2.3361416e+02
   1.5065965e-01  -9.8173247e+01   2.9941746e+02  -2.2665621e+02
   1.5079636e-01  -1.0903753e+02   3.0381207e+02  -2.1859962e+02
   1.5093308e-01  -1.1782662e+02   3.0503286e+02  -2.1042096e+02
   1.5106979e-01  -1.3027782e+02   3.0527708e+02  -2.0212023e+02
   1.5120651e-01  -1.4382766e+02   3.0759650e+02  -1.9186637e+02
   1.5134322e-01  -1.5847614e+02   3.0845108e+02  -1.8051387e+02
   1.5147994e-01  -1.7251427e+02   3.0820703e+02  -1.6916137e+02
   1.5161665e-01  -1.8289029e+02   3.0906160e+02  -1.6012820e+02
   1.5175337e-01  -1.9290011e+02   3.0930583e+02  -1.4950812e+02
   1.5189008e-01  -2.0413063e+02   3.0918384e+02  -1.3717905e+02
   1.5202680e-01  -2.1523908e+02   3.0942807e+02  -1.2436169e+02
   1.5216351e-01  -2.2549304e+02   3.0893987e+02  -1.1130019e+02
   1.5230023e-01  -2.3611322e+02   3.0698682e+02  -9.7872477e+01
   1.5243694e-01  -2.4734375e+02   3.0295858e+02  -8.2857844e+01
   1.5257366e-01  -2.5613288e+02   2.9648894e+02  -6.6744574e+01
   1.5271037e-01  -2.6467787e+02   2.8623511e+02  -5.2584426e+01
   1.5284708e-01  -2.7383322e+02   2.7695784e+02  -3.9156697e+01
   1.5298380e-01  -2.8103544e+02   2.6890127e+02  -2.5973104e+01
   1.5312051e-01  -2.8762731e+02   2.5999021e+02  -1.2301226e+01
   1.5325723e-01  -2.9360883e+02   2.5168950e+02   1.9810071e+00
   1.5339394e-01  -2.9922414e+02   2.4448742e+02   1.6629455e+01
   1.5353066e-01  -3.0544981e+02   2.3655292e+02   3.1644117e+01
   1.5366737e-01  -3.1130926e+02   2.2874048e+02   4.4339448e+01
   1.5380409e-01  -3.1594802e+02   2.2202668e+02   5.7034781e+01
   1.5394080e-01  -3.2131919e+02   2.1372596e+02   6.9363908e+01
   1.5407752e-01  -3.2559174e+02   2.0566937e+02   8.1815108e+01
   1.5421423e-01  -3.2742288e+02   1.9663622e+02   9.3533891e+01
   1.5435095e-01  -3.2876574e+02   1.8833549e+02   1.0452025e+02
   1.5448766e-01  -3.3084102e+02   1.7856991e+02   1.1684940e+02
   1.5462438e-01  -3.3267216e+02   1.6819398e+02   1.3015510e+02
   1.5476109e-01  -3.3291638e+02   1.5794012e+02   1.4297253e+02
   1.5489781e-01  -3.3316061e+02   1.4793039e+02   1.5432512e+02
   1.5503452e-01  -3.3291655e+02   1.3755445e+02   1.6409080e+02
   1.5517124e-01  -3.3291664e+02   1.2485917e+02   1.7678616e+02
   1.5530795e-01  -3.3328293e+02   1.1106525e+02   1.8777255e+02
   1.5544466e-01  -3.3120782e+02   9.8614104e+01   1.9863687e+02
   1.5558138e-01  -3.2864443e+02   8.6162954e+01   2.0974533e+02
   1.5571809e-01  -3.2547068e+02   7.1758675e+01   2.1926688e+02
   1.5585481e-01  -3.2022174e+02   5.6744041e+01   2.2842223e+02
   1.5599152e-01  -3.0911342e+02   4.1363192e+01   2.3635687e+02
   1.5612824e-01  -3.0008029e+02   2.6958903e+01   2.4539014e+02
   1.5626495e-01  -2.9287822e+02   1.4141523e+01   2.5430135e+02
   1.5640167e-01  -2.8518786e+02   7.1378894e-01   2.6174772e+02
   1.5653838e-01  -2.7530024e+02  -1.3690512e+01   2.6736304e+02
   1.5667510e-01  -2.6712160e+02  -2.8094816e+01   2.7383284e+02
   1.5681181e-01  -2.5943123e+02  -4.1644632e+01   2.8274406e+02
   1.5694853e-01  -2.5027602e+02  -5.4828240e+01   2.8848145e+02
   1.5708524e-01  -2.4099874e+02  -6.6669078e+01   2.9421884e+02
   1.5722196e-01  -2.3257595e+02  -7.8876131e+01   3.0044452e+02
   1.5735867e-01  -2.2525179e+02  -9.0961118e+01   3.0569363e+02
   1.5749539e-01  -2.1658485e+02  -1.0255783e+02   3.0813512e+02
   1.5763210e-01  -2.0681927e+02  -1.1354419e+02   3.0984420e+02
   1.5776882e-01  -1.9741991e+02  -1.2489676e+02   3.1289605e+02
   1.5790553e-01  -1.8655569e+02  -1.3612727e+02   3.1436098e+02
   1.5804224e-01  -1.7447077e+02  -1.4686950e+02   3.1484936e+02
   1.5817896e-01  -1.6275206e+02  -1.5724552e+02   3.1692464e+02
   1.5831567e-01  -1.5237611e+02  -1.6762154e+02   3.1851165e+02
   1.5845239e-01  -1.3931462e+02  -1.7897413e+02   3.1887795e+02
   1.5858910e-01  -1.2539863e+02  -1.8947223e+02   3.1948839e+02
   1.5872582e-01  -1.1136057e+02  -2.0021448e+02   3.1997677e+02
   1.5886253e-01  -9.7932852e+01  -2.1059051e+02   3.1985479e+02
   1.5899925e-01  -8.3772711e+01  -2.1937964e+02   3.1765761e+02
   1.5913596e-01  -6.7659441e+01  -2.2914533e+02   3.1387352e+02
   1.5927268e-01  -4.9837182e+01  -2.3817859e+02   3.0471833e+02
   1.5940939e-01  -3.3968045e+01  -2.4611323e+02   2.9629557e+02
   1.5954611e-01  -2.2737575e+01  -2.5368166e+02   2.8848315e+02
   1.5968282e-01  -9.7981177e+00  -2.6015146e+02   2.8054866e+02
   1.5981954e-01   5.3386095e+00  -2.6564470e+02   2.7359074e+02
   1.5995625e-01   2.2184325e+01  -2.7126001e+02   2.6602246e+02
   1.6009297e-01   3.7809341e+01  -2.7724153e+02   2.5772175e+02
   1.6022968e-01   5.1847448e+01  -2.8346720e+02   2.4990933e+02
   1.6036640e-01   6.6129698e+01  -2.8908251e+02   2.4343967e+02
   1.6050311e-01   8.0411953e+01  -2.9286677e+02   2.3599345e+02
   1.6063983e-01   9.3229367e+01  -2.9713932e+02   2.2879137e+02
   1.6077654e-01   1.0653507e+02  -3.0080151e+02   2.2061273e+02
   1.6091325e-01   1.1874214e+02  -3.0397542e+02   2.1096924e+02
   1.6104997e-01   1.3082714e+02  -3.0544035e+02   2.0156988e+02
   1.6118668e-01   1.4364457e+02  -3.0568457e+02   1.9351330e+02
   1.6132340e-01   1.5572958e+02  -3.0678329e+02   1.8289323e+02
   1.6146011e-01   1.6830288e+02  -3.0788201e+02   1.7141867e+02
   1.6159683e-01   1.7965547e+02  -3.0824830e+02   1.6104274e+02
   1.6173354e-01   1.9100807e+02  -3.0885874e+02   1.4932404e+02
   1.6187026e-01   2.0284895e+02  -3.0922503e+02   1.3614048e+02
   1.6200697e-01   2.1420156e+02  -3.0910304e+02   1.2332314e+02
   1.6214369e-01   2.2628659e+02  -3.0873692e+02   1.1099407e+02
   1.6228040e-01   2.3593021e+02  -3.0800457e+02   9.6956015e+01
   1.6241712e-01   2.4508556e+02  -3.0263356e+02   8.3528307e+01
   1.6255383e-01   2.5387470e+02  -2.9799497e+02   6.6804696e+01
   1.6269055e-01   2.6351833e+02  -2.8908391e+02   5.1179715e+01
   1.6282726e-01   2.7230748e+02  -2.7821973e+02   3.8362348e+01
   1.6296398e-01   2.7950971e+02  -2.6930867e+02   2.5300836e+01
   1.6310069e-01   2.8549124e+02  -2.6125210e+02   1.1995180e+01
   1.6323741e-01   2.9232726e+02  -2.5392796e+02  -2.8973942e+00
   1.6337412e-01   2.9830880e+02  -2.4574931e+02  -1.8034113e+01
   1.6351083e-01   3.0526690e+02  -2.3879137e+02  -3.4025327e+01
   1.6364755e-01   3.1076015e+02  -2.3171136e+02  -4.7941349e+01
   1.6378426e-01   3.1625341e+02  -2.2328857e+02  -5.9415970e+01
   1.6392098e-01   3.2150253e+02  -2.1633062e+02  -7.1134734e+01
   1.6405769e-01   3.2565301e+02  -2.0827403e+02  -8.2487291e+01
   1.6419441e-01   3.2894901e+02  -2.0021745e+02  -9.4328133e+01
   1.6433112e-01   3.3053602e+02  -1.9142844e+02  -1.0604691e+02
   1.6446784e-01   3.3139060e+02  -1.8080837e+02  -1.1849811e+02
   1.6460455e-01   3.3200105e+02  -1.6994415e+02  -1.3155966e+02
   1.6474127e-01   3.3273357e+02  -1.6005650e+02  -1.4364466e+02
   1.6487798e-01   3.3432058e+02  -1.4992470e+02  -1.5499724e+02
   1.6501470e-01   3.3456482e+02  -1.4040325e+02  -1.6488497e+02
   1.6515141e-01   3.3346628e+02  -1.2783004e+02  -1.7574928e+02
   1.6528813e-01   3.3346638e+02  -1.1525683e+02  -1.8795635e+02
   1.6542484e-01   3.3187956e+02  -1.0231740e+02  -1.9882066e+02
   1.6556156e-01   3.2992653e+02  -8.9744180e+01  -2.0822013e+02
   1.6569827e-01   3.2846178e+02  -7.5461971e+01  -2.1810788e+02
   1.6583499e-01   3.2028316e+02  -6.0081126e+01  -2.2726321e+02
   1.6597170e-01   3.1186039e+02  -4.4578207e+01  -2.3580820e+02
   1.6610841e-01   3.0209486e+02  -3.1028410e+01  -2.4435318e+02
   1.6624513e-01   2.9367209e+02  -1.6379976e+01  -2.5106711e+02
   1.6638184e-01   2.8390655e+02  -3.6846631e+00  -2.5887968e+02
   1.6651856e-01   2.7841347e+02   1.0841708e+01  -2.6559362e+02
   1.6665527e-01   2.6815964e+02   2.5490153e+01  -2.7242963e+02
   1.6679199e-01   2.5961480e+02   4.0016531e+01  -2.7841114e+02
   1.6692870e-01   2.5119202e+02   5.3200140e+01  -2.8500302e+02
   1.6706542e-01   2.4398995e+02   6.5407189e+01  -2.9171696e+02
   1.6720213e-01   2.3324783e+02   7.6149398e+01  -2.9635571e+02
   1.6733885e-01   2.2604575e+02   8.8600596e+01  -3.0013997e+02
   1.6747556e-01   2.1933195e+02   1.0129594e+02  -3.0441251e+02
   1.6761228e-01   2.0956638e+02   1.1154988e+02  -3.0758641e+02
   1.6774899e-01   1.9870218e+02   1.2217003e+02  -3.0929548e+02
   1.6788571e-01   1.8747177e+02   1.3401089e+02  -3.1051626e+02
   1.6802242e-01   1.7526479e+02   1.4511933e+02  -3.1198119e+02
   1.6815914e-01   1.6464472e+02   1.5732640e+02  -3.1381232e+02
   1.6829585e-01   1.5524535e+02   1.6684794e+02  -3.1491104e+02
   1.6843257e-01   1.4157352e+02   1.7697982e+02  -3.1576561e+02
   1.6856928e-01   1.2802375e+02   1.8845449e+02  -3.1625397e+02
   1.6870599e-01   1.1276500e+02   2.0066157e+02  -3.1649819e+02
   1.6884271e-01   9.8482800e+01   2.1006105e+02  -3.1637620e+02
   1.6897942e-01   8.3834389e+01   2.1799568e+02  -3.1491144e+02
   1.6911614e-01   6.8453552e+01   2.2800551e+02  -3.0990663e+02
   1.6925285e-01   5.3683063e+01   2.3874776e+02  -3.0404733e+02
   1.6938957e-01   3.7691867e+01   2.4643826e+02  -2.9538042e+02
   1.6952628e-01   2.2555158e+01   2.5205357e+02  -2.8695764e+02
   1.6966300e-01   8.3950089e+00   2.5962200e+02  -2.7865693e+02
   1.6979971e-01  -6.3754961e+00   2.6670215e+02  -2.7072243e+02
   1.6993643e-01  -2.1512216e+01   2.7170711e+02  -2.6413070e+02
   1.7007314e-01  -3.5794448e+01   2.7756657e+02  -2.5766104e+02
   1.7020986e-01  -4.8733910e+01   2.8367016e+02  -2.4972654e+02
   1.7034657e-01  -6.3138219e+01   2.8904134e+02  -2.4289066e+02
   1.7048329e-01  -7.8519095e+01   2.9392423e+02  -2.3581064e+02
   1.7062000e-01  -9.3533764e+01   2.9831884e+02  -2.2934098e+02
   1.7075672e-01  -1.0610703e+02   3.0307967e+02  -2.2128439e+02
   1.7089343e-01  -1.1538440e+02   3.0454460e+02  -2.1298366e+02
   1.7103015e-01  -1.2722525e+02   3.0466675e+02  -2.0480500e+02
   1.7116686e-01  -1.3979853e+02   3.0723031e+02  -1.9491735e+02
   1.7130358e-01  -1.5420287e+02   3.0808489e+02  -1.8368693e+02
   1.7144029e-01  -1.6836307e+02   3.0796291e+02  -1.7245650e+02
   1.7157700e-01  -1.7934944e+02   3.0881748e+02  -1.6317919e+02
   1.7171372e-01  -1.8911511e+02   3.0906171e+02  -1.5329153e+02
   1.7185043e-01  -2.0046770e+02   3.0906179e+02  -1.4096246e+02
   1.7198715e-01  -2.1218651e+02   3.0942809e+02  -1.2814510e+02
   1.7212386e-01  -2.2317289e+02   3.0906196e+02  -1.1532774e+02
   1.7226058e-01  -2.3391514e+02   3.0747513e+02  -1.0251038e+02
   1.7239729e-01  -2.4441325e+02   3.0478966e+02  -8.7984030e+01
   1.7253401e-01  -2.5295824e+02   2.9905244e+02  -7.2236972e+01
   1.7267072e-01  -2.6125909e+02   2.8940896e+02  -5.7588544e+01
   1.7280744e-01  -2.7029236e+02   2.8000963e+02  -4.3794605e+01
   1.7294415e-01  -2.7786079e+02   2.7183099e+02  -3.0366872e+01
   1.7308087e-01  -2.8494095e+02   2.6267579e+02  -1.6939136e+01
   1.7321758e-01  -2.9141075e+02   2.5413094e+02  -2.5348334e+00
   1.7335430e-01  -2.9739227e+02   2.4668472e+02   1.2235684e+01
   1.7349101e-01  -3.0386208e+02   2.3862815e+02   2.7494486e+01
   1.7362773e-01  -3.0984360e+02   2.3093778e+02   4.0433956e+01
   1.7376444e-01  -3.1497064e+02   2.2422398e+02   5.3373429e+01
   1.7390116e-01  -3.2046389e+02   2.1628947e+02   6.5702555e+01
   1.7403787e-01  -3.2473643e+02   2.0835496e+02   7.7909614e+01
   1.7417458e-01  -3.2668964e+02   1.9956595e+02   9.0116676e+01
   1.7431130e-01  -3.2778836e+02   1.9126522e+02   1.0061476e+02
   1.7444801e-01  -3.2974157e+02   1.8137757e+02   1.1269976e+02
   1.7458473e-01  -3.3193892e+02   1.7100164e+02   1.2624960e+02
   1.7472144e-01  -3.3230522e+02   1.6062571e+02   1.3931117e+02
   1.7485816e-01  -3.3254945e+02   1.5061598e+02   1.5139618e+02
   1.7499487e-01  -3.3279367e+02   1.4072833e+02   1.6103979e+02
   1.7513159e-01  -3.3303790e+02   1.2803305e+02   1.7361308e+02
   1.7526830e-01  -3.3340420e+02   1.1484948e+02   1.8472154e+02
   1.7540502e-01  -3.3193944e+02   1.0252041e+02   1.9521965e+02
   1.7554173e-01  -3.2986432e+02   9.0191328e+01   2.0632811e+02
   1.7567845e-01  -3.2730093e+02   7.6275332e+01   2.1646001e+02
   1.7581516e-01  -3.2156371e+02   6.1993122e+01   2.2610363e+02
   1.7595188e-01  -3.1155402e+02   4.6001923e+01   2.3354999e+02
   1.7608859e-01  -3.0239883e+02   3.1475565e+01   2.4294948e+02
   1.7622531e-01  -2.9617332e+02   1.8047835e+01   2.5198276e+02
   1.7636202e-01  -2.8823882e+02   4.8642430e+00   2.5967327e+02
   1.7649874e-01  -2.7822913e+02  -1.0028337e+01   2.6516651e+02
   1.7663545e-01  -2.6968428e+02  -2.4432640e+01   2.7212460e+02
   1.7677216e-01  -2.6150563e+02  -3.8104525e+01   2.8127996e+02
   1.7690888e-01  -2.5247249e+02  -5.1654342e+01   2.8689528e+02
   1.7704559e-01  -2.4356142e+02  -6.3373109e+01   2.9275474e+02
   1.7718231e-01  -2.3538277e+02  -7.5336020e+01   2.9934662e+02
   1.7731902e-01  -2.2854689e+02  -8.7298934e+01   3.0459573e+02
   1.7745574e-01  -2.1987996e+02  -9.9017711e+01   3.0728137e+02
   1.7759245e-01  -2.0999231e+02  -1.1024821e+02   3.0935666e+02
   1.7772917e-01  -2.0047088e+02  -1.2123457e+02   3.1253058e+02
   1.7786588e-01  -1.8972874e+02  -1.3258715e+02   3.1399551e+02
   1.7800260e-01  -1.7764382e+02  -1.4320731e+02   3.1448388e+02
   1.7813931e-01  -1.6629132e+02  -1.5419368e+02   3.1643710e+02
   1.7827603e-01  -1.5579330e+02  -1.6505798e+02   3.1814618e+02
   1.7841274e-01  -1.4309802e+02  -1.7592229e+02   3.1863455e+02
   1.7854946e-01  -1.2967032e+02  -1.8666453e+02   3.1936706e+02
   1.7868617e-01  -1.1575433e+02  -1.9777298e+02   3.2009958e+02
   1.7882289e-01  -1.0208247e+02  -2.0790488e+02   3.2034381e+02
   1.7895960e-01  -8.8166472e+01  -2.1632779e+02   3.1851284e+02
   1.7909632e-01  -7.2663555e+01  -2.2597141e+02   3.1582738e+02
   1.7923303e-01  -5.5085439e+01  -2.3500467e+02   3.0838118e+02
   1.7936975e-01  -3.8850093e+01  -2.4318345e+02   2.9959221e+02
   1.7950646e-01  -2.7009274e+01  -2.5111809e+02   2.9092530e+02
   1.7964317e-01  -1.4313958e+01  -2.5819824e+02   2.8250253e+02
   1.7977989e-01   7.0069662e-01  -2.6405769e+02   2.7542253e+02
   1.7991660e-01   1.7790551e+01  -2.7003921e+02   2.6797633e+02
   1.8005332e-01   3.4270058e+01  -2.7602073e+02   2.5979769e+02
   1.8019003e-01   4.8308162e+01  -2.8236846e+02   2.5210734e+02
   1.8032675e-01   6.2468340e+01  -2.8798378e+02   2.4588183e+02
   1.8046346e-01   7.6384382e+01  -2.9164597e+02   2.3819147e+02
   1.8060018e-01   8.9323865e+01  -2.9604058e+02   2.3123353e+02
   1.8073689e-01   1.0262956e+02  -3.0006898e+02   2.2317695e+02
   1.8087361e-01   1.1508077e+02  -3.0348703e+02   2.1353346e+02
   1.8101032e-01   1.2667749e+02  -3.0482989e+02   2.0425618e+02
   1.8114704e-01   1.3925078e+02  -3.0507412e+02   1.9619959e+02
   1.8128375e-01   1.5170200e+02  -3.0641697e+02   1.8582367e+02
   1.8142047e-01   1.6488564e+02  -3.0763776e+02   1.7434911e+02
   1.8155718e-01   1.7526168e+02  -3.0812612e+02   1.6372905e+02
   1.8169390e-01   1.8783498e+02  -3.0861449e+02   1.5286483e+02
   1.8183061e-01   1.9943172e+02  -3.0934699e+02   1.3968128e+02
   1.8196733e-01   2.1139467e+02  -3.0922501e+02   1.2649772e+02
   1.8210404e-01   2.2396798e+02  -3.0898095e+02   1.1416866e+02
   1.8224075e-01   2.3385575e+02  -3.0849275e+02   1.0049681e+02
   1.8237747e-01   2.4276695e+02  -3.0434244e+02   8.7557387e+01
   1.8251418e-01   2.5167816e+02  -3.0019212e+02   7.1444130e+01
   1.8265090e-01   2.6107765e+02  -2.9189142e+02   5.5575009e+01
   1.8278761e-01   2.6974472e+02  -2.8090517e+02   4.2391432e+01
   1.8292433e-01   2.7719109e+02  -2.7174997e+02   2.9207851e+01
   1.8306104e-01   2.8353883e+02  -2.6344926e+02   1.5902196e+01
   1.8319776e-01   2.9061900e+02  -2.5624718e+02   1.1316931e+00
   1.8333447e-01   2.9684467e+02  -2.4770233e+02  -1.4249165e+01
   1.8347119e-01   3.0404691e+02  -2.4062232e+02  -3.0606589e+01
   1.8360790e-01   3.0941809e+02  -2.3415265e+02  -4.4522610e+01
   1.8374462e-01   3.1515549e+02  -2.2585193e+02  -5.5875159e+01
   1.8388133e-01   3.2052668e+02  -2.1889399e+02  -6.7471852e+01
   1.8401805e-01   3.2455509e+02  -2.1108154e+02  -7.8580267e+01
   1.8415476e-01   3.2809522e+02  -2.0265874e+02  -9.0665249e+01
   1.8429148e-01   3.2968223e+02  -1.9399180e+02  -1.0262816e+02
   1.8442819e-01   3.3078096e+02  -1.8337173e+02  -1.1471315e+02
   1.8456491e-01   3.3151348e+02  -1.7262959e+02  -1.2765264e+02
   1.8470162e-01   3.3249014e+02  -1.6274194e+02  -1.4010384e+02
   1.8483833e-01   3.3407715e+02  -1.5285428e+02  -1.5206677e+02
   1.8497505e-01   3.3456552e+02  -1.4321076e+02  -1.6183243e+02
   1.8511176e-01   3.3358906e+02  -1.3136998e+02  -1.7269674e+02
   1.8524848e-01   3.3358915e+02  -1.1904090e+02  -1.8551417e+02
   1.8538519e-01   3.3236854e+02  -1.0622355e+02  -1.9674468e+02
   1.8552191e-01   3.3078172e+02  -9.3772395e+01  -2.0590001e+02
   1.8565862e-01   3.2980525e+02  -7.9734328e+01  -2.1566569e+02
   1.8579534e-01   3.2296940e+02  -6.4597624e+01  -2.2433274e+02
   1.8593205e-01   3.1479078e+02  -4.9094706e+01  -2.3251151e+02
   1.8606877e-01   3.0465903e+02  -3.5056627e+01  -2.4130064e+02
   1.8620548e-01   2.9587006e+02  -2.0164053e+01  -2.4850285e+02
   1.8634220e-01   2.8598245e+02  -7.3466706e+00  -2.5704784e+02
   1.8647891e-01   2.8061144e+02   7.0576296e+00  -2.6400591e+02
   1.8661563e-01   2.7060175e+02   2.1828144e+01  -2.7084192e+02
   1.8675234e-01   2.6181277e+02   3.6232452e+01  -2.7731172e+02
   1.8688906e-01   2.5387827e+02   5.0148482e+01  -2.8378152e+02
   1.8702577e-01   2.4667620e+02   6.2477601e+01  -2.9037339e+02
   1.8716249e-01   2.3605615e+02   7.2853599e+01  -2.9525628e+02
   1.8729920e-01   2.2873200e+02   8.5060655e+01  -2.9916261e+02
   1.8743592e-01   2.2201819e+02   9.7633926e+01  -3.0331308e+02
   1.8757263e-01   2.1237470e+02   1.0825407e+02  -3.0746355e+02
   1.8770934e-01   2.0151050e+02   1.1863009e+02  -3.0905055e+02
   1.8784606e-01   1.9028009e+02   1.3071509e+02  -3.1014926e+02
   1.8798277e-01   1.7782897e+02   1.4194560e+02  -3.1112590e+02
   1.8811949e-01   1.6769718e+02   1.5451888e+02  -3.1320118e+02
   1.8825620e-01   1.5841988e+02   1.6452870e+02  -3.1466610e+02
   1.8839292e-01   1.4511426e+02   1.7429437e+02  -3.1576482e+02
   1.8852963e-01   1.3217484e+02   1.8589111e+02  -3.1613111e+02
   1.8866635e-01   1.1716023e+02   1.9822026e+02  -3.1649740e+02
   1.8880306e-01   1.0251182e+02   2.0737560e+02  -3.1674162e+02
   1.8893978e-01   8.7985480e+01   2.1506609e+02  -3.1576514e+02
   1.8907649e-01   7.3337065e+01   2.2507592e+02  -3.1149275e+02
   1.8921321e-01   5.8566576e+01   2.3606231e+02  -3.0624381e+02
   1.8934992e-01   4.1842958e+01   2.4399695e+02  -2.9794310e+02
   1.8948664e-01   2.6340040e+01   2.5010054e+02  -2.8878790e+02
   1.8962335e-01   1.2179890e+01   2.5779104e+02  -2.8012098e+02
   1.8976007e-01  -1.9802628e+00   2.6523741e+02  -2.7255270e+02
   1.8989678e-01  -1.7361123e+01   2.7036443e+02  -2.6632718e+02
   1.9003350e-01  -3.2131636e+01   2.7646803e+02  -2.5985752e+02
   1.9017021e-01  -4.5315238e+01   2.8269369e+02  -2.5192301e+02
   1.9030692e-01  -5.9841618e+01   2.8794280e+02  -2.4508714e+02
   1.9044364e-01  -7.4978353e+01   2.9270362e+02  -2.3788505e+02
   1.9058035e-01  -8.9382670e+01   2.9709824e+02  -2.3129331e+02
   1.9071707e-01  -1.0220008e+02   3.0198113e+02  -2.2348087e+02
   1.9085378e-01  -1.1184366e+02   3.0393434e+02  -2.1542428e+02
   1.9099050e-01  -1.2331830e+02   3.0417857e+02  -2.0736769e+02
   1.9112721e-01  -1.3625779e+02   3.0686420e+02  -1.9723590e+02
   1.9126393e-01  -1.5054005e+02   3.0784085e+02  -1.8637169e+02
   1.9140064e-01  -1.6518853e+02   3.0771886e+02  -1.7526333e+02
   1.9153736e-01  -1.7690733e+02   3.0857344e+02  -1.6549774e+02
   1.9167407e-01  -1.8630679e+02   3.0893974e+02  -1.5646458e+02
   1.9181079e-01  -1.9741524e+02   3.0906189e+02  -1.4450172e+02
   1.9194750e-01  -2.0901197e+02   3.0955026e+02  -1.3168436e+02
   1.9208422e-01  -2.2012043e+02   3.0930620e+02  -1.1886700e+02
   1.9222093e-01  -2.3122889e+02   3.0796351e+02  -1.0629378e+02
   1.9235765e-01  -2.4160493e+02   3.0588840e+02  -9.2133644e+01
   1.9249436e-01  -2.5027199e+02   3.0100567e+02  -7.6752798e+01
   1.9263108e-01  -2.5869491e+02   2.9197254e+02  -6.1738160e+01
   1.9276779e-01  -2.6772818e+02   2.8245114e+02  -4.7578011e+01
   1.9290450e-01  -2.7578489e+02   2.7378422e+02  -3.4150279e+01
   1.9304122e-01  -2.8310919e+02   2.6487316e+02  -2.0844614e+01
   1.9317793e-01  -2.9006727e+02   2.5657246e+02  -6.5623829e+00
   1.9331465e-01  -2.9592673e+02   2.4912624e+02   8.4522738e+00
   1.9345136e-01  -3.0215239e+02   2.4119174e+02   2.3955216e+01
   1.9358808e-01  -3.0886634e+02   2.3325723e+02   3.6650544e+01
   1.9372479e-01  -3.1362717e+02   2.2678757e+02   4.9590016e+01
   1.9386151e-01  -3.1924248e+02   2.1873099e+02   6.1919141e+01
   1.9399822e-01  -3.2375917e+02   2.1067441e+02   7.4126199e+01
   1.9413494e-01  -3.2583445e+02   2.0188540e+02   8.6211190e+01
   1.9427165e-01  -3.2681110e+02   1.9370675e+02   9.7197552e+01
   1.9440837e-01  -3.2900845e+02   1.8406324e+02   1.0916048e+02
   1.9454508e-01  -3.3193823e+02   1.7356524e+02   1.2234411e+02
   1.9468180e-01  -3.3193831e+02   1.6367759e+02   1.3552775e+02
   1.9481851e-01  -3.3242668e+02   1.5391201e+02   1.4822311e+02
   1.9495523e-01  -3.3267091e+02   1.4378021e+02   1.5798879e+02
   1.9509194e-01  -3.3303721e+02   1.3169528e+02   1.7019587e+02
   1.9522866e-01  -3.3340350e+02   1.1875586e+02   1.8154847e+02
   1.9536537e-01  -3.3218289e+02   1.0618265e+02   1.9229072e+02
   1.9550208e-01  -3.2986364e+02   9.3975641e+01   2.0364332e+02
   1.9563880e-01  -3.2815473e+02   8.0181716e+01   2.1353108e+02
   1.9577551e-01  -3.2400443e+02   6.6021577e+01   2.2293056e+02
   1.9591223e-01  -3.1436095e+02   5.0030380e+01   2.3062106e+02
   1.9604894e-01  -3.0410713e+02   3.5381953e+01   2.4014262e+02
   1.9618566e-01  -2.9849197e+02   2.1221803e+01   2.4929797e+02
   1.9632237e-01  -2.9031333e+02   8.1602829e+00   2.5759882e+02
   1.9645909e-01  -2.8042571e+02  -6.4881553e+00   2.6358035e+02
   1.9659580e-01  -2.7212500e+02  -2.0648316e+01   2.7053844e+02
   1.9673252e-01  -2.6455671e+02  -3.4320199e+01   2.7969379e+02
   1.9686923e-01  -2.5527944e+02  -4.8114156e+01   2.8543118e+02
   1.9700595e-01  -2.4624630e+02  -5.9832921e+01   2.9104650e+02
   1.9714266e-01  -2.3782351e+02  -7.1551689e+01   2.9751632e+02
   1.9727938e-01  -2.3098763e+02  -8.3514602e+01   3.0300957e+02
   1.9741609e-01  -2.2244277e+02  -9.5355448e+01   3.0581728e+02
   1.9755281e-01  -2.1255512e+02  -1.0695216e+02   3.0850291e+02
   1.9768952e-01  -2.0303369e+02  -1.1818266e+02   3.1179890e+02
   1.9782624e-01  -1.9229155e+02  -1.2941316e+02   3.1338591e+02
   1.9796295e-01  -1.8045077e+02  -1.4027746e+02   3.1387428e+02
   1.9809967e-01  -1.6934241e+02  -1.5150797e+02   3.1594957e+02
   1.9823638e-01  -1.5860026e+02  -1.6286055e+02   3.1778072e+02
   1.9837309e-01  -1.4675948e+02  -1.7311451e+02   3.1851323e+02
   1.9850981e-01  -1.3357591e+02  -1.8373468e+02   3.1912367e+02
   1.9864652e-01  -1.1990406e+02  -1.9484313e+02   3.2010033e+02
   1.9878324e-01  -1.0611014e+02  -2.0497502e+02   3.2034456e+02
   1.9891995e-01  -9.2316215e+01  -2.1364207e+02   3.1887981e+02
   1.9905667e-01  -7.7179511e+01  -2.2316362e+02   3.1680470e+02
   1.9919338e-01  -5.9845538e+01  -2.3244103e+02   3.1045713e+02
   1.9933010e-01  -4.2877772e+01  -2.4074187e+02   3.0191230e+02
   1.9946681e-01  -3.0548673e+01  -2.4904272e+02   2.9324539e+02
   1.9960353e-01  -1.7731290e+01  -2.5612287e+02   2.8445641e+02
   1.9974024e-01  -2.9607775e+00  -2.6222646e+02   2.7762056e+02
   1.9987696e-01   1.2786301e+01  -2.6881833e+02   2.7102884e+02
   2.0001367e-01   2.9265806e+01  -2.7479985e+02   2.6321642e+02
   2.0015039e-01   4.4524611e+01  -2.8029309e+02   2.5491571e+02
   2.0028710e-01   5.8196507e+01  -2.8651876e+02   2.4685915e+02
   2.0042382e-01   7.2112546e+01  -2.9152372e+02   2.4026742e+02
   2.0056053e-01   8.6272730e+01  -2.9445349e+02   2.3245499e+02
   2.0069725e-01   9.8357723e+01  -2.9823775e+02   2.2525291e+02
   2.0083396e-01   1.1068686e+02  -3.0141166e+02   2.1719633e+02
   2.0097067e-01   1.2289393e+02  -3.0421936e+02   2.0730870e+02
   2.0110739e-01   1.3583343e+02  -3.0580635e+02   1.9729899e+02
   2.0124410e-01   1.4913914e+02  -3.0592851e+02   1.8887619e+02
   2.0138082e-01   1.6159036e+02  -3.0690515e+02   1.7788992e+02
   2.0151753e-01   1.7391951e+02  -3.0800387e+02   1.6629329e+02
   2.0165425e-01   1.8295277e+02  -3.0849223e+02   1.5616150e+02
   2.0179096e-01   1.9589228e+02  -3.0885853e+02   1.4432072e+02
   2.0192768e-01   2.0822145e+02  -3.0946896e+02   1.3052681e+02
   2.0206439e-01   2.1994026e+02  -3.0922490e+02   1.1758740e+02
   2.0220111e-01   2.3165908e+02  -3.0849256e+02   1.0513626e+02
   2.0233782e-01   2.4044821e+02  -3.0763815e+02   9.0976129e+01
   2.0247454e-01   2.4826079e+02  -3.0226713e+02   7.6815998e+01
   2.0261125e-01   2.5729407e+02  -2.9506506e+02   6.0214456e+01
   2.0274797e-01   2.6669356e+02  -2.8444502e+02   4.4833615e+01
   2.0288468e-01   2.7548270e+02  -2.7333670e+02   3.2260386e+01
   2.0302140e-01   2.8268493e+02  -2.6466978e+02   1.9198873e+01
   2.0315811e-01   2.8878853e+02  -2.5746770e+02   5.4049342e+00
   2.0329483e-01   2.9599077e+02  -2.5038769e+02  -9.7317818e+00
   2.0343154e-01   3.0172816e+02  -2.4294147e+02  -2.4746431e+01
   2.0356825e-01   3.0880833e+02  -2.3586145e+02  -4.0005225e+01
   2.0370497e-01   3.1369123e+02  -2.2902558e+02  -5.3432968e+01
   2.0384168e-01   3.1857413e+02  -2.2072486e+02  -6.4419308e+01
   2.0397840e-01   3.2309083e+02  -2.1303448e+02  -7.5649792e+01
   2.0411511e-01   3.2650889e+02  -2.0485583e+02  -8.6880280e+01
   2.0425183e-01   3.2931660e+02  -1.9618889e+02  -9.8599053e+01
   2.0438854e-01   3.3065947e+02  -1.8678952e+02  -1.1105025e+02
   2.0452526e-01   3.3151406e+02  -1.7629152e+02  -1.2398973e+02
   2.0466197e-01   3.3212450e+02  -1.6506109e+02  -1.3680715e+02
   2.0479869e-01   3.3285702e+02  -1.5553965e+02  -1.4913629e+02
   2.0493540e-01   3.3468817e+02  -1.4614027e+02  -1.5939023e+02
   2.0507212e-01   3.3468826e+02  -1.3527604e+02  -1.7001039e+02
   2.0520883e-01   3.3334559e+02  -1.2294697e+02  -1.8124091e+02
   2.0534555e-01   3.3334568e+02  -1.1000754e+02  -1.9295971e+02
   2.0548226e-01   3.3163679e+02  -9.6823973e+01  -2.0309159e+02
   2.0561898e-01   3.2907340e+02  -8.4128680e+01  -2.1200278e+02
   2.0575569e-01   3.2651001e+02  -6.9114047e+01  -2.2164639e+02
   2.0589241e-01   3.1650034e+02  -5.3244918e+01  -2.3092380e+02
   2.0602912e-01   3.0758929e+02  -3.7619926e+01  -2.3922464e+02
   2.0616584e-01   2.9806789e+02  -2.4436337e+01  -2.4764755e+02
   2.0630255e-01   2.8976720e+02  -1.1374814e+01  -2.5460563e+02
   2.0643926e-01   2.8036786e+02   2.0529229e+00  -2.6217405e+02
   2.0657598e-01   2.7499685e+02   1.7555859e+01  -2.6876592e+02
   2.0671269e-01   2.6462095e+02   3.1960166e+01  -2.7584607e+02
   2.0684941e-01   2.5595403e+02   4.6608617e+01  -2.8182759e+02
   2.0698612e-01   2.4826368e+02   5.9181877e+01  -2.8817532e+02
   2.0712284e-01   2.4093953e+02   7.0412366e+01  -2.9464512e+02
   2.0725955e-01   2.3019741e+02   8.0788367e+01  -2.9842938e+02
   2.0739627e-01   2.2238497e+02   9.2995426e+01  -3.0135915e+02
   2.0753298e-01   2.1493874e+02   1.0569077e+02  -3.0489926e+02
   2.0766970e-01   2.0492904e+02   1.1606678e+02  -3.0868352e+02
   2.0780641e-01   1.9345448e+02   1.2741936e+02  -3.1014845e+02
   2.0794313e-01   1.8197993e+02   1.3926022e+02  -3.1124716e+02
   2.0807984e-01   1.7013915e+02   1.5073487e+02  -3.1210174e+02
   2.0821656e-01   1.6000736e+02   1.6245367e+02  -3.1429908e+02
   2.0835327e-01   1.5024178e+02   1.7197521e+02  -3.1564194e+02
   2.0848999e-01   1.3583752e+02   1.8210710e+02  -3.1649651e+02
   2.0862670e-01   1.2192154e+02   1.9345969e+02  -3.1649659e+02
   2.0876342e-01   1.0666278e+02   2.0493436e+02  -3.1661874e+02
   2.0890013e-01   9.2746790e+01   2.1347934e+02  -3.1600847e+02
   2.0903684e-01   7.7732165e+01   2.2092570e+02  -3.1368921e+02
   2.0917356e-01   6.1496832e+01   2.3117967e+02  -3.0709749e+02
   2.0931027e-01   4.6360128e+01   2.4204399e+02  -3.0038370e+02
   2.0944699e-01   3.0735139e+01   2.4985657e+02  -2.9147264e+02
   2.0958370e-01   1.5964639e+01   2.5571601e+02  -2.8329400e+02
   2.0972042e-01   1.3162045e+00   2.6328445e+02  -2.7523743e+02
   2.0985713e-01  -1.3698445e+01   2.7048667e+02  -2.6742500e+02
   2.0999385e-01  -2.8468957e+01   2.7500335e+02  -2.6119948e+02
   2.1013056e-01  -4.2140841e+01   2.8037453e+02  -2.5485189e+02
   2.1026728e-01  -5.4958236e+01   2.8635605e+02  -2.4691739e+02
   2.1040399e-01  -6.9118409e+01   2.9123895e+02  -2.4020358e+02
   2.1054071e-01  -8.4011007e+01   2.9551149e+02  -2.3300149e+02
   2.1067742e-01  -9.8781539e+01   2.9941783e+02  -2.2592147e+02
   2.1081414e-01  -1.1050032e+02   3.0356830e+02  -2.1774281e+02
   2.1095085e-01  -1.1989976e+02   3.0491116e+02  -2.0907587e+02
   2.1108757e-01  -1.3259511e+02   3.0503332e+02  -2.0040893e+02
   2.1122428e-01  -1.4590081e+02   3.0747481e+02  -1.9027713e+02
   2.1136100e-01  -1.5884031e+02   3.0845146e+02  -1.7941292e+02
   2.1149771e-01  -1.7239016e+02   3.0845154e+02  -1.6928112e+02
   2.1163442e-01  -1.8374274e+02   3.0906198e+02  -1.5975967e+02
   2.1177114e-01  -1.9509533e+02   3.0918414e+02  -1.4791888e+02
   2.1190785e-01  -2.0705828e+02   3.0918422e+02  -1.3485739e+02
   2.1204457e-01  -2.1792260e+02   3.0942845e+02  -1.2204003e+02
   2.1218128e-01  -2.2732207e+02   3.0894025e+02  -1.0971095e+02
   2.1231800e-01  -2.3708776e+02   3.0674307e+02  -9.6649447e+01
   2.1245471e-01  -2.4783001e+02   3.0247069e+02  -8.1512743e+01
   2.1259143e-01  -2.5637500e+02   2.9539069e+02  -6.5277402e+01
   2.1272814e-01  -2.6455378e+02   2.8501479e+02  -5.0873113e+01
   2.1286486e-01  -2.7419741e+02   2.7561546e+02  -3.7567453e+01
   2.1300157e-01  -2.8176585e+02   2.6731475e+02  -2.3895578e+01
   2.1313829e-01  -2.8835772e+02   2.5889197e+02  -9.8574878e+00
   2.1327500e-01  -2.9482753e+02   2.5034712e+02   4.0585353e+00
   2.1341172e-01  -3.0007663e+02   2.4375540e+02   1.8829054e+01
   2.1354843e-01  -3.0630230e+02   2.3582089e+02   3.3355436e+01
   2.1368515e-01  -3.1277211e+02   2.2788639e+02   4.5562486e+01
   2.1382186e-01  -3.1692258e+02   2.2141672e+02   5.8257821e+01
   2.1395858e-01  -3.2180548e+02   2.1299393e+02   7.0342808e+01
   2.1409529e-01  -3.2546768e+02   2.0444907e+02   8.2671939e+01
   2.1423200e-01  -3.2693261e+02   1.9553799e+02   9.4634863e+01
   2.1436872e-01  -3.2803133e+02   1.8674898e+02   1.0586537e+02
   2.1450543e-01  -3.3010661e+02   1.7673926e+02   1.1856072e+02
   2.1464215e-01  -3.3279225e+02   1.6648540e+02   1.3198850e+02
   2.1477886e-01  -3.3279234e+02   1.5647568e+02   1.4480593e+02
   2.1491558e-01  -3.3303656e+02   1.4683216e+02   1.5579231e+02
   2.1505229e-01  -3.3279251e+02   1.3609001e+02   1.6592419e+02
   2.1518901e-01  -3.3291467e+02   1.2315059e+02   1.7861956e+02
   2.1532572e-01  -3.3340304e+02   1.0960082e+02   1.8985009e+02
   2.1546244e-01  -3.3218242e+02   9.6905531e+01   2.0010406e+02
   2.1559915e-01  -3.2827625e+02   8.4698523e+01   2.1084631e+02
   2.1573587e-01  -3.2498044e+02   6.9928034e+01   2.1975751e+02
   2.1587258e-01  -3.1790044e+02   5.4425120e+01   2.2903493e+02
   2.1600930e-01  -3.0728041e+02   3.8678061e+01   2.3709164e+02
   2.1614601e-01  -2.9800314e+02   2.4762053e+01   2.4673527e+02
   2.1628273e-01  -2.9263213e+02   1.1578464e+01   2.5576855e+02
   2.1641944e-01  -2.8457556e+02  -1.7271989e+00   2.6345906e+02
   2.1655616e-01  -2.7444380e+02  -1.6497709e+01   2.6883023e+02
   2.1669287e-01  -2.6565481e+02  -3.0291661e+01   2.7554418e+02
   2.1682959e-01  -2.5845273e+02  -4.3597335e+01   2.8408919e+02
   2.1696630e-01  -2.4929752e+02  -5.6292661e+01   2.8958244e+02
   2.1710301e-01  -2.4038645e+02  -6.7889358e+01   2.9495362e+02
   2.1723973e-01  -2.3208573e+02  -7.9974340e+01   3.0105722e+02
   2.1737644e-01  -2.2476157e+02  -9.2059325e+01   3.0606219e+02
   2.1751316e-01  -2.1560635e+02  -1.0377810e+02   3.0825955e+02
   2.1764987e-01  -2.0523043e+02  -1.1488653e+02   3.0996863e+02
   2.1778659e-01  -1.9558692e+02  -1.2648325e+02   3.1314255e+02
   2.1792330e-01  -1.8447857e+02  -1.3771375e+02   3.1460748e+02
   2.1806002e-01  -1.7263779e+02  -1.4857805e+02   3.1509586e+02
   2.1819673e-01  -1.6128529e+02  -1.5919821e+02   3.1704907e+02
   2.1833345e-01  -1.5090935e+02  -1.6933009e+02   3.1875815e+02
   2.1847016e-01  -1.3784786e+02  -1.8068268e+02   3.1900238e+02
   2.1860688e-01  -1.2393187e+02  -1.9105871e+02   3.1961283e+02
   2.1874359e-01  -1.0989381e+02  -2.0143474e+02   3.2022327e+02
   2.1888031e-01  -9.6466098e+01  -2.1156664e+02   3.1997922e+02
   2.1901702e-01  -8.1817678e+01  -2.2023369e+02   3.1741583e+02
   2.1915374e-01  -6.5338199e+01  -2.2999938e+02   3.1314346e+02
   2.1929045e-01  -4.7515942e+01  -2.3891058e+02   3.0362206e+02
   2.1942717e-01  -3.2135088e+01  -2.4684521e+02   2.9532137e+02
   2.1956388e-01  -2.0782551e+01  -2.5465778e+02   2.8738688e+02
   2.1970059e-01  -7.3548141e+00  -2.6137172e+02   2.7933032e+02
   2.1983731e-01   8.1481219e+00  -2.6686496e+02   2.7237240e+02
   2.1997402e-01   2.4749695e+01  -2.7272441e+02   2.6492619e+02
   2.2011074e-01   4.0008498e+01  -2.7846179e+02   2.5662548e+02
   2.2024745e-01   5.3680391e+01  -2.8444331e+02   2.4893513e+02
   2.2038417e-01   6.7718499e+01  -2.8944827e+02   2.4270961e+02
   2.2052088e-01   8.2000751e+01  -2.9274425e+02   2.3514133e+02
   2.2065760e-01   9.4940234e+01  -2.9701679e+02   2.2769510e+02
   2.2079431e-01   1.0787972e+02  -3.0092312e+02   2.1939439e+02
   2.2093103e-01   1.1996472e+02  -3.0397496e+02   2.0962883e+02
   2.2106774e-01   1.3229386e+02  -3.0580610e+02   1.9998533e+02
   2.2120446e-01   1.4547750e+02  -3.0568411e+02   1.9192875e+02
   2.2134117e-01   1.5792872e+02  -3.0666076e+02   1.8118661e+02
   2.2147789e-01   1.7062408e+02  -3.0800361e+02   1.6971205e+02
   2.2161460e-01   1.7965734e+02  -3.0849198e+02   1.5970233e+02
   2.2175132e-01   1.9235271e+02  -3.0885827e+02   1.4810570e+02
   2.2188803e-01   2.0419359e+02  -3.0959077e+02   1.3455593e+02
   2.2202475e-01   2.1627861e+02  -3.0934671e+02   1.2137238e+02
   2.2216146e-01   2.2848571e+02  -3.0873644e+02   1.0879917e+02
   2.2229817e-01   2.3764105e+02  -3.0812617e+02   9.4761113e+01
   2.2243489e-01   2.4581983e+02  -3.0385379e+02   8.1089264e+01
   2.2257160e-01   2.5521932e+02  -2.9726207e+02   6.4609794e+01
   2.2270832e-01   2.6474088e+02  -2.8688617e+02   4.8862743e+01
   2.2284503e-01   2.7316381e+02  -2.7687648e+02   3.5679164e+01
   2.2298175e-01   2.8073225e+02  -2.6894198e+02   2.2983863e+01
   2.2311846e-01   2.8732413e+02  -2.6027506e+02   9.8002775e+00
   2.2325518e-01   2.9416016e+02  -2.5258470e+02  -5.2143669e+00
   2.2339189e-01   2.9953134e+02  -2.4452812e+02  -2.0473156e+01
   2.2352861e-01   3.0624529e+02  -2.3732604e+02  -3.5976089e+01
   2.2366532e-01   3.1112819e+02  -2.3061223e+02  -4.9281760e+01
   2.2380204e-01   3.1662145e+02  -2.2243358e+02  -6.0390169e+01
   2.2393875e-01   3.2162642e+02  -2.1535356e+02  -7.2231004e+01
   2.2407547e-01   3.2577690e+02  -2.0693076e+02  -8.3827701e+01
   2.2421218e-01   3.2895082e+02  -1.9887417e+02  -9.5790613e+01
   2.2434890e-01   3.3053783e+02  -1.8959688e+02  -1.0787560e+02
   2.2448561e-01   3.3139242e+02  -1.7897681e+02  -1.2069301e+02
   2.2462233e-01   3.3200286e+02  -1.6835673e+02  -1.3363250e+02
   2.2475904e-01   3.3297952e+02  -1.5895736e+02  -1.4559542e+02
   2.2489576e-01   3.3468860e+02  -1.4906970e+02  -1.5670386e+02
   2.2503247e-01   3.3468869e+02  -1.3930411e+02  -1.6671367e+02
   2.2516918e-01   3.3359015e+02  -1.2636468e+02  -1.7733383e+02
   2.2530590e-01   3.3346817e+02  -1.1342526e+02  -1.8954091e+02
   2.2544261e-01   3.3188135e+02  -9.9875476e+01  -2.0064935e+02
   2.2557933e-01   3.2968418e+02  -8.7302253e+01  -2.0992675e+02
   2.2571604e-01   3.2785321e+02  -7.2775902e+01  -2.1957036e+02
   2.2585276e-01   3.1894217e+02  -5.7517125e+01  -2.2884776e+02
   2.2598947e-01   3.1015319e+02  -4.1892134e+01  -2.3714861e+02
   2.2612619e-01   3.0063179e+02  -2.8464405e+01  -2.4544945e+02
   2.2626290e-01   2.9233109e+02  -1.5280812e+01  -2.5240752e+02
   2.2639962e-01   2.8305383e+02  -2.4634271e+00  -2.5997595e+02
   2.2653633e-01   2.7780489e+02   1.2917438e+01  -2.6681196e+02
   2.2667305e-01   2.6730692e+02   2.7687956e+01  -2.7364797e+02
   2.2680976e-01   2.5839586e+02   4.2336406e+01  -2.7950741e+02
   2.2694648e-01   2.5021722e+02   5.5153806e+01  -2.8573307e+02
   2.2708319e-01   2.4289307e+02   6.6628436e+01  -2.9244702e+02
   2.2721991e-01   2.3239509e+02   7.7370647e+01  -2.9659748e+02
   2.2735662e-01   2.2482680e+02   8.9699776e+01  -3.0013760e+02
   2.2749334e-01   2.1774678e+02   1.0276133e+02  -3.0428807e+02
   2.2763005e-01   2.0798121e+02   1.1325941e+02  -3.0843854e+02
   2.2776676e-01   1.9675080e+02   1.2424578e+02  -3.0978139e+02
   2.2790348e-01   1.8564245e+02   1.3620871e+02  -3.1100218e+02
   2.2804019e-01   1.7355754e+02   1.4731715e+02  -3.1185675e+02
   2.2817691e-01   1.6342575e+02   1.5928009e+02  -3.1417617e+02
   2.2831362e-01   1.5390431e+02   1.6855748e+02  -3.1539695e+02
   2.2845034e-01   1.3974419e+02   1.7881144e+02  -3.1625152e+02
   2.2858705e-01   1.2533992e+02   1.9028611e+02  -3.1637367e+02
   2.2872377e-01   1.0995909e+02   2.0224906e+02  -3.1649582e+02
   2.2886048e-01   9.6165176e+01   2.1128232e+02  -3.1637383e+02
   2.2899720e-01   8.1882972e+01   2.1885074e+02  -3.1478699e+02
   2.2913391e-01   6.6257991e+01   2.2934886e+02  -3.0880563e+02
   2.2927063e-01   5.0999217e+01   2.4033525e+02  -3.0270219e+02
   2.2940734e-01   3.6472861e+01   2.4778161e+02  -2.9415734e+02
   2.2954406e-01   2.1214079e+01   2.5351899e+02  -2.8597870e+02
   2.2968077e-01   6.0773636e+00   2.6096536e+02  -2.7755592e+02
   2.2981749e-01  -9.7917777e+00   2.6792344e+02  -2.6949935e+02
   2.2995420e-01  -2.4928501e+01   2.7268426e+02  -2.6315176e+02
   2.3009092e-01  -3.8112103e+01   2.7829958e+02  -2.5680417e+02
   2.3022763e-01  -5.0441217e+01   2.8428110e+02  -2.4874760e+02
   2.3036434e-01  -6.4723460e+01   2.8953021e+02  -2.4191172e+02
   2.3050106e-01  -8.0226410e+01   2.9404689e+02  -2.3483170e+02
   2.3063777e-01  -9.5363153e+01   2.9831944e+02  -2.2787375e+02
   2.3077449e-01  -1.0793642e+02   3.0308027e+02  -2.1993923e+02
   2.3091120e-01  -1.1709173e+02   3.0466727e+02  -2.1163850e+02
   2.3104792e-01  -1.2917672e+02   3.0491149e+02  -2.0345984e+02
   2.3118463e-01  -1.4199414e+02   3.0759713e+02  -1.9345012e+02
   2.3132135e-01  -1.5505571e+02   3.0857378e+02  -1.8258591e+02
   2.3145806e-01  -1.6872763e+02   3.0845179e+02  -1.7257618e+02
   2.3159478e-01  -1.8032436e+02   3.0918430e+02  -1.6281059e+02
   2.3173149e-01  -1.9143281e+02   3.0918439e+02  -1.5133601e+02
   2.3186821e-01  -2.0351783e+02   3.0918447e+02  -1.3803038e+02
   2.3200492e-01  -2.1499249e+02   3.0955077e+02  -1.2521302e+02
   2.3214164e-01  -2.2512439e+02   3.0918464e+02  -1.1288394e+02
   2.3227835e-01  -2.3476801e+02   3.0747574e+02  -1.0006658e+02
   2.3241507e-01  -2.4587647e+02   3.0369165e+02  -8.5662298e+01
   2.3255178e-01  -2.5429939e+02   2.9771028e+02  -6.9671099e+01
   2.3268850e-01  -2.6223404e+02   2.8782267e+02  -5.5144740e+01
   2.3282521e-01  -2.7138938e+02   2.7842333e+02  -4.1472869e+01
   2.3296192e-01  -2.7920196e+02   2.7048884e+02  -2.8289276e+01
   2.3309864e-01  -2.8591590e+02   2.6157778e+02  -1.4861539e+01
   2.3323535e-01  -2.9238571e+02   2.5327707e+02  -5.7930584e-01
   2.3337207e-01  -2.9787895e+02   2.4595292e+02   1.4435353e+01
   2.3350878e-01  -3.0410462e+02   2.3765221e+02   2.9572086e+01
   2.3364550e-01  -3.1069650e+02   2.2983978e+02   4.2267416e+01
   2.3378221e-01  -3.1521319e+02   2.2312597e+02   5.4962750e+01
   2.3391893e-01  -3.2058437e+02   2.1494732e+02   6.7169807e+01
   2.3405564e-01  -3.2485692e+02   2.0676867e+02   7.9498937e+01
   2.3419236e-01  -3.2681013e+02   1.9797967e+02   9.1339790e+01
   2.3432907e-01  -3.2803092e+02   1.9004515e+02   1.0232615e+02
   2.3446579e-01  -3.3010621e+02   1.8003543e+02   1.1477736e+02
   2.3460250e-01  -3.3279184e+02   1.6990364e+02   1.2844928e+02
   2.3473922e-01  -3.3279193e+02   1.5989392e+02   1.4126671e+02
   2.3487593e-01  -3.3291409e+02   1.4964006e+02   1.5298551e+02
   2.3501265e-01  -3.3279211e+02   1.3950826e+02   1.6287326e+02
   2.3514936e-01  -3.3303634e+02   1.2644677e+02   1.7532449e+02
   2.3528608e-01  -3.3340264e+02   1.1289700e+02   1.8618880e+02
   2.3542279e-01  -3.3242617e+02   1.0032378e+02   1.9680898e+02
   2.3555951e-01  -3.2888621e+02   8.8116775e+01   2.0791744e+02
   2.3569622e-01  -3.2620075e+02   7.3834569e+01   2.1731692e+02
   2.3583293e-01  -3.1997525e+02   5.9064078e+01   2.2696055e+02
   2.3596965e-01  -3.0984350e+02   4.3194951e+01   2.3513933e+02
   2.3610636e-01  -3.0044416e+02   2.9034805e+01   2.4490503e+02
   2.3624308e-01  -2.9531729e+02   1.5485006e+01   2.5369417e+02
   2.3637979e-01  -2.8750487e+02   2.6676257e+00   2.6101847e+02
   2.3651651e-01  -2.7688482e+02  -1.1614602e+01   2.6663378e+02
   2.3665322e-01  -2.6711927e+02  -2.5652693e+01   2.7334773e+02
   2.3678994e-01  -2.6003926e+02  -3.9568717e+01   2.8177067e+02
   2.3692665e-01  -2.5100613e+02  -5.2630252e+01   2.8738599e+02
   2.3706337e-01  -2.4233920e+02  -6.4471088e+01   2.9300131e+02
   2.3720008e-01  -2.3416055e+02  -7.6678138e+01   2.9934905e+02
   2.3733680e-01  -2.2708054e+02  -8.8885192e+01   3.0484231e+02
   2.3747351e-01  -2.1829153e+02  -1.0097018e+02   3.0765001e+02
   2.3761023e-01  -2.0828182e+02  -1.1220068e+02   3.0972530e+02
   2.3774694e-01  -1.9876039e+02  -1.2330911e+02   3.1302129e+02
   2.3788366e-01  -1.8801825e+02  -1.3441754e+02   3.1436416e+02
   2.3802037e-01  -1.7629954e+02  -1.4515977e+02   3.1473046e+02
   2.3815709e-01  -1.6482497e+02  -1.5577993e+02   3.1680575e+02
   2.3829380e-01  -1.5481525e+02  -1.6640009e+02   3.1851483e+02
   2.3843051e-01  -1.4199790e+02  -1.7738647e+02   3.1900320e+02
   2.3856723e-01  -1.2820398e+02  -1.8788457e+02   3.1961364e+02
   2.3870394e-01  -1.1379971e+02  -1.9862681e+02   3.2034616e+02
   2.3884066e-01  -9.9883720e+01  -2.0900284e+02   3.2022418e+02
   2.3897737e-01  -8.5357372e+01  -2.1754782e+02   3.1814907e+02
   2.3911409e-01  -6.9732388e+01  -2.2743558e+02   3.1485326e+02
   2.3925080e-01  -5.2276345e+01  -2.3659092e+02   3.0655257e+02
   2.3938752e-01  -3.6407212e+01  -2.4476969e+02   2.9788566e+02
   2.3952423e-01  -2.4810536e+01  -2.5270433e+02   2.8970704e+02
   2.3966095e-01  -1.1871083e+01  -2.5966241e+02   2.8128427e+02
   2.3979766e-01   3.0214996e+00  -2.6515564e+02   2.7444841e+02
   2.3993438e-01   2.0111351e+01  -2.7064888e+02   2.6700221e+02
   2.4007109e-01   3.5858434e+01  -2.7638626e+02   2.5882357e+02
   2.4020781e-01   4.9652395e+01  -2.8236778e+02   2.5125529e+02
   2.4034452e-01   6.3690500e+01  -2.8786103e+02   2.4490771e+02
   2.4048124e-01   7.7972750e+01  -2.9152321e+02   2.3721735e+02
   2.4061795e-01   9.1034301e+01  -2.9616197e+02   2.3013734e+02
   2.4075467e-01   1.0458414e+02  -2.9994623e+02   2.2220284e+02
   2.4089138e-01   1.1691327e+02  -3.0373049e+02   2.1255934e+02
   2.4102809e-01   1.2863206e+02  -3.0580576e+02   2.0328206e+02
   2.4116481e-01   1.4144949e+02  -3.0580585e+02   1.9522548e+02
   2.4130152e-01   1.5390070e+02  -3.0666042e+02   1.8436127e+02
   2.4143824e-01   1.6671813e+02  -3.0788121e+02   1.7276465e+02
   2.4157495e-01   1.7672795e+02  -3.0836957e+02   1.6251079e+02
   2.4171167e-01   1.8942332e+02  -3.0873586e+02   1.5115829e+02
   2.4184838e-01   2.0089799e+02  -3.0959044e+02   1.3785267e+02
   2.4198510e-01   2.1286094e+02  -3.0934638e+02   1.2479119e+02
   2.4212181e-01   2.2519010e+02  -3.0873610e+02   1.1221798e+02
   2.4225853e-01   2.3483373e+02  -3.0849204e+02   9.8301994e+01
   2.4239524e-01   2.4337872e+02  -3.0544036e+02   8.4752217e+01
   2.4253196e-01   2.5326649e+02  -2.9921485e+02   6.8883100e+01
   2.4266867e-01   2.6254390e+02  -2.9005966e+02   5.2647769e+01
   2.4280539e-01   2.7145511e+02  -2.7882926e+02   3.9708332e+01
   2.4294210e-01   2.7841320e+02  -2.7138305e+02   2.6890962e+01
   2.4307882e-01   2.8512715e+02  -2.6247198e+02   1.4195659e+01
   2.4321553e-01   2.9184110e+02  -2.5490369e+02  -5.7484357e-01
   2.4335225e-01   2.9733435e+02  -2.4660298e+02  -1.6077772e+01
   2.4348896e-01   3.0417037e+02  -2.3940089e+02  -3.1824844e+01
   2.4362568e-01   3.0929741e+02  -2.3280916e+02  -4.5618795e+01
   2.4376239e-01   3.1503481e+02  -2.2463051e+02  -5.6971344e+01
   2.4389910e-01   3.2077220e+02  -2.1755049e+02  -6.8934247e+01
   2.4403582e-01   3.2504475e+02  -2.0998218e+02  -8.0530944e+01
   2.4417253e-01   3.2870695e+02  -2.0143731e+02  -9.2860066e+01
   2.4430925e-01   3.3029396e+02  -1.9264830e+02  -1.0470091e+02
   2.4444596e-01   3.3114854e+02  -1.8215030e+02  -1.1690797e+02
   2.4458268e-01   3.3188106e+02  -1.7165230e+02  -1.2960331e+02
   2.4471939e-01   3.3285771e+02  -1.6213085e+02  -1.4168831e+02
   2.4485611e-01   3.3444472e+02  -1.5199905e+02  -1.5340709e+02
   2.4499282e-01   3.3444481e+02  -1.4235553e+02  -1.6305069e+02
   2.4512954e-01   3.3346834e+02  -1.2978232e+02  -1.7403706e+02
   2.4526625e-01   3.3346843e+02  -1.1696496e+02  -1.8661035e+02
   2.4540297e-01   3.3200368e+02  -1.0365932e+02  -1.9784087e+02
   2.4553968e-01   3.3029479e+02  -9.1086100e+01  -2.0711826e+02
   2.4567640e-01   3.2895210e+02  -7.6803890e+01  -2.1712808e+02
   2.4581311e-01   3.2101762e+02  -6.1911324e+01  -2.2603927e+02
   2.4594983e-01   3.1296106e+02  -4.6530474e+01  -2.3458425e+02
   2.4608654e-01   3.0343966e+02  -3.2858605e+01  -2.4325131e+02
   2.4622326e-01   2.9489482e+02  -1.9552943e+01  -2.5033145e+02
   2.4635997e-01   2.8537342e+02  -6.6134880e+00  -2.5789988e+02
   2.4649668e-01   2.8000240e+02   8.5232361e+00  -2.6461381e+02
   2.4663340e-01   2.6950443e+02   2.3782034e+01  -2.7144982e+02
   2.4677011e-01   2.6059338e+02   3.8308414e+01  -2.7755341e+02
   2.4690683e-01   2.5241474e+02   5.1614094e+01  -2.8365700e+02
   2.4704354e-01   2.4521266e+02   6.3577005e+01  -2.9061508e+02
   2.4718026e-01   2.3654573e+02   7.4197145e+01  -2.9586418e+02
   2.4731697e-01   2.2824501e+02   8.6526274e+01  -2.9952637e+02
   2.4745369e-01   2.2067671e+02   9.9587828e+01  -3.0392098e+02
   2.4759040e-01   2.1042287e+02   1.1033005e+02  -3.0819352e+02
   2.4772712e-01   1.9894831e+02   1.2095020e+02  -3.0953637e+02
   2.4786383e-01   1.8832825e+02   1.3291313e+02  -3.1063508e+02
   2.4800055e-01   1.7673161e+02   1.4377744e+02  -3.1148965e+02
   2.4813726e-01   1.6708810e+02   1.5586244e+02  -3.1380907e+02
   2.4827398e-01   1.5768873e+02   1.6550605e+02  -3.1527400e+02
   2.4841069e-01   1.4365068e+02   1.7527173e+02  -3.1612857e+02
   2.4854741e-01   1.2961263e+02   1.8686846e+02  -3.1625072e+02
   2.4868412e-01   1.1423180e+02   1.9944176e+02  -3.1637287e+02
   2.4882084e-01   1.0007167e+02   2.0871917e+02  -3.1649502e+02
   2.4895755e-01   8.5789468e+01   2.1640966e+02  -3.1539646e+02
   2.4909426e-01   7.0896908e+01   2.2678570e+02  -3.1002545e+02
   2.4923098e-01   5.5882275e+01   2.3765003e+02  -3.0453236e+02
   2.4936769e-01   4.0867637e+01   2.4521846e+02  -2.9610958e+02
   2.4950441e-01   2.5242644e+01   2.5107791e+02  -2.8793094e+02
   2.4964112e-01   1.0472139e+01   2.5876841e+02  -2.7950816e+02
   2.4977784e-01  -4.7866505e+00   2.6609271e+02  -2.7169573e+02
   2.4991455e-01  -1.9923374e+01   2.7097560e+02  -2.6534815e+02
   2.5005127e-01  -3.3839398e+01   2.7683505e+02  -2.5936677e+02
   2.5018798e-01  -4.6534723e+01   2.8281658e+02  -2.5131019e+02
   2.5032470e-01  -6.1427318e+01   2.8806568e+02  -2.4410810e+02
   2.5046141e-01  -7.5587495e+01   2.9307065e+02  -2.3666188e+02
   2.5059813e-01  -9.0358027e+01   2.9758734e+02  -2.3019221e+02
   2.5073484e-01  -1.0390786e+02   3.0234817e+02  -2.2237976e+02
   2.5087156e-01  -1.1452801e+02   3.0417931e+02  -2.1420110e+02
   2.5100827e-01  -1.2661300e+02   3.0466767e+02  -2.0602244e+02
   2.5114499e-01  -1.3918629e+02   3.0723124e+02  -1.9613479e+02
   2.5128170e-01  -1.5139336e+02   3.0832996e+02  -1.8539265e+02
   2.5141842e-01  -1.6469907e+02   3.0820798e+02  -1.7550499e+02
   2.5155513e-01  -1.7715029e+02   3.0881841e+02  -1.6525112e+02
   2.5169185e-01  -1.8777046e+02   3.0906264e+02  -1.5475311e+02
   2.5182856e-01  -1.9973340e+02   3.0906273e+02  -1.4193576e+02
   2.5196527e-01  -2.1133014e+02   3.0942903e+02  -1.2911840e+02
   2.5210199e-01  -2.2207239e+02   3.0918497e+02  -1.1666725e+02
   2.5223870e-01  -2.3159394e+02   3.0796435e+02  -1.0409403e+02
   2.5237542e-01  -2.4087135e+02   3.0564510e+02  -8.9811819e+01
   2.5251213e-01  -2.5088119e+02   2.9941959e+02  -7.4430972e+01
   2.5264885e-01  -2.5991446e+02   2.9026440e+02  -5.9050122e+01
   2.5278556e-01  -2.7016844e+02   2.8098714e+02  -4.5378252e+01
   2.5292228e-01  -2.7822516e+02   2.7256436e+02  -3.2194660e+01
   2.5305899e-01  -2.8445082e+02   2.6377538e+02  -1.9255205e+01
   2.5319571e-01  -2.9067649e+02   2.5535260e+02  -5.2171134e+00
   2.5333242e-01  -2.9568145e+02   2.4815052e+02   9.9196149e+00
   2.5346914e-01  -3.0202919e+02   2.3997188e+02   2.5544628e+01
   2.5360585e-01  -3.0886522e+02   2.3215945e+02   3.8606168e+01
   2.5374257e-01  -3.1374812e+02   2.2556772e+02   5.1667713e+01
   2.5387928e-01  -3.1972965e+02   2.1738907e+02   6.3996838e+01
   2.5401600e-01  -3.2449048e+02   2.0957663e+02   7.6325968e+01
   2.5415271e-01  -3.2668783e+02   2.0078763e+02   8.8410960e+01
   2.5428943e-01  -3.2778656e+02   1.9285311e+02   9.9031112e+01
   2.5442614e-01  -3.3010598e+02   1.8296547e+02   1.1111611e+02
   2.5456285e-01  -3.3266955e+02   1.7271161e+02   1.2454389e+02
   2.5469957e-01  -3.3254757e+02   1.6257982e+02   1.3748339e+02
   2.5483628e-01  -3.3266973e+02   1.5269217e+02   1.4981254e+02
   2.5497300e-01  -3.3279189e+02   1.4243830e+02   1.5921200e+02
   2.5510971e-01  -3.3291405e+02   1.2974302e+02   1.7154116e+02
   2.5524643e-01  -3.3328035e+02   1.1655946e+02   1.8289376e+02
   2.5538314e-01  -3.3267009e+02   1.0386418e+02   1.9388014e+02
   2.5551986e-01  -3.2961842e+02   9.1657171e+01   2.0572103e+02
   2.5565657e-01  -3.2742124e+02   7.7863248e+01   2.1573086e+02
   2.5579329e-01  -3.2253852e+02   6.3581040e+01   2.2500827e+02
   2.5593000e-01  -3.1265090e+02   4.7833984e+01   2.3233256e+02
   2.5606672e-01  -3.0276329e+02   3.3429699e+01   2.4185412e+02
   2.5620343e-01  -2.9751435e+02   1.9635761e+01   2.5064326e+02
   2.5634015e-01  -2.9055642e+02   6.4521713e+00   2.5821170e+02
   2.5647686e-01  -2.7957017e+02  -7.8300549e+00   2.6407115e+02
   2.5661358e-01  -2.6980462e+02  -2.1746074e+01   2.7127338e+02
   2.5675029e-01  -2.6235840e+02  -3.5784167e+01   2.7994046e+02
   2.5688701e-01  -2.5332527e+02  -4.9578122e+01   2.8555578e+02
   2.5702372e-01  -2.4465835e+02  -6.1418957e+01   2.9141524e+02
   2.5716043e-01  -2.3660177e+02  -7.3381865e+01   2.9837334e+02
   2.5729715e-01  -2.2988797e+02  -8.5710988e+01   3.0411073e+02
   2.5743386e-01  -2.2134310e+02  -9.7673903e+01   3.0704051e+02
   2.5757058e-01  -2.1133339e+02  -1.0902647e+02   3.0935994e+02
   2.5770729e-01  -2.0205610e+02  -1.1989076e+02   3.1265593e+02
   2.5784401e-01  -1.9131397e+02  -1.3087712e+02   3.1399879e+02
   2.5798072e-01  -1.7922905e+02  -1.4125314e+02   3.1436510e+02
   2.5811744e-01  -1.6824277e+02  -1.5260572e+02   3.1644038e+02
   2.5825415e-01  -1.5725648e+02  -1.6359209e+02   3.1827153e+02
   2.5839087e-01  -1.4517156e+02  -1.7421225e+02   3.1863783e+02
   2.5852758e-01  -1.3198800e+02  -1.8483242e+02   3.1924828e+02
   2.5866430e-01  -1.1794994e+02  -1.9618501e+02   3.2010286e+02
   2.5880101e-01  -1.0366774e+02  -2.0656104e+02   3.2022502e+02
   2.5893773e-01  -8.9629674e+01  -2.1547223e+02   3.1863820e+02
   2.5907444e-01  -7.4370903e+01  -2.2450550e+02   3.1656310e+02
   2.5921116e-01  -5.7891425e+01  -2.3439325e+02   3.0948311e+02
   2.5934787e-01  -4.1167802e+01  -2.4220582e+02   3.0081620e+02
   2.5948459e-01  -2.8960777e+01  -2.5038460e+02   2.9190515e+02
   2.5962130e-01  -1.5899256e+01  -2.5722060e+02   2.8299411e+02
   2.5975801e-01  -1.1287470e+00  -2.6295798e+02   2.7640239e+02
   2.5989473e-01   1.4618329e+01  -2.6893950e+02   2.7017689e+02
   2.6003144e-01   3.0975760e+01  -2.7504309e+02   2.6212032e+02
   2.6016816e-01   4.6356633e+01  -2.8004805e+02   2.5406376e+02
   2.6030487e-01   6.0272665e+01  -2.8651785e+02   2.4576305e+02
   2.6044159e-01   7.4676983e+01  -2.9286558e+02   2.3868305e+02
   2.6057830e-01   8.9203375e+01  -2.9530707e+02   2.3135890e+02
   2.6071502e-01   1.0092215e+02  -2.9945754e+02   2.2440096e+02
   2.6085173e-01   1.1276301e+02  -3.0202110e+02   2.1646645e+02
   2.6098845e-01   1.2472593e+02  -3.0470672e+02   2.0633468e+02
   2.6112516e-01   1.3766542e+02  -3.0653786e+02   1.9644704e+02
   2.6126188e-01   1.5084906e+02  -3.0641587e+02   1.8790217e+02
   2.6139859e-01   1.6305614e+02  -3.0702631e+02   1.7630555e+02
   2.6153531e-01   1.7489701e+02  -3.0824709e+02   1.6470892e+02
   2.6167202e-01   1.8429648e+02  -3.0873545e+02   1.5433299e+02
   2.6180874e-01   1.9564907e+02  -3.0897967e+02   1.4261428e+02
   2.6194545e-01   2.0932101e+02  -3.0946804e+02   1.2882037e+02
   2.6208217e-01   2.2128396e+02  -3.0934605e+02   1.1539267e+02
   2.6221888e-01   2.3190414e+02  -3.0836956e+02   1.0257532e+02
   2.6235560e-01   2.4252432e+02  -3.0702687e+02   8.8171055e+01
   2.6249231e-01   2.5070311e+02  -3.0141171e+02   7.3888853e+01
   2.6262902e-01   2.5961431e+02  -2.9359928e+02   5.7653523e+01
   2.6276574e-01   2.6828138e+02  -2.8371166e+02   4.2638892e+01
   2.6290245e-01   2.7670431e+02  -2.7272541e+02   3.0676016e+01
   2.6303917e-01   2.8292997e+02  -2.6588954e+02   1.7370362e+01
   2.6317588e-01   2.8952185e+02  -2.5673434e+02   3.8205637e+00
   2.6331260e-01   2.9623580e+02  -2.4867776e+02  -1.1682363e+01
   2.6344931e-01   3.0185112e+02  -2.4062119e+02  -2.6819083e+01
   2.6358603e-01   3.0880921e+02  -2.3390738e+02  -4.2077876e+01
   2.6372274e-01   3.1418039e+02  -2.2719357e+02  -5.5261479e+01
   2.6385946e-01   3.1942950e+02  -2.1938113e+02  -6.6247819e+01
   2.6399617e-01   3.2431240e+02  -2.1217904e+02  -7.7966584e+01
   2.6413289e-01   3.2760839e+02  -2.0412245e+02  -8.9319142e+01
   2.6426960e-01   3.3004989e+02  -1.9557758e+02  -1.0079377e+02
   2.6440632e-01   3.3127068e+02  -1.8568993e+02  -1.1312290e+02
   2.6454303e-01   3.3175906e+02  -1.7494778e+02  -1.2581824e+02
   2.6467975e-01   3.3236950e+02  -1.6396150e+02  -1.3839152e+02
   2.6481646e-01   3.3297994e+02  -1.5407384e+02  -1.5047652e+02
   2.6495318e-01   3.3444488e+02  -1.4479653e+02  -1.6048632e+02
   2.6508989e-01   3.3444497e+02  -1.3332195e+02  -1.7122855e+02
   2.6522660e-01   3.3273607e+02  -1.2050459e+02  -1.8306942e+02
   2.6536332e-01   3.3285823e+02  -1.0732102e+02  -1.9539857e+02
   2.6550003e-01   3.3127141e+02  -9.4015381e+01  -2.0589667e+02
   2.6563675e-01   3.2870802e+02  -8.1320085e+01  -2.1468578e+02
   2.6577346e-01   3.2577842e+02  -6.6549590e+01  -2.2371904e+02
   2.6591018e-01   3.1528046e+02  -5.1168741e+01  -2.3226402e+02
   2.6604689e-01   3.0636941e+02  -3.6032028e+01  -2.4007658e+02
   2.6618361e-01   2.9697007e+02  -2.3092577e+01  -2.4813329e+02
   2.6632032e-01   2.8854730e+02  -1.0153123e+01  -2.5472515e+02
   2.6645704e-01   2.7939211e+02   3.6408273e+00  -2.6229358e+02
   2.6659375e-01   2.7377695e+02   1.9387906e+01  -2.6912958e+02
   2.6673047e-01   2.6315690e+02   3.4036356e+01  -2.7645388e+02
   2.6686718e-01   2.5424584e+02   4.8562739e+01  -2.8255746e+02
   2.6700390e-01   2.4667755e+02   6.1258071e+01  -2.8841691e+02
   2.6714061e-01   2.3947547e+02   7.2488562e+01  -2.9549707e+02
   2.6727733e-01   2.3105268e+02   8.2986636e+01  -2.9964753e+02
   2.6741404e-01   2.2262989e+02   9.5071627e+01  -3.0257730e+02
   2.6755076e-01   2.1457330e+02   1.0764490e+02  -3.0611742e+02
   2.6768747e-01   2.0358703e+02   1.1765470e+02  -3.1002375e+02
   2.6782418e-01   1.9138005e+02   1.2888521e+02  -3.1063418e+02
   2.6796090e-01   1.8002756e+02   1.4060401e+02  -3.1148875e+02
   2.6809761e-01   1.6806471e+02   1.5183452e+02  -3.1222125e+02
   2.6823433e-01   1.5866534e+02   1.6330918e+02  -3.1454067e+02
   2.6837104e-01   1.4816733e+02   1.7344107e+02  -3.1588352e+02
   2.6850776e-01   1.3315271e+02   1.8393917e+02  -3.1649395e+02
   2.6864447e-01   1.1850431e+02   1.9578005e+02  -3.1624989e+02
   2.6878119e-01   1.0373382e+02   2.0737679e+02  -3.1637204e+02
   2.6891790e-01   9.0306112e+01   2.1567764e+02  -3.1588384e+02
   2.6905462e-01   7.5657693e+01   2.2275778e+02  -3.1307630e+02
   2.6919133e-01   5.9788567e+01   2.3276761e+02  -3.0587423e+02
   2.6932805e-01   4.4895999e+01   2.4326573e+02  -2.9916044e+02
   2.6946476e-01   3.0735850e+01   2.5034588e+02  -2.9037145e+02
   2.6960148e-01   1.5599134e+01   2.5583912e+02  -2.8243695e+02
   2.6973819e-01  -5.1414871e-01   2.6316342e+02  -2.7413624e+02
   2.6987491e-01  -1.6993646e+01   2.7048771e+02  -2.6595760e+02
   2.7001162e-01  -3.1642093e+01   2.7512647e+02  -2.5961001e+02
   2.7014834e-01  -4.4703629e+01   2.8098592e+02  -2.5387277e+02
   2.7028505e-01  -5.7276888e+01   2.8721159e+02  -2.4618240e+02
   2.7042177e-01  -7.1681206e+01   2.9246070e+02  -2.3898031e+02
   2.7055848e-01  -8.5597246e+01   2.9685531e+02  -2.3128994e+02
   2.7069519e-01  -1.0000157e+02   3.0076165e+02  -2.2482027e+02
   2.7083191e-01  -1.1196449e+02   3.0442385e+02  -2.1700782e+02
   2.7096862e-01  -1.2258465e+02   3.0515635e+02  -2.0809674e+02
   2.7110534e-01  -1.3540207e+02   3.0552265e+02  -1.9918565e+02
   2.7124205e-01  -1.4858571e+02   3.0784208e+02  -1.8856558e+02
   2.7137877e-01  -1.6079278e+02   3.0869666e+02  -1.7757929e+02
   2.7151548e-01  -1.7238951e+02   3.0869675e+02  -1.6732542e+02
   2.7165220e-01  -1.8325382e+02   3.0918511e+02  -1.5768190e+02
   2.7178891e-01  -1.9619333e+02   3.0906313e+02  -1.4596318e+02
   2.7192563e-01  -2.0925491e+02   3.0894115e+02  -1.3265755e+02
   2.7206234e-01  -2.2097373e+02   3.0918537e+02  -1.2008433e+02
   2.7219906e-01  -2.3025113e+02   3.0869718e+02  -1.0775525e+02
   2.7233577e-01  -2.3867405e+02   3.0674414e+02  -9.4693740e+01
   2.7247249e-01  -2.4721905e+02   3.0234969e+02  -7.9557035e+01
   2.7260920e-01  -2.5661853e+02   2.9429313e+02  -6.3565834e+01
   2.7274592e-01  -2.6516353e+02   2.8391723e+02  -4.9161544e+01
   2.7288263e-01  -2.7553958e+02   2.7439583e+02  -3.5855882e+01
   2.7301935e-01  -2.8310802e+02   2.6597305e+02  -2.2428147e+01
   2.7315606e-01  -2.8908955e+02   2.5755028e+02  -8.5121260e+00
   2.7329277e-01  -2.9531522e+02   2.4900543e+02   5.7701092e+00
   2.7342949e-01  -3.0044226e+02   2.4216956e+02   2.0906840e+01
   2.7356620e-01  -3.0691207e+02   2.3435713e+02   3.5799435e+01
   2.7370292e-01  -3.1362602e+02   2.2666677e+02   4.8250626e+01
   2.7383963e-01  -3.1814271e+02   2.2031918e+02   6.0823892e+01
   2.7397635e-01  -3.2302562e+02   2.1214053e+02   7.2664739e+01
   2.7411306e-01  -3.2680989e+02   2.0359566e+02   8.4627660e+01
   2.7424978e-01  -3.2803068e+02   1.9468459e+02   9.5980234e+01
   2.7438649e-01  -3.2876319e+02   1.8577351e+02   1.0745488e+02
   2.7452321e-01  -3.3059434e+02   1.7564172e+02   1.2015023e+02
   2.7465992e-01  -3.3291377e+02   1.6477751e+02   1.3357801e+02
   2.7479664e-01  -3.3254765e+02   1.5452365e+02   1.4663958e+02
   2.7493335e-01  -3.3279188e+02   1.4512427e+02   1.5713768e+02
   2.7507007e-01  -3.3266990e+02   1.3377177e+02   1.6763578e+02
   2.7520678e-01  -3.3266999e+02   1.2107649e+02   1.8106357e+02
   2.7534350e-01  -3.3315837e+02   1.0752672e+02   1.9192789e+02
   2.7548021e-01  -3.3205982e+02   9.4831434e+01   2.0169358e+02
   2.7561693e-01  -3.2790952e+02   8.2624426e+01   2.1267997e+02
   2.7575364e-01  -3.2436957e+02   6.7731868e+01   2.2171325e+02
   2.7589035e-01  -3.1704544e+02   5.2351025e+01   2.3086859e+02
   2.7602707e-01  -3.0630333e+02   3.6848108e+01   2.3843702e+02
   2.7616378e-01  -2.9678193e+02   2.3298313e+01   2.4795858e+02
   2.7630050e-01  -2.9141092e+02   9.8705840e+00   2.5638151e+02
   2.7643721e-01  -2.8396471e+02  -3.9233594e+00   2.6333960e+02
   2.7657393e-01  -2.7334467e+02  -1.8693869e+01   2.6919906e+02
   2.7671064e-01  -2.6248049e+02  -3.2121609e+01   2.7676750e+02
   2.7684736e-01  -2.5723154e+02  -4.6525914e+01   2.8494630e+02
   2.7698407e-01  -2.4844254e+02  -5.8855029e+01   2.9056162e+02
   2.7712079e-01  -2.3916527e+02  -7.0085513e+01   2.9629901e+02
   2.7725750e-01  -2.3098662e+02  -8.2048424e+01   3.0240261e+02
   2.7739422e-01  -2.2366246e+02  -9.4011337e+01   3.0704138e+02
   2.7753093e-01  -2.1438518e+02  -1.0536390e+02   3.0875045e+02
   2.7766765e-01  -2.0400926e+02  -1.1622819e+02   3.1045953e+02
   2.7780436e-01  -1.9412162e+02  -1.2758076e+02   3.1338931e+02
   2.7794108e-01  -1.8276913e+02  -1.3868920e+02   3.1461010e+02
   2.7807779e-01  -1.7056214e+02  -1.4991971e+02   3.1509848e+02
   2.7821451e-01  -1.5933171e+02  -1.6053987e+02   3.1717377e+02
   2.7835122e-01  -1.4895578e+02  -1.7103796e+02   3.1888284e+02
   2.7848793e-01  -1.3552808e+02  -1.8251262e+02   3.1900501e+02
   2.7862465e-01  -1.2173416e+02  -1.9301071e+02   3.1961545e+02
   2.7876136e-01  -1.0769611e+02  -2.0338674e+02   3.2022589e+02
   2.7889808e-01  -9.4390466e+01  -2.1327450e+02   3.1998184e+02
   2.7903479e-01  -7.9864119e+01  -2.2181948e+02   3.1717432e+02
   2.7917151e-01  -6.3384644e+01  -2.3097481e+02   3.1253573e+02
   2.7930822e-01  -4.6050672e+01  -2.4000808e+02   3.0264813e+02
   2.7944494e-01  -3.0791892e+01  -2.4696615e+02   2.9446950e+02
   2.7958165e-01  -1.9439358e+01  -2.5490079e+02   2.8616881e+02
   2.7971837e-01  -5.4012729e+00  -2.6173680e+02   2.7786811e+02
   2.7985508e-01   1.0834082e+01  -2.6710796e+02   2.7115432e+02
