   0.0000000e+00   2.0074976e+01  -2.8886875e+02   2.9083325e+02
   1.0000000e-04   2.9962682e+01  -2.9338554e+02   2.8375336e+02
   2.0000000e-04   3.9606253e+01  -2.9814646e+02   2.7618518e+02
   3.0000000e-04   4.8639477e+01  -3.0241910e+02   2.6837286e+02
   4.0000000e-04   5.7794777e+01  -3.0620347e+02   2.6007225e+02
   5.0000000e-04   6.6950082e+01  -3.0888920e+02   2.5189371e+02
   6.0000000e-04   7.6105392e+01  -3.1059837e+02   2.4383724e+02
   7.0000000e-04   8.5016567e+01  -3.1181927e+02   2.3517041e+02
   8.0000000e-04   9.4171887e+01  -3.1255188e+02   2.2711393e+02
   9.0000000e-04   1.0369342e+02  -3.1291828e+02   2.1856917e+02
   1.0000000e-03   1.1309289e+02  -3.1328468e+02   2.0978025e+02
   1.1000000e-03   1.2249237e+02  -3.1352902e+02   2.0086927e+02
   1.2000000e-03   1.3176978e+02  -3.1401749e+02   1.9134793e+02
   1.3000000e-03   1.4104719e+02  -3.1462803e+02   1.8133830e+02
   1.4000000e-03   1.5056875e+02  -3.1462823e+02   1.7145074e+02
   1.5000000e-03   1.5984617e+02  -3.1487256e+02   1.6144110e+02
   1.6000000e-03   1.6863532e+02  -3.1499482e+02   1.5228595e+02
   1.7000000e-03   1.7632584e+02  -3.1536123e+02   1.4276459e+02
   1.8000000e-03   1.8535913e+02  -3.1523935e+02   1.3312115e+02
   1.9000000e-03   1.9488071e+02  -3.1584989e+02   1.2359977e+02
   2.0000000e-03   2.0415816e+02  -3.1585008e+02   1.1493288e+02
   2.1000000e-03   2.1306940e+02  -3.1572820e+02   1.0553357e+02
   2.2000000e-03   2.2198064e+02  -3.1572839e+02   9.5523896e+01
   2.3000000e-03   2.3162430e+02  -3.1719342e+02   8.4171446e+01
   2.4000000e-03   2.3833828e+02  -3.1597290e+02   7.5748678e+01
   2.5000000e-03   2.4529641e+02  -3.1633929e+02   6.5861061e+01
   2.6000000e-03   2.5262075e+02  -3.1548498e+02   5.5363087e+01
   2.7000000e-03   2.5860232e+02  -3.1450860e+02   4.6452022e+01
   2.8000000e-03   2.6446183e+02  -3.1292186e+02   3.8151303e+01
   2.9000000e-03   2.6958891e+02  -3.1072477e+02   2.7897454e+01
   3.0000000e-03   2.7398357e+02  -3.0718490e+02   1.7277388e+01
   3.1000000e-03   2.7776789e+02  -3.0291261e+02   6.2911067e+00
   3.2000000e-03   2.8094186e+02  -2.9741962e+02  -4.6951804e+00
   3.3000000e-03   2.8460411e+02  -2.9095005e+02  -1.5437332e+01
   3.4000000e-03   2.8790015e+02  -2.8338186e+02  -2.5080857e+01
   3.5000000e-03   2.9192862e+02  -2.7556951e+02  -3.5212667e+01
   3.6000000e-03   2.9595708e+02  -2.6751303e+02  -4.4978273e+01
   3.7000000e-03   2.9986348e+02  -2.5921240e+02  -5.4011461e+01
   3.8000000e-03   3.0352574e+02  -2.5091176e+02  -6.3288796e+01
   3.9000000e-03   3.0682179e+02  -2.4212284e+02  -7.2444065e+01
   4.0000000e-03   3.0926335e+02  -2.3345599e+02  -8.1599340e+01
   4.1000000e-03   3.1072835e+02  -2.2515535e+02  -9.1120830e+01
   4.2000000e-03   3.1170507e+02  -2.1636642e+02  -1.0088647e+02
   4.3000000e-03   3.1231557e+02  -2.0757748e+02  -1.1053004e+02
   4.4000000e-03   3.1255987e+02  -1.9891061e+02  -1.2017361e+02
   4.5000000e-03   3.1268210e+02  -1.8999960e+02  -1.2993926e+02
   4.6000000e-03   3.1280433e+02  -1.8096651e+02  -1.3994906e+02
   4.7000000e-03   3.1304862e+02  -1.7144514e+02  -1.4983679e+02
   4.8000000e-03   3.1317085e+02  -1.6167962e+02  -1.5972453e+02
   4.9000000e-03   3.1353722e+02  -1.5203616e+02  -1.6839156e+02
   5.0000000e-03   3.1390359e+02  -1.4227063e+02  -1.7583790e+02
   5.1000000e-03   3.1426996e+02  -1.3189475e+02  -1.8426081e+02
   5.2000000e-03   3.1414804e+02  -1.2237335e+02  -1.9366028e+02
   5.3000000e-03   3.1414820e+02  -1.1309609e+02  -2.0171698e+02
   5.4000000e-03   3.1439249e+02  -1.0381882e+02  -2.1013990e+02
   5.5000000e-03   3.1427057e+02  -9.4541548e+01  -2.1892903e+02
   5.6000000e-03   3.1390451e+02  -8.5264271e+01  -2.3003750e+02
   5.7000000e-03   3.1317224e+02  -7.5742847e+01  -2.4077977e+02
   5.8000000e-03   3.1475930e+02  -6.7075911e+01  -2.4358747e+02
   5.9000000e-03   3.1353875e+02  -5.5479282e+01  -2.5103384e+02
   6.0000000e-03   3.1268440e+02  -4.5957843e+01  -2.5848022e+02
   6.1000000e-03   3.1097556e+02  -3.7412961e+01  -2.6531624e+02
   6.2000000e-03   3.0792394e+02  -2.8501863e+01  -2.7154192e+02
   6.3000000e-03   3.0475025e+02  -1.8003846e+01  -2.7654690e+02
   6.4000000e-03   3.0060000e+02  -7.2616832e+00  -2.8118567e+02
   6.5000000e-03   2.9583939e+02   3.3584148e+00  -2.8533617e+02
   6.6000000e-03   2.9071256e+02   1.3734377e+01  -2.8948666e+02
   6.7000000e-03   2.8412089e+02   2.4110345e+01  -2.9327095e+02
   6.8000000e-03   2.7691887e+02   3.3998037e+01  -2.9681110e+02
   6.9000000e-03   2.6886235e+02   4.3519523e+01  -3.0047332e+02
   7.0000000e-03   2.6043962e+02   5.2552733e+01  -3.0364726e+02
   7.1000000e-03   2.5165067e+02   6.1585949e+01  -3.0657706e+02
   7.2000000e-03   2.4225136e+02   7.0008817e+01  -3.0950687e+02
   7.3000000e-03   2.3346241e+02   7.8553761e+01  -3.1219253e+02
   7.4000000e-03   2.2430724e+02   8.7342851e+01  -3.1438991e+02
   7.5000000e-03   2.1588448e+02   9.6742297e+01  -3.1548867e+02
   7.6000000e-03   2.0733966e+02   1.0601968e+02  -3.1609914e+02
   7.7000000e-03   1.9867275e+02   1.1529706e+02  -3.1683168e+02
   7.8000000e-03   1.9000585e+02   1.2494067e+02  -3.1719802e+02
   7.9000000e-03   1.8121687e+02   1.3446220e+02  -3.1768642e+02
   8.0000000e-03   1.7230581e+02   1.4410581e+02  -3.1805275e+02
   8.1000000e-03   1.6290647e+02   1.5362736e+02  -3.1829702e+02
   8.2000000e-03   1.5350712e+02   1.6266063e+02  -3.1878542e+02
   8.3000000e-03   1.4459605e+02   1.7108355e+02  -3.1927383e+02
   8.4000000e-03   1.3507463e+02   1.7889612e+02  -3.1964016e+02
   8.5000000e-03   1.2604148e+02   1.8841768e+02  -3.1988442e+02
   8.6000000e-03   1.1664211e+02   1.9732890e+02  -3.1976247e+02
   8.7000000e-03   1.0760895e+02   2.0550770e+02  -3.1988466e+02
   8.8000000e-03   9.8209579e+01   2.1466306e+02  -3.2012892e+02
   8.9000000e-03   8.6857074e+01   2.2528327e+02  -3.2122767e+02
   9.0000000e-03   7.8556321e+01   2.3187516e+02  -3.2073951e+02
   9.1000000e-03   6.8790720e+01   2.3956570e+02  -3.2025134e+02
   9.2000000e-03   5.9391325e+01   2.4737830e+02  -3.1939696e+02
   9.3000000e-03   5.1090557e+01   2.5433642e+02  -3.1842051e+02
   9.4000000e-03   4.2545643e+01   2.6105039e+02  -3.1707785e+02
   9.5000000e-03   3.3390373e+01   2.6715402e+02  -3.1488069e+02
   9.6000000e-03   2.3624745e+01   2.7228109e+02  -3.1170697e+02
   9.7000000e-03   1.2760480e+01   2.7667574e+02  -3.0816703e+02
   9.8000000e-03   2.1403504e+00   2.8082626e+02  -3.0340639e+02
   9.9000000e-03  -8.2356440e+00   2.8509884e+02  -2.9766918e+02
   1.0000000e-02  -1.8489573e+01   2.8949350e+02  -2.9095541e+02
   1.0100000e-02  -2.8133156e+01   2.9425437e+02  -2.8350921e+02
   1.0200000e-02  -3.7654674e+01   2.9889318e+02  -2.7594094e+02
   1.0300000e-02  -4.7054126e+01   3.0292163e+02  -2.6837267e+02
   1.0400000e-02  -5.6087373e+01   3.0646180e+02  -2.6080439e+02
   1.0500000e-02  -6.4632344e+01   3.0939163e+02  -2.5274783e+02
   1.0600000e-02  -7.3421460e+01   3.1110075e+02  -2.4444712e+02
   1.0700000e-02  -8.2820933e+01   3.1207745e+02  -2.3626848e+02
   1.0800000e-02  -9.2220410e+01   3.1293208e+02  -2.2808983e+02
   1.0900000e-02  -1.0186403e+02   3.1342050e+02  -2.1966704e+02
   1.1000000e-02  -1.1138559e+02   3.1366479e+02  -2.1087804e+02
   1.1100000e-02  -1.2102922e+02   3.1378700e+02  -2.0184489e+02
   1.1200000e-02  -1.3055079e+02   3.1390921e+02  -1.9232345e+02
   1.1300000e-02  -1.3995029e+02   3.1403142e+02  -1.8231373e+02
   1.1400000e-02  -1.4934980e+02   3.1427571e+02  -1.7230401e+02
   1.1500000e-02  -1.5899345e+02   3.1415378e+02  -1.6229428e+02
   1.1600000e-02  -1.6790468e+02   3.1439806e+02  -1.5240661e+02
   1.1700000e-02  -1.7571729e+02   3.1500856e+02  -1.4251894e+02
   1.1800000e-02  -1.8414025e+02   3.1549698e+02  -1.3226506e+02
   1.1900000e-02  -1.9378392e+02   3.1537505e+02  -1.2310980e+02
   1.2000000e-02  -2.0306138e+02   3.1525312e+02  -1.1432075e+02
   1.2100000e-02  -2.1197263e+02   3.1561947e+02  -1.0479927e+02
   1.2200000e-02  -2.2271495e+02   3.1574168e+02  -9.5033650e+01
   1.2300000e-02  -2.3675316e+02   3.1623010e+02  -8.3681107e+01
   1.2400000e-02  -2.4126990e+02   3.1647437e+02  -7.3183051e+01
   1.2500000e-02  -2.4566456e+02   3.1659658e+02  -6.5126396e+01
   1.2600000e-02  -2.5176822e+02   3.1574222e+02  -5.5726963e+01
   1.2700000e-02  -2.5787188e+02   3.1452164e+02  -4.6937876e+01
   1.2800000e-02  -2.6360933e+02   3.1330107e+02  -3.8514995e+01
   1.2900000e-02  -2.6824815e+02   3.1122600e+02  -2.8871405e+01
   1.3000000e-02  -2.7227662e+02   3.0817436e+02  -1.8373318e+01
   1.3100000e-02  -2.7630509e+02   3.0390202e+02  -7.3869438e+00
   1.3200000e-02  -2.7984529e+02   2.9840898e+02   4.2097869e+00
   1.3300000e-02  -2.8338548e+02   2.9193936e+02   1.5074101e+01
   1.3400000e-02  -2.8704775e+02   2.8449319e+02   2.5938420e+01
   1.3500000e-02  -2.9144245e+02   2.7643665e+02   3.6436534e+01
   1.3600000e-02  -2.9547093e+02   2.6789184e+02   4.6080160e+01
   1.3700000e-02  -2.9925528e+02   2.5922495e+02   5.5113440e+01
   1.3800000e-02  -3.0328377e+02   2.5031391e+02   6.4146726e+01
   1.3900000e-02  -3.0743433e+02   2.4164702e+02   7.3057946e+01
   1.4000000e-02  -3.1073040e+02   2.3298011e+02   8.1602960e+01
   1.4100000e-02  -3.1256162e+02   2.2492356e+02   9.0880401e+01
   1.4200000e-02  -3.1341629e+02   2.1674493e+02   1.0015785e+02
   1.4300000e-02  -3.1414888e+02   2.0844423e+02   1.0955737e+02
   1.4400000e-02  -3.1463734e+02   1.9977731e+02   1.1883482e+02
   1.4500000e-02  -3.1488165e+02   1.9074418e+02   1.2847850e+02
   1.4600000e-02  -3.1500390e+02   1.8158897e+02   1.3836631e+02
   1.4700000e-02  -3.1512614e+02   1.7194548e+02   1.4825414e+02
   1.4800000e-02  -3.1524839e+02   1.6169163e+02   1.5801989e+02
   1.4900000e-02  -3.1537063e+02   1.5155984e+02   1.6705323e+02
   1.5000000e-02  -3.1585909e+02   1.4191634e+02   1.7486587e+02
   1.5100000e-02  -3.1598133e+02   1.3178454e+02   1.8341093e+02
   1.5200000e-02  -3.1598151e+02   1.2214103e+02   1.9281050e+02
   1.5300000e-02  -3.1610375e+02   1.1298579e+02   2.0135557e+02
   1.5400000e-02  -3.1622599e+02   1.0395261e+02   2.0953444e+02
   1.5500000e-02  -3.1598202e+02   9.4797359e+01   2.1856780e+02
   1.5600000e-02  -3.1659254e+02   8.4543470e+01   2.2784531e+02
   1.5700000e-02  -3.1634857e+02   7.4777857e+01   2.3626833e+02
   1.5800000e-02  -3.1659287e+02   6.7819857e+01   2.4322651e+02
   1.5900000e-02  -3.1427370e+02   5.6223179e+01   2.5152746e+02
   1.6000000e-02  -3.1256488e+02   4.6945832e+01   2.5860772e+02
   1.6100000e-02  -3.0987949e+02   3.8889183e+01   2.6556591e+02
   1.6200000e-02  -3.0731617e+02   2.9611826e+01   2.7154754e+02
   1.6300000e-02  -3.0377629e+02   1.9479971e+01   2.7704089e+02
   1.6400000e-02  -3.0035848e+02   8.7377595e+00   2.8131354e+02
   1.6500000e-02  -2.9620823e+02  -1.8823870e+00   2.8521998e+02
   1.6600000e-02  -2.9144764e+02  -1.2136328e+01   2.8924849e+02
   1.6700000e-02  -2.8485599e+02  -2.2512344e+01   2.9303287e+02
   1.6800000e-02  -2.7740984e+02  -3.2522155e+01   2.9645104e+02
   1.6900000e-02  -2.6923127e+02  -4.2287830e+01   2.9999128e+02
   1.7000000e-02  -2.6068648e+02  -5.1809369e+01   3.0328738e+02
   1.7100000e-02  -2.5153134e+02  -6.0964703e+01   3.0621727e+02
   1.7200000e-02  -2.4262033e+02  -6.9631761e+01   3.0890302e+02
   1.7300000e-02  -2.3346518e+02  -7.8298823e+01   3.1158878e+02
   1.7400000e-02  -2.2455417e+02  -8.7210032e+01   3.1378625e+02
   1.7500000e-02  -2.1588729e+02  -9.6487456e+01   3.1525130e+02
   1.7600000e-02  -2.0770869e+02  -1.0576489e+02   3.1598393e+02
   1.7700000e-02  -1.9904181e+02  -1.1467611e+02   3.1659450e+02
   1.7800000e-02  -1.9025285e+02  -1.2358734e+02   3.1720506e+02
   1.7900000e-02  -1.8121975e+02  -1.3249857e+02   3.1769355e+02
   1.8000000e-02  -1.7182043e+02  -1.4177602e+02   3.1818204e+02
   1.8100000e-02  -1.6290938e+02  -1.5178589e+02   3.1818226e+02
   1.8200000e-02  -1.5351005e+02  -1.6130749e+02   3.1854868e+02
   1.8300000e-02  -1.4411072e+02  -1.6960839e+02   3.1928131e+02
   1.8400000e-02  -1.3410103e+02  -1.7729894e+02   3.1964773e+02
   1.8500000e-02  -1.2494583e+02  -1.8682055e+02   3.2001415e+02
   1.8600000e-02  -1.1566855e+02  -1.9634216e+02   3.2001436e+02
   1.8700000e-02  -1.0663541e+02  -2.0476515e+02   3.1989250e+02
   1.8800000e-02  -9.7236051e+01  -2.1355435e+02   3.1964857e+02
   1.8900000e-02  -8.7592547e+01  -2.2600566e+02   3.1842807e+02
   1.9000000e-02  -7.5751773e+01  -2.3857905e+02   3.1928277e+02
   1.9100000e-02  -6.7695173e+01  -2.4077647e+02   3.2050368e+02
   1.9200000e-02  -5.8295795e+01  -2.4712428e+02   3.1867282e+02
   1.9300000e-02  -5.0117114e+01  -2.5310588e+02   3.1806267e+02
   1.9400000e-02  -4.2304640e+01  -2.5981990e+02   3.1586560e+02
   1.9500000e-02  -3.4003879e+01  -2.6567944e+02   3.1366853e+02
   1.9600000e-02  -2.5336901e+01  -2.7031828e+02   3.1086111e+02
   1.9700000e-02  -1.6059567e+01  -2.7446883e+02   3.0744333e+02
   1.9800000e-02  -5.4394547e+00  -2.7874146e+02   3.0341520e+02
   1.9900000e-02   5.1806632e+00  -2.8325824e+02   2.9780015e+02
   2.0000000e-02   1.6777349e+01  -2.8753087e+02   2.9169681e+02
   2.0100000e-02   2.7519547e+01  -2.9216972e+02   2.8473898e+02
   2.0200000e-02   3.7895540e+01  -2.9668650e+02   2.7717080e+02
   2.0300000e-02   4.7539116e+01  -3.0156950e+02   2.6911433e+02
   2.0400000e-02   5.7060627e+01  -3.0547593e+02   2.6117993e+02
   2.0500000e-02   6.6338003e+01  -3.0864994e+02   2.5300138e+02
   2.0600000e-02   7.5615383e+01  -3.1060325e+02   2.4531112e+02
   2.0700000e-02   8.4282417e+01  -3.1194621e+02   2.3713256e+02
   2.0800000e-02   9.3071526e+01  -3.1280089e+02   2.2895400e+02
   2.0900000e-02   1.0222685e+02  -3.1316729e+02   2.2077544e+02
   2.1000000e-02   1.1113804e+02  -3.1353369e+02   2.1186445e+02
   2.1100000e-02   1.2029337e+02  -3.1377802e+02   2.0270932e+02
   2.1200000e-02   1.2944871e+02  -3.1390028e+02   1.9294383e+02
   2.1300000e-02   1.3860406e+02  -3.1451083e+02   1.8293420e+02
   2.1400000e-02   1.4800355e+02  -3.1451102e+02   1.7292456e+02
   2.1500000e-02   1.5728097e+02  -3.1475535e+02   1.6291492e+02
   2.1600000e-02   1.6631426e+02  -3.1487761e+02   1.5375976e+02
   2.1700000e-02   1.7424892e+02  -3.1548815e+02   1.4484874e+02
   2.1800000e-02   1.8303807e+02  -3.1561041e+02   1.3459494e+02
   2.1900000e-02   1.9292586e+02  -3.1585474e+02   1.2543977e+02
   2.2000000e-02   2.0232538e+02  -3.1622114e+02   1.1640667e+02
   2.2100000e-02   2.1148076e+02  -3.1597718e+02   1.0676320e+02
   2.2200000e-02   2.2088028e+02  -3.1573323e+02   9.6997667e+01
   2.2300000e-02   2.2991359e+02  -3.1609962e+02   8.6743843e+01
   2.2400000e-02   2.3589515e+02  -3.1561153e+02   7.8809349e+01
   2.2500000e-02   2.4346363e+02  -3.1634413e+02   6.9165867e+01
   2.2600000e-02   2.5078797e+02  -3.1585603e+02   5.7447183e+01
   2.2700000e-02   2.5689161e+02  -3.1487964e+02   4.8169901e+01
   2.2800000e-02   2.6287319e+02  -3.1341497e+02   3.9991246e+01
   2.2900000e-02   2.6836648e+02  -3.1121788e+02   2.9615320e+01
   2.3000000e-02   2.7324943e+02  -3.0767801e+02   1.8506966e+01
   2.3100000e-02   2.7752203e+02  -3.0364986e+02   7.3986076e+00
   2.3200000e-02   2.8106221e+02  -2.9864514e+02  -3.7097563e+00
   2.3300000e-02   2.8472446e+02  -2.9254179e+02  -1.4573985e+01
   2.3400000e-02   2.8814257e+02  -2.8533980e+02  -2.4217516e+01
   2.3500000e-02   2.9192690e+02  -2.7740539e+02  -3.3983122e+01
   2.3600000e-02   2.9558915e+02  -2.6934890e+02  -4.3504594e+01
   2.3700000e-02   2.9925141e+02  -2.6080412e+02  -5.1927437e+01
   2.3800000e-02   3.0303574e+02  -2.5213728e+02  -6.1082708e+01
   2.3900000e-02   3.0608766e+02  -2.4334836e+02  -7.0360054e+01
   2.4000000e-02   3.0865129e+02  -2.3480357e+02  -7.9271195e+01
   2.4100000e-02   3.1036043e+02  -2.2674707e+02  -8.8792692e+01
   2.4200000e-02   3.1145921e+02  -2.1844642e+02  -9.8436264e+01
   2.4300000e-02   3.1219179e+02  -2.0990162e+02  -1.0844605e+02
   2.4400000e-02   3.1255816e+02  -2.0135682e+02  -1.1833378e+02
   2.4500000e-02   3.1268039e+02  -1.9256788e+02  -1.2809943e+02
   2.4600000e-02   3.1280262e+02  -1.8304651e+02  -1.3810924e+02
   2.4700000e-02   3.1280278e+02  -1.7328099e+02  -1.4860733e+02
   2.4800000e-02   3.1304708e+02  -1.6339340e+02  -1.5873921e+02
   2.4900000e-02   3.1304723e+02  -1.5362787e+02  -1.6765039e+02
   2.5000000e-02   3.1365774e+02  -1.4386234e+02  -1.7497467e+02
   2.5100000e-02   3.1402411e+02  -1.3373059e+02  -1.8303137e+02
   2.5200000e-02   3.1402427e+02  -1.2433127e+02  -1.9218671e+02
   2.5300000e-02   3.1390236e+02  -1.1529814e+02  -2.0012135e+02
   2.5400000e-02   3.1402458e+02  -1.0614294e+02  -2.0817806e+02
   2.5500000e-02   3.1439095e+02  -9.6377388e+01  -2.1696720e+02
   2.5600000e-02   3.1426903e+02  -8.6978039e+01  -2.2587841e+02
   2.5700000e-02   3.1426918e+02  -7.6846262e+01  -2.3674275e+02
   2.5800000e-02   3.1390312e+02  -6.6470340e+01  -2.4614226e+02
   2.5900000e-02   3.1463569e+02  -5.7803397e+01  -2.4992653e+02
   2.6000000e-02   3.1365927e+02  -4.6817113e+01  -2.5700670e+02
   2.6100000e-02   3.1170629e+02  -3.7906018e+01  -2.6433102e+02
   2.6200000e-02   3.0902089e+02  -2.9605271e+01  -2.7043463e+02
   2.6300000e-02   3.0548099e+02  -2.0327955e+01  -2.7580583e+02
   2.6400000e-02   3.0120866e+02  -9.9520012e+00  -2.8020047e+02
   2.6500000e-02   2.9657013e+02   4.2395782e-01  -2.8459511e+02
   2.6600000e-02   2.9168745e+02   1.0921992e+01  -2.8862354e+02
   2.6700000e-02   2.8533992e+02   2.1420032e+01  -2.9252991e+02
   2.6800000e-02   2.7838204e+02   3.1673937e+01  -2.9631420e+02
   2.6900000e-02   2.7032552e+02   4.1439565e+01  -2.9985436e+02
   2.7000000e-02   2.6178072e+02   5.0838988e+01  -3.0327245e+02
   2.7100000e-02   2.5286970e+02   6.0238415e+01  -3.0620226e+02
   2.7200000e-02   2.4347040e+02   6.9271637e+01  -3.0888793e+02
   2.7300000e-02   2.3431523e+02   7.8060724e+01  -3.1157360e+02
   2.7400000e-02   2.2564834e+02   8.6727745e+01  -3.1364892e+02
   2.7500000e-02   2.1734766e+02   9.5638912e+01  -3.1511390e+02
   2.7600000e-02   2.0929112e+02   1.0503836e+02  -3.1572438e+02
   2.7700000e-02   2.0086836e+02   1.1394954e+02  -3.1633486e+02
   2.7800000e-02   1.9256767e+02   1.2298279e+02  -3.1706741e+02
   2.7900000e-02   1.8390076e+02   1.3226019e+02  -3.1743375e+02
   2.8000000e-02   1.7486763e+02   1.4165966e+02  -3.1804423e+02
   2.8100000e-02   1.6546829e+02   1.5130328e+02  -3.1841057e+02
   2.8200000e-02   1.5545860e+02   1.6070276e+02  -3.1902106e+02
   2.8300000e-02   1.4642546e+02   1.6949189e+02  -3.1926533e+02
   2.8400000e-02   1.3665990e+02   1.7693826e+02  -3.1975374e+02
   2.8500000e-02   1.2762675e+02   1.8633775e+02  -3.1999801e+02
   2.8600000e-02   1.1810532e+02   1.9549311e+02  -3.1975400e+02
   2.8700000e-02   1.0895009e+02   2.0367191e+02  -3.1950998e+02
   2.8800000e-02   9.9794856e+01   2.1258313e+02  -3.1975425e+02
   2.8900000e-02   8.9540986e+01   2.2198264e+02  -3.2024266e+02
   2.9000000e-02   8.0629884e+01   2.2930696e+02  -3.2024278e+02
   2.9100000e-02   7.2207058e+01   2.3760785e+02  -3.2036498e+02
   2.9200000e-02   6.0976610e+01   2.4578666e+02  -3.1987682e+02
   2.9300000e-02   5.2553774e+01   2.5311099e+02  -3.1890038e+02
   2.9400000e-02   4.3886792e+01   2.5982497e+02  -3.1755772e+02
   2.9500000e-02   3.4731524e+01   2.6605068e+02  -3.1536057e+02
   2.9600000e-02   2.4721758e+01   2.7166603e+02  -3.1243100e+02
   2.9700000e-02   1.4101636e+01   2.7618275e+02  -3.0876900e+02
   2.9800000e-02   3.2373675e+00   2.8033327e+02  -3.0437458e+02
   2.9900000e-02  -6.8944841e+00   2.8436172e+02  -2.9888152e+02
   3.0000000e-02  -1.6782200e+01   2.8875638e+02  -2.9216775e+02
   3.0100000e-02  -2.6059570e+01   2.9339518e+02  -2.8508777e+02
   3.0200000e-02  -3.5459015e+01   2.9803398e+02  -2.7764158e+02
   3.0300000e-02  -4.4614325e+01   3.0255072e+02  -2.6982918e+02
   3.0400000e-02  -5.4135851e+01   3.0609090e+02  -2.6250505e+02
   3.0500000e-02  -6.2802890e+01   3.0902072e+02  -2.5444849e+02
   3.0600000e-02  -7.1469933e+01   3.1109606e+02  -2.4602572e+02
   3.0700000e-02  -8.0625263e+01   3.1231690e+02  -2.3772502e+02
   3.0800000e-02  -9.0024739e+01   3.1317154e+02  -2.2954639e+02
   3.0900000e-02  -9.9546290e+01   3.1353789e+02  -2.2112360e+02
   3.1000000e-02  -1.0906785e+02   3.1366011e+02  -2.1245668e+02
   3.1100000e-02  -1.1883355e+02   3.1366025e+02  -2.0354561e+02
   3.1200000e-02  -1.2859925e+02   3.1353833e+02  -1.9402418e+02
   3.1300000e-02  -1.3836496e+02   3.1390468e+02  -1.8401447e+02
   3.1400000e-02  -1.4837482e+02   3.1390483e+02  -1.7412682e+02
   3.1500000e-02  -1.5777433e+02   3.1414912e+02  -1.6387296e+02
   3.1600000e-02  -1.6717384e+02   3.1427133e+02  -1.5422945e+02
   3.1700000e-02  -1.7486437e+02   3.1475976e+02  -1.4483007e+02
   3.1800000e-02  -1.8292112e+02   3.1549233e+02  -1.3445412e+02
   3.1900000e-02  -1.9232065e+02   3.1561454e+02  -1.2542094e+02
   3.2000000e-02  -2.0110982e+02   3.1549261e+02  -1.1626569e+02
   3.2100000e-02  -2.0989901e+02   3.1549276e+02  -1.0698836e+02
   3.2200000e-02  -2.1881026e+02   3.1573704e+02  -9.7100678e+01
   3.2300000e-02  -2.2833187e+02   3.1561511e+02  -8.7335058e+01
   3.2400000e-02  -2.3602243e+02   3.1476075e+02  -8.0254980e+01
   3.2500000e-02  -2.4371300e+02   3.1561538e+02  -7.0001069e+01
   3.2600000e-02  -2.4957251e+02   3.1647001e+02  -5.6573324e+01
   3.2700000e-02  -2.5567617e+02   3.1573772e+02  -4.7173895e+01
   3.2800000e-02  -2.6251225e+02   3.1390680e+02  -3.9361374e+01
   3.2900000e-02  -2.6812763e+02   3.1183173e+02  -2.8863301e+01
   3.3000000e-02  -2.7337680e+02   3.0865803e+02  -1.8121082e+01
   3.3100000e-02  -2.7777148e+02   3.0487397e+02  -7.0126470e+00
   3.3200000e-02  -2.8131168e+02   2.9986921e+02   3.9737230e+00
   3.3300000e-02  -2.8472980e+02   2.9376581e+02   1.4715958e+01
   3.3400000e-02  -2.8814793e+02   2.8631964e+02   2.4725776e+01
   3.3500000e-02  -2.9168813e+02   2.7814104e+02   3.4369388e+01
   3.3600000e-02  -2.9559455e+02   2.6959623e+02   4.3402654e+01
   3.3700000e-02  -2.9901268e+02   2.6092934e+02   5.2435925e+01
   3.3800000e-02  -3.0230874e+02   2.5177417e+02   6.1591272e+01
   3.3900000e-02  -3.0621516e+02   2.4310728e+02   7.0624553e+01
   3.4000000e-02  -3.0963330e+02   2.3456245e+02   7.9169558e+01
   3.4100000e-02  -3.1195281e+02   2.2638383e+02   8.8446991e+01
   3.4200000e-02  -3.1353989e+02   2.1832727e+02   9.8090639e+01
   3.4300000e-02  -3.1415041e+02   2.1014865e+02   1.0761222e+02
   3.4400000e-02  -3.1463887e+02   2.0148173e+02   1.1701174e+02
   3.4500000e-02  -3.1488318e+02   1.9257067e+02   1.2689954e+02
   3.4600000e-02  -3.1488336e+02   1.8329340e+02   1.3690942e+02
   3.4700000e-02  -3.1488353e+02   1.7364991e+02   1.4704137e+02
   3.4800000e-02  -3.1500577e+02   1.6364020e+02   1.5692919e+02
   3.4900000e-02  -3.1500595e+02   1.5350842e+02   1.6596252e+02
   3.5000000e-02  -3.1549440e+02   1.4398699e+02   1.7377515e+02
   3.5100000e-02  -3.1586079e+02   1.3385520e+02   1.8195400e+02
   3.5200000e-02  -3.1598303e+02   1.2445583e+02   1.9135355e+02
   3.5300000e-02  -3.1610527e+02   1.1517852e+02   1.9953240e+02
   3.5400000e-02  -3.1634958e+02   1.0590121e+02   2.0771126e+02
   3.5500000e-02  -3.1610561e+02   9.6501822e+01   2.1674462e+02
   3.5600000e-02  -3.1610578e+02   8.6858289e+01   2.2602212e+02
   3.5700000e-02  -3.1586180e+02   7.7214750e+01   2.3456720e+02
   3.5800000e-02  -3.1573990e+02   6.9646402e+01   2.4152537e+02
   3.5900000e-02  -3.1464143e+02   5.8171799e+01   2.4958217e+02
   3.6000000e-02  -3.1317675e+02   4.9016527e+01   2.5739484e+02
   3.6100000e-02  -3.1122378e+02   4.0349530e+01   2.6362060e+02
   3.6200000e-02  -3.0829425e+02   3.1438388e+01   2.6996843e+02
   3.6300000e-02  -3.0475437e+02   2.1306537e+01   2.7631627e+02
   3.6400000e-02  -3.0072620e+02   1.0442259e+01   2.8144340e+02
   3.6500000e-02  -2.9669803e+02  -4.2202351e-01   2.8547190e+02
   3.6600000e-02  -2.9205950e+02  -1.0798030e+01   2.8937834e+02
   3.6700000e-02  -2.8595613e+02  -2.1418183e+01   2.9291857e+02
   3.6800000e-02  -2.7887619e+02  -3.1305919e+01   2.9658086e+02
   3.6900000e-02  -2.7094176e+02  -4.0827450e+01   2.9975488e+02
   3.7000000e-02  -2.6227490e+02  -4.9860704e+01   3.0292891e+02
   3.7100000e-02  -2.5336390e+02  -5.9138104e+01   3.0549258e+02
   3.7200000e-02  -2.4420875e+02  -6.7927228e+01   3.0805625e+02
   3.7300000e-02  -2.3541981e+02  -7.6594286e+01   3.1061993e+02
   3.7400000e-02  -2.2626466e+02  -8.5261350e+01   3.1306153e+02
   3.7500000e-02  -2.1771985e+02  -9.4294629e+01   3.1477072e+02
   3.7600000e-02  -2.0917504e+02  -1.0357205e+02   3.1586955e+02
   3.7700000e-02  -2.0099644e+02  -1.1309362e+02   3.1635804e+02
   3.7800000e-02  -1.9184127e+02  -1.2212692e+02   3.1709066e+02
   3.7900000e-02  -1.8305231e+02  -1.3140436e+02   3.1745707e+02
   3.8000000e-02  -1.7365299e+02  -1.4055973e+02   3.1818970e+02
   3.8100000e-02  -1.6400952e+02  -1.5020339e+02   3.1855611e+02
   3.8200000e-02  -1.5497640e+02  -1.6021327e+02   3.1831218e+02
   3.8300000e-02  -1.4545500e+02  -1.6839209e+02   3.1916687e+02
   3.8400000e-02  -1.3581152e+02  -1.7583850e+02   3.1941122e+02
   3.8500000e-02  -1.2677839e+02  -1.8487182e+02   3.1965556e+02
   3.8600000e-02  -1.1786732e+02  -1.9402722e+02   3.1965576e+02
   3.8700000e-02  -1.0895625e+02  -2.0257227e+02   3.1965596e+02
   3.8800000e-02  -9.9678961e+01  -2.1123940e+02   3.1965616e+02
   3.8900000e-02  -9.0035457e+01  -2.2039481e+02   3.1953429e+02
   3.9000000e-02  -8.0514018e+01  -2.2869574e+02   3.1929034e+02
   3.9100000e-02  -7.3800192e+01  -2.3711873e+02   3.1892433e+02
   3.9200000e-02  -6.2325618e+01  -2.4578587e+02   3.1843624e+02
   3.9300000e-02  -5.1827602e+01  -2.5213368e+02   3.1916885e+02
   3.9400000e-02  -4.3160635e+01  -2.5872563e+02   3.1697178e+02
   3.9500000e-02  -3.4615733e+01  -2.6482931e+02   3.1453056e+02
   3.9600000e-02  -2.4972193e+01  -2.7032263e+02   3.1184520e+02
   3.9700000e-02  -1.4962437e+01  -2.7520561e+02   3.0818327e+02
   3.9800000e-02  -4.0981836e+00  -2.7935616e+02   3.0415513e+02
   3.9900000e-02   6.2777938e+00  -2.8350672e+02   2.9915042e+02
   4.0000000e-02   1.6775847e+01  -2.8777936e+02   2.9304708e+02
   4.0100000e-02   2.6785624e+01  -2.9205199e+02   2.8633339e+02
   4.0200000e-02   3.6062984e+01  -2.9656877e+02   2.7864312e+02
   4.0300000e-02   4.4974138e+01  -3.0108555e+02   2.7083079e+02
   4.0400000e-02   5.3763227e+01  -3.0499198e+02   2.6314052e+02
   4.0500000e-02   6.2674392e+01  -3.0804391e+02   2.5508404e+02
   4.0600000e-02   7.1829702e+01  -3.0999722e+02   2.4702755e+02
   4.0700000e-02   8.0618806e+01  -3.1134018e+02   2.3860485e+02
   4.0800000e-02   8.9774127e+01  -3.1219485e+02   2.3018214e+02
   4.0900000e-02   9.9539803e+01  -3.1268332e+02   2.2151529e+02
   4.1000000e-02   1.0930548e+02  -3.1304972e+02   2.1284844e+02
   4.1100000e-02   1.1894910e+02  -3.1329404e+02   2.0381537e+02
   4.1200000e-02   1.2847065e+02  -3.1366044e+02   1.9453815e+02
   4.1300000e-02   1.3787014e+02  -3.1414891e+02   1.8501679e+02
   4.1400000e-02   1.4714756e+02  -3.1451531e+02   1.7512922e+02
   4.1500000e-02   1.5630291e+02  -3.1463757e+02   1.6536370e+02
   4.1600000e-02   1.6545827e+02  -3.1488189e+02   1.5596440e+02
   4.1700000e-02   1.7339292e+02  -3.1524829e+02   1.4693130e+02
   4.1800000e-02   1.8132759e+02  -3.1549262e+02   1.3631129e+02
   4.1900000e-02   1.9109331e+02  -3.1561487e+02   1.2691197e+02
   4.2000000e-02   2.0049283e+02  -3.1585920e+02   1.1787885e+02
   4.2100000e-02   2.0952613e+02  -3.1585938e+02   1.0860160e+02
   4.2200000e-02   2.1868152e+02  -3.1537129e+02   9.9202262e+01
   4.2300000e-02   2.2795897e+02  -3.1683631e+02   8.7971868e+01
   4.2400000e-02   2.3601573e+02  -3.1585993e+02   7.8694594e+01
   4.2500000e-02   2.4224143e+02  -3.1683667e+02   7.0271807e+01
   4.2600000e-02   2.5029820e+02  -3.1586028e+02   5.8797256e+01
   4.2700000e-02   2.5615770e+02  -3.1476182e+02   5.0130318e+01
   4.2800000e-02   2.6201720e+02  -3.1366336e+02   4.1829585e+01
   4.2900000e-02   2.6702222e+02  -3.1183248e+02   3.2064003e+01
   4.3000000e-02   2.7153895e+02  -3.0890296e+02   2.1565994e+01
   4.3100000e-02   2.7568948e+02  -3.0524102e+02   1.0945909e+01
   4.3200000e-02   2.7898552e+02  -3.0048044e+02  -2.8453248e-01
   4.3300000e-02   2.8289191e+02  -2.9425501e+02  -1.1514980e+01
   4.3400000e-02   2.8655417e+02  -2.8668681e+02  -2.1158518e+01
   4.3500000e-02   2.9046056e+02  -2.7863032e+02  -3.1168273e+01
   4.3600000e-02   2.9448903e+02  -2.7032969e+02  -4.1300103e+01
   4.3700000e-02   2.9839543e+02  -2.6202905e+02  -5.0577446e+01
   4.3800000e-02   3.0205769e+02  -2.5385049e+02  -5.9854795e+01
   4.3900000e-02   3.0547582e+02  -2.4518363e+02  -6.8888008e+01
   4.4000000e-02   3.0828359e+02  -2.3688299e+02  -7.8165367e+01
   4.4100000e-02   3.1023687e+02  -2.2870441e+02  -8.7320661e+01
   4.4200000e-02   3.1145773e+02  -2.2052583e+02  -9.6964241e+01
   4.4300000e-02   3.1219031e+02  -2.1185896e+02  -1.0685197e+02
   4.4400000e-02   3.1255668e+02  -2.0294794e+02  -1.1649556e+02
   4.4500000e-02   3.1255684e+02  -1.9391486e+02  -1.2626122e+02
   4.4600000e-02   3.1267907e+02  -1.8451555e+02  -1.3614896e+02
   4.4700000e-02   3.1280130e+02  -1.7475003e+02  -1.4603671e+02
   4.4800000e-02   3.1292353e+02  -1.6498451e+02  -1.5604653e+02
   4.4900000e-02   3.1316783e+02  -1.5546312e+02  -1.6507979e+02
   4.5000000e-02   3.1377834e+02  -1.4606380e+02  -1.7264821e+02
   4.5100000e-02   3.1414471e+02  -1.3617619e+02  -1.8033871e+02
   4.5200000e-02   3.1438901e+02  -1.2616651e+02  -1.8949406e+02
   4.5300000e-02   3.1414502e+02  -1.1701131e+02  -1.9803905e+02
   4.5400000e-02   3.1414518e+02  -1.0773404e+02  -2.0646199e+02
   4.5500000e-02   3.1438948e+02  -9.7968484e+01  -2.1525113e+02
   4.5600000e-02   3.1426756e+02  -8.8447062e+01  -2.2416235e+02
   4.5700000e-02   3.1390150e+02  -7.9047705e+01  -2.3551499e+02
   4.5800000e-02   3.1365751e+02  -7.0258695e+01  -2.4381586e+02
   4.5900000e-02   3.1426801e+02  -6.0004836e+01  -2.4772221e+02
   4.6000000e-02   3.1304746e+02  -4.9628901e+01  -2.5590103e+02
   4.6100000e-02   3.1170483e+02  -4.0351593e+01  -2.6261500e+02
   4.6200000e-02   3.0914150e+02  -3.2172913e+01  -2.6896277e+02
   4.6300000e-02   3.0584574e+02  -2.2651455e+01  -2.7470018e+02
   4.6400000e-02   3.0193963e+02  -1.2031358e+01  -2.7958311e+02
   4.6500000e-02   2.9754523e+02  -1.1671156e+00  -2.8409983e+02
   4.6600000e-02   2.9266256e+02   9.2088510e+00  -2.8800620e+02
   4.6700000e-02   2.8668124e+02   1.9584823e+01  -2.9203464e+02
   4.6800000e-02   2.7984543e+02   2.9838729e+01  -2.9557481e+02
   4.6900000e-02   2.7203305e+02   3.9604360e+01  -2.9899290e+02
   4.7000000e-02   2.6385446e+02   4.9125855e+01  -3.0216686e+02
   4.7100000e-02   2.5506552e+02   5.8525286e+01  -3.0521875e+02
   4.7200000e-02   2.4591036e+02   6.7314369e+01  -3.0802650e+02
   4.7300000e-02   2.3699934e+02   7.5981388e+01  -3.1083425e+02
   4.7400000e-02   2.2796624e+02   8.4404271e+01  -3.1315372e+02
   4.7500000e-02   2.1954349e+02   9.3559580e+01  -3.1474077e+02
   4.7600000e-02   2.1124281e+02   1.0295904e+02  -3.1559540e+02
   4.7700000e-02   2.0269798e+02   1.1211436e+02  -3.1632796e+02
   4.7800000e-02   1.9403108e+02   1.2126968e+02  -3.1693845e+02
   4.7900000e-02   1.8512003e+02   1.3066915e+02  -3.1730480e+02
   4.8000000e-02   1.7620898e+02   1.4006862e+02  -3.1791529e+02
   4.8100000e-02   1.6668757e+02   1.4946810e+02  -3.1815957e+02
   4.8200000e-02   1.5704409e+02   1.5874552e+02  -3.1828178e+02
   4.8300000e-02   1.4776681e+02   1.6753465e+02  -3.1901434e+02
   4.8400000e-02   1.3873367e+02   1.7534723e+02  -3.1938069e+02
   4.8500000e-02   1.2945639e+02   1.8389224e+02  -3.1986911e+02
   4.8600000e-02   1.2017910e+02   1.9341381e+02  -3.1986925e+02
   4.8700000e-02   1.1077973e+02   2.0195882e+02  -3.1974731e+02
   4.8800000e-02   1.0162450e+02   2.1087005e+02  -3.1999159e+02
   4.8900000e-02   9.1004420e+01   2.2100198e+02  -3.2109036e+02
   4.9000000e-02   7.8675351e+01   2.3333119e+02  -3.2109049e+02
   4.9100000e-02   7.0252528e+01   2.3906860e+02  -3.2145684e+02
   4.9200000e-02   6.1463488e+01   2.4639292e+02  -3.1925970e+02
   4.9300000e-02   5.3651006e+01   2.5188620e+02  -3.1913776e+02
   4.9400000e-02   4.5716448e+01   2.5847811e+02  -3.1779511e+02
   4.9500000e-02   3.7659815e+01   2.6458175e+02  -3.1584211e+02
   4.9600000e-02   2.8626614e+01   2.6909847e+02  -3.1315669e+02
   4.9700000e-02   1.8983056e+01   2.7349313e+02  -3.0961677e+02
   4.9800000e-02   8.1187899e+00   2.7788779e+02  -3.0534443e+02
   4.9900000e-02  -2.3792705e+00   2.8216038e+02  -3.0009552e+02
   5.0000000e-02  -1.2999406e+01   2.8692125e+02  -2.9374798e+02
   5.0100000e-02  -2.3253337e+01   2.9168213e+02  -2.8666801e+02
   5.0200000e-02  -3.3629342e+01   2.9644301e+02  -2.7934390e+02
   5.0300000e-02  -4.3639142e+01   3.0108182e+02  -2.7140943e+02
   5.0400000e-02  -5.3404806e+01   3.0486614e+02  -2.6371910e+02
   5.0500000e-02  -6.2438054e+01   3.0816218e+02  -2.5602877e+02
   5.0600000e-02  -7.0983025e+01   3.1048166e+02  -2.4748394e+02
   5.0700000e-02  -7.9894213e+01   3.1182458e+02  -2.3918324e+02
   5.0800000e-02  -8.9049545e+01   3.1267921e+02  -2.3137083e+02
   5.0900000e-02  -9.8204883e+01   3.1316764e+02  -2.2294806e+02
   5.1000000e-02  -1.0748230e+02   3.1341193e+02  -2.1440321e+02
   5.1100000e-02  -1.1700385e+02   3.1341208e+02  -2.0573629e+02
   5.1200000e-02  -1.2652542e+02   3.1365637e+02  -1.9609280e+02
   5.1300000e-02  -1.3580284e+02   3.1377859e+02  -1.8608310e+02
   5.1400000e-02  -1.4532442e+02   3.1402288e+02  -1.7619547e+02
   5.1500000e-02  -1.5472392e+02   3.1426717e+02  -1.6618576e+02
   5.1600000e-02  -1.6400136e+02   3.1438939e+02  -1.5654225e+02
   5.1700000e-02  -1.7205811e+02   3.1499989e+02  -1.4689874e+02
   5.1800000e-02  -1.7999278e+02   3.1536625e+02  -1.3664488e+02
   5.1900000e-02  -1.8963645e+02   3.1561053e+02  -1.2724550e+02
   5.2000000e-02  -1.9928011e+02   3.1548861e+02  -1.1809025e+02
   5.2100000e-02  -2.0831344e+02   3.1561083e+02  -1.0856879e+02
   5.2200000e-02  -2.1734676e+02   3.1597718e+02  -9.8803190e+01
   5.2300000e-02  -2.2992013e+02   3.1597733e+02  -8.8915510e+01
   5.2400000e-02  -2.3748862e+02   3.1536712e+02  -8.0614739e+01
   5.2500000e-02  -2.4151707e+02   3.1683210e+02  -6.9506345e+01
   5.2600000e-02  -2.4896349e+02   3.1597775e+02  -5.9008298e+01
   5.2700000e-02  -2.5506715e+02   3.1548960e+02  -4.9975090e+01
   5.2800000e-02  -2.6141495e+02   3.1426903e+02  -4.1796368e+01
   5.2900000e-02  -2.6727447e+02   3.1219397e+02  -3.2274868e+01
   5.3000000e-02  -2.7203536e+02   3.0950856e+02  -2.1532659e+01
   5.3100000e-02  -2.7630797e+02   3.0596864e+02  -1.0790445e+01
   5.3200000e-02  -2.7972609e+02   3.0108596e+02   5.6212586e-01
   5.3300000e-02  -2.8314421e+02   2.9510463e+02   1.1548491e+01
   5.3400000e-02  -2.8668441e+02   2.8790261e+02   2.1924510e+01
   5.3500000e-02  -2.9046875e+02   2.8009022e+02   3.2178464e+01
   5.3600000e-02  -2.9449723e+02   2.7154541e+02   4.2066212e+01
   5.3700000e-02  -2.9828157e+02   2.6263439e+02   5.0977402e+01
   5.3800000e-02  -3.0194385e+02   2.5360129e+02   6.0132739e+01
   5.3900000e-02  -3.0572819e+02   2.4481233e+02   6.9166010e+01
   5.4000000e-02  -3.0926840e+02   2.3626751e+02   7.7833075e+01
   5.4100000e-02  -3.1195412e+02   2.2808889e+02   8.6866357e+01
   5.4200000e-02  -3.1317499e+02   2.1978820e+02   9.6265854e+01
   5.4300000e-02  -3.1390758e+02   2.1173165e+02   1.0578743e+02
   5.4400000e-02  -3.1439604e+02   2.0318681e+02   1.1506486e+02
   5.4500000e-02  -3.1464035e+02   1.9427576e+02   1.2495266e+02
   5.4600000e-02  -3.1476259e+02   1.8512056e+02   1.3484045e+02
   5.4700000e-02  -3.1500690e+02   1.7559914e+02   1.4472826e+02
   5.4800000e-02  -3.1500708e+02   1.6595565e+02   1.5473813e+02
   5.4900000e-02  -3.1525139e+02   1.5582388e+02   1.6389352e+02
   5.5000000e-02  -3.1549570e+02   1.4618038e+02   1.7207236e+02
   5.5100000e-02  -3.1586208e+02   1.3617066e+02   1.7988498e+02
   5.5200000e-02  -3.1598433e+02   1.2652715e+02   1.8928452e+02
   5.5300000e-02  -3.1598450e+02   1.1688364e+02   1.9807372e+02
   5.5400000e-02  -3.1622881e+02   1.0748426e+02   2.0637464e+02
   5.5500000e-02  -3.1598483e+02   9.8329021e+01   2.1540798e+02
   5.5600000e-02  -3.1622914e+02   8.8441351e+01   2.2419719e+02
   5.5700000e-02  -3.1683966e+02   7.7210904e+01   2.3469539e+02
   5.5800000e-02  -3.1647361e+02   6.7689435e+01   2.4372874e+02
   5.5900000e-02  -3.1598549e+02   6.0121086e+01   2.4934413e+02
   5.6000000e-02  -3.1403253e+02   5.0233397e+01   2.5654644e+02
   5.6100000e-02  -3.1146921e+02   4.1688475e+01   2.6326047e+02
   5.6200000e-02  -3.0841761e+02   3.3753900e+01   2.6960829e+02
   5.6300000e-02  -3.0536601e+02   2.4354476e+01   2.7485748e+02
   5.6400000e-02  -3.0145991e+02   1.4466765e+01   2.7949633e+02
   5.6500000e-02  -2.9767588e+02   3.6024869e+00   2.8340275e+02
   5.6600000e-02  -2.9340356e+02  -7.0176560e+00   2.8706503e+02
   5.6700000e-02  -2.8742226e+02  -1.7759875e+01   2.9084939e+02
   5.6800000e-02  -2.8034232e+02  -2.8257958e+01   2.9463375e+02
   5.6900000e-02  -2.7240789e+02  -3.8267765e+01   2.9817397e+02
   5.7000000e-02  -2.6398517e+02  -4.8155506e+01   3.0159213e+02
   5.7100000e-02  -2.5495210e+02  -5.7677042e+01   3.0464407e+02
   5.7200000e-02  -2.4591902e+02  -6.6832373e+01   3.0757395e+02
   5.7300000e-02  -2.3688594e+02  -7.5377356e+01   3.1038175e+02
   5.7400000e-02  -2.2797493e+02  -8.4044415e+01   3.1282335e+02
   5.7500000e-02  -2.1918598e+02  -9.2955620e+01   3.1477666e+02
   5.7600000e-02  -2.1112945e+02  -1.0235511e+02   3.1575342e+02
   5.7700000e-02  -2.0282878e+02  -1.1163254e+02   3.1636396e+02
   5.7800000e-02  -1.9367361e+02  -1.2042168e+02   3.1697451e+02
   5.7900000e-02  -1.8464050e+02  -1.2921084e+02   3.1734091e+02
   5.8000000e-02  -1.7548532e+02  -1.3812207e+02   3.1795146e+02
   5.8100000e-02  -1.6608600e+02  -1.4776572e+02   3.1831786e+02
   5.8200000e-02  -1.5693081e+02  -1.5753145e+02   3.1831806e+02
   5.8300000e-02  -1.4777562e+02  -1.6607648e+02   3.1892860e+02
   5.8400000e-02  -1.3837628e+02  -1.7388910e+02   3.1917294e+02
   5.8500000e-02  -1.2922108e+02  -1.8255621e+02   3.1966141e+02
   5.8600000e-02  -1.1994380e+02  -1.9219988e+02   3.1978367e+02
   5.8700000e-02  -1.1091066e+02  -2.0111114e+02   3.1978387e+02
   5.8800000e-02  -1.0151130e+02  -2.1002240e+02   3.1978406e+02
   5.8900000e-02  -9.1989864e+01  -2.1942195e+02   3.1954010e+02
   5.9000000e-02  -8.2224284e+01  -2.3162912e+02   3.1844166e+02
   5.9100000e-02  -7.4289755e+01  -2.3748864e+02   3.1966255e+02
   5.9200000e-02  -6.2815181e+01  -2.4371437e+02   3.1917445e+02
   5.9300000e-02  -5.3782008e+01  -2.5067252e+02   3.1856428e+02
   5.9400000e-02  -4.5115041e+01  -2.5726447e+02   3.1709962e+02
   5.9500000e-02  -3.6570139e+01  -2.6373435e+02   3.1478046e+02
   5.9600000e-02  -2.7414880e+01  -2.6910560e+02   3.1185095e+02
   5.9700000e-02  -1.7893405e+01  -2.7362236e+02   3.0855523e+02
   5.9800000e-02  -7.2732924e+00  -2.7789498e+02   3.0489329e+02
   5.9900000e-02   2.9806148e+00  -2.8204554e+02   3.0001064e+02
   6.0000000e-02   1.3966949e+01  -2.8619610e+02   2.9427350e+02
   6.0100000e-02   2.4098796e+01  -2.9059080e+02   2.8768187e+02
   6.0200000e-02   3.3742368e+01  -2.9522964e+02   2.8047988e+02
   6.0300000e-02   4.2897663e+01  -2.9986849e+02   2.7303375e+02
   6.0400000e-02   5.2052963e+01  -3.0401905e+02   2.6509933e+02
   6.0500000e-02   6.1330339e+01  -3.0719306e+02   2.5667663e+02
   6.0600000e-02   7.0485649e+01  -3.0939050e+02   2.4862013e+02
   6.0700000e-02   7.9518894e+01  -3.1097759e+02   2.4007535e+02
   6.0800000e-02   8.8430074e+01  -3.1207641e+02   2.3153057e+02
   6.0900000e-02   9.7951610e+01  -3.1280901e+02   2.2347406e+02
   6.1000000e-02   1.0747315e+02  -3.1317540e+02   2.1492927e+02
   6.1100000e-02   1.1699470e+02  -3.1341973e+02   2.0650654e+02
   6.1200000e-02   1.2627211e+02  -3.1366405e+02   1.9735139e+02
   6.1300000e-02   1.3554952e+02  -3.1427459e+02   1.8758588e+02
   6.1400000e-02   1.4482694e+02  -3.1439684e+02   1.7745415e+02
   6.1500000e-02   1.5422644e+02  -3.1451909e+02   1.6744449e+02
   6.1600000e-02   1.6350386e+02  -3.1476342e+02   1.5755690e+02
   6.1700000e-02   1.7204887e+02  -3.1512981e+02   1.4852379e+02
   6.1800000e-02   1.7986147e+02  -3.1525206e+02   1.3826998e+02
   6.1900000e-02   1.8938305e+02  -3.1549639e+02   1.2874858e+02
   6.2000000e-02   1.9878257e+02  -3.1598485e+02   1.1971546e+02
   6.2100000e-02   2.0781587e+02  -3.1598503e+02   1.1056026e+02
   6.2200000e-02   2.1697126e+02  -3.1586314e+02   1.0091678e+02
   6.2300000e-02   2.2649285e+02  -3.1683988e+02   8.9808447e+01
   6.2400000e-02   2.3821172e+02  -3.1769455e+02   7.6869056e+01
   6.2500000e-02   2.4297258e+02  -3.1684023e+02   6.9178682e+01
   6.2600000e-02   2.4993071e+02  -3.1586384e+02   6.0267600e+01
   6.2700000e-02   2.5615643e+02  -3.1476538e+02   5.1844794e+01
   6.2800000e-02   2.6177179e+02  -3.1378899e+02   4.3177842e+01
   6.2900000e-02   2.6653267e+02  -3.1232431e+02   3.4877095e+01
   6.3000000e-02   2.7068319e+02  -3.0951686e+02   2.5111500e+01
   6.3100000e-02   2.7410130e+02  -3.0597698e+02   1.4613477e+01
   6.3200000e-02   2.7739734e+02  -3.0121640e+02   3.5050974e+00
   6.3300000e-02   2.8105959e+02  -2.9486890e+02  -7.6032876e+00
   6.3400000e-02   2.8472185e+02  -2.8778897e+02  -1.8101326e+01
   6.3500000e-02   2.8862824e+02  -2.8022076e+02  -2.8477300e+01
   6.3600000e-02   2.9277878e+02  -2.7192013e+02  -3.9097420e+01
   6.3700000e-02   2.9680725e+02  -2.6386363e+02  -4.9351334e+01
   6.3800000e-02   3.0107987e+02  -2.5568506e+02  -5.8750761e+01
   6.3900000e-02   3.0462006e+02  -2.4714028e+02  -6.8028124e+01
   6.4000000e-02   3.0779405e+02  -2.3835135e+02  -7.7183421e+01
   6.4100000e-02   3.0986940e+02  -2.3017277e+02  -8.6338723e+01
   6.4200000e-02   3.1121233e+02  -2.2187211e+02  -9.5616100e+01
   6.4300000e-02   3.1194491e+02  -2.1332731e+02  -1.0513762e+02
   6.4400000e-02   3.1243335e+02  -2.0478250e+02  -1.1453708e+02
   6.4500000e-02   3.1267765e+02  -1.9599355e+02  -1.2381447e+02
   6.4600000e-02   3.1292195e+02  -1.8671632e+02  -1.3321394e+02
   6.4700000e-02   3.1304418e+02  -1.7731701e+02  -1.4310169e+02
   6.4800000e-02   3.1316642e+02  -1.6755148e+02  -1.5323359e+02
   6.4900000e-02   3.1353279e+02  -1.5766388e+02  -1.6263308e+02
   6.5000000e-02   3.1389916e+02  -1.4777627e+02  -1.7068979e+02
   6.5100000e-02   3.1414346e+02  -1.3776659e+02  -1.7813615e+02
   6.5200000e-02   3.1426569e+02  -1.2739070e+02  -1.8729151e+02
   6.5300000e-02   3.1402171e+02  -1.1823550e+02  -1.9656894e+02
   6.5400000e-02   3.1414394e+02  -1.0920236e+02  -2.0474774e+02
   6.5500000e-02   3.1438823e+02  -9.9925084e+01  -2.1341482e+02
   6.5600000e-02   3.1426632e+02  -9.0647800e+01  -2.2257019e+02
   6.5700000e-02   3.1365612e+02  -8.1492581e+01  -2.3465525e+02
   6.5800000e-02   3.1353420e+02  -7.2459428e+01  -2.4246786e+02
   6.5900000e-02   3.1475506e+02  -6.2449706e+01  -2.4588594e+02
   6.6000000e-02   3.1341243e+02  -5.1707557e+01  -2.5418683e+02
   6.6100000e-02   3.1219188e+02  -4.2308177e+01  -2.6114495e+02
   6.6200000e-02   3.0987269e+02  -3.4007424e+01  -2.6785894e+02
   6.6300000e-02   3.0694314e+02  -2.4608033e+01  -2.7347429e+02
   6.6400000e-02   3.0303703e+02  -1.4110004e+01  -2.7811309e+02
   6.6500000e-02   2.9876471e+02  -3.3678296e+00  -2.8275189e+02
   6.6600000e-02   2.9400410e+02   7.0081396e+00  -2.8665827e+02
   6.6700000e-02   2.8814486e+02   1.7384114e+01  -2.9080879e+02
   6.6800000e-02   2.8130905e+02   2.7760094e+01  -2.9459310e+02
   6.6900000e-02   2.7349668e+02   3.7525727e+01  -2.9825535e+02
   6.7000000e-02   2.6519602e+02   4.7413436e+01  -3.0155138e+02
   6.7100000e-02   2.5652915e+02   5.6812869e+01  -3.0460328e+02
   6.7200000e-02   2.4712985e+02   6.5724025e+01  -3.0765518e+02
   6.7300000e-02   2.3846297e+02   7.4513117e+01  -3.1034087e+02
   6.7400000e-02   2.2955194e+02   8.3058073e+01  -3.1266035e+02
   6.7500000e-02   2.2112920e+02   9.2091315e+01  -3.1436948e+02
   6.7600000e-02   2.1282852e+02   1.0112456e+02  -3.1522412e+02
   6.7700000e-02   2.0440576e+02   1.1003574e+02  -3.1607876e+02
   6.7800000e-02   1.9598300e+02   1.1894693e+02  -3.1656719e+02
   6.7900000e-02   1.8719403e+02   1.2798019e+02  -3.1705562e+02
   6.8000000e-02   1.7828298e+02   1.3737967e+02  -3.1766612e+02
   6.8100000e-02   1.6900571e+02   1.4690122e+02  -3.1791041e+02
   6.8200000e-02   1.5936223e+02   1.5666692e+02  -3.1827677e+02
   6.8300000e-02   1.4984082e+02   1.6570020e+02  -3.1888727e+02
   6.8400000e-02   1.4068561e+02   1.7387899e+02  -3.1937570e+02
   6.8500000e-02   1.3104211e+02   1.8242400e+02  -3.1961999e+02
   6.8600000e-02   1.2139861e+02   1.9218971e+02  -3.1986427e+02
   6.8700000e-02   1.1212132e+02   2.0097887e+02  -3.1974235e+02
   6.8800000e-02   1.0296609e+02   2.0952389e+02  -3.1998664e+02
   6.8900000e-02   9.2956368e+01   2.1880133e+02  -3.2047506e+02
   6.9000000e-02   8.2214216e+01   2.2820085e+02  -3.2120763e+02
   6.9100000e-02   7.5134168e+01   2.3503690e+02  -3.2096363e+02
   6.9200000e-02   6.4636146e+01   2.4382607e+02  -3.1913272e+02
   6.9300000e-02   5.6335385e+01   2.5066213e+02  -3.1901078e+02
   6.9400000e-02   4.8034618e+01   2.5688783e+02  -3.1803436e+02
   6.9500000e-02   3.9733846e+01   2.6335768e+02  -3.1620344e+02
   6.9600000e-02   3.0090296e+01   2.6885097e+02  -3.1388424e+02
   6.9700000e-02   1.9958459e+01   2.7361184e+02  -3.1046640e+02
   6.9800000e-02   9.0941956e+00   2.7788443e+02  -3.0656028e+02
   6.9900000e-02  -1.6480031e+00   2.8191289e+02  -3.0131138e+02
   7.0000000e-02  -1.1901926e+01   2.8606341e+02  -2.9520799e+02
   7.0100000e-02  -2.2155854e+01   2.9070222e+02  -2.8800596e+02
   7.0200000e-02  -3.2043576e+01   2.9546310e+02  -2.8055978e+02
   7.0300000e-02  -4.1931303e+01   3.0010192e+02  -2.7286947e+02
   7.0400000e-02  -5.1330754e+01   3.0388624e+02  -2.6542329e+02
   7.0500000e-02  -5.9997789e+01   3.0742643e+02  -2.5761089e+02
   7.0600000e-02  -6.8420687e+01   3.1011212e+02  -2.4955436e+02
   7.0700000e-02  -7.7331873e+01   3.1157711e+02  -2.4137574e+02
   7.0800000e-02  -8.6365133e+01   3.1255382e+02  -2.3319713e+02
   7.0900000e-02  -9.5764609e+01   3.1316433e+02  -2.2477437e+02
   7.1000000e-02  -1.0516409e+02   3.1353069e+02  -2.1598539e+02
   7.1100000e-02  -1.1492979e+02   3.1365291e+02  -2.0719641e+02
   7.1200000e-02  -1.2457342e+02   3.1377513e+02  -1.9791915e+02
   7.1300000e-02  -1.3397291e+02   3.1389736e+02  -1.8803153e+02
   7.1400000e-02  -1.4386069e+02   3.1377544e+02  -1.7838804e+02
   7.1500000e-02  -1.5313813e+02   3.1401973e+02  -1.6850041e+02
   7.1600000e-02  -1.6253764e+02   3.1401988e+02  -1.5873485e+02
   7.1700000e-02  -1.7096059e+02   3.1463039e+02  -1.4896928e+02
   7.1800000e-02  -1.7865112e+02   3.1499675e+02  -1.3883749e+02
   7.1900000e-02  -1.8792857e+02   3.1536312e+02  -1.2894984e+02
   7.2000000e-02  -1.9757224e+02   3.1536327e+02  -1.1991668e+02
   7.2100000e-02  -2.0636142e+02   3.1560756e+02  -1.1076144e+02
   7.2200000e-02  -2.1563888e+02   3.1585185e+02  -1.0123999e+02
   7.2300000e-02  -2.2857846e+02   3.1585199e+02  -9.1474391e+01
   7.2400000e-02  -2.4188425e+02   3.1719491e+02  -7.7680466e+01
   7.2500000e-02  -2.4310508e+02   3.1707299e+02  -6.9013490e+01
   7.2600000e-02  -2.4872045e+02   3.1621864e+02  -6.0468578e+01
   7.2700000e-02  -2.5494617e+02   3.1499808e+02  -5.2167802e+01
   7.2800000e-02  -2.6080569e+02   3.1402165e+02  -4.3378740e+01
   7.2900000e-02  -2.6593278e+02   3.1267902e+02  -3.5077953e+01
   7.3000000e-02  -2.6996125e+02   3.1023775e+02  -2.5190248e+01
   7.3100000e-02  -2.7362351e+02   3.0694198e+02  -1.4692185e+01
   7.3200000e-02  -2.7679749e+02   3.0230344e+02  -3.3396250e+00
   7.3300000e-02  -2.8045975e+02   2.9632212e+02   8.1350106e+00
   7.3400000e-02  -2.8399995e+02   2.8924217e+02   1.8633089e+01
   7.3500000e-02  -2.8790635e+02   2.8130772e+02   2.9497384e+01
   7.3600000e-02  -2.9254519e+02   2.7276291e+02   4.0117543e+01
   7.3700000e-02  -2.9669574e+02   2.6421810e+02   4.9639074e+01
   7.3800000e-02  -3.0072422e+02   2.5567329e+02   5.8916470e+01
   7.3900000e-02  -3.0499685e+02   2.4688434e+02   6.7949731e+01
   7.4000000e-02  -3.0878119e+02   2.3809538e+02   7.6738856e+01
   7.4100000e-02  -3.1158898e+02   2.2967263e+02   8.5650056e+01
   7.4200000e-02  -3.1293192e+02   2.2173815e+02   9.4805402e+01
   7.4300000e-02  -3.1378658e+02   2.1343746e+02   1.0420489e+02
   7.4400000e-02  -3.1439710e+02   2.0477056e+02   1.1336025e+02
   7.4500000e-02  -3.1464142e+02   1.9610365e+02   1.2300389e+02
   7.4600000e-02  -3.1488573e+02   1.8694845e+02   1.3252547e+02
   7.4700000e-02  -3.1500797e+02   1.7767118e+02   1.4241326e+02
   7.4800000e-02  -3.1513021e+02   1.6802770e+02   1.5217899e+02
   7.4900000e-02  -3.1525245e+02   1.5789593e+02   1.6157851e+02
   7.5000000e-02  -3.1561883e+02   1.4800829e+02   1.7012354e+02
   7.5100000e-02  -3.1574107e+02   1.3824272e+02   1.7781408e+02
   7.5200000e-02  -3.1598539e+02   1.2835508e+02   1.8696947e+02
   7.5300000e-02  -3.1610763e+02   1.1858950e+02   1.9624694e+02
   7.5400000e-02  -3.1622986e+02   1.0931220e+02   2.0454785e+02
   7.5500000e-02  -3.1598589e+02   1.0040110e+02   2.1345911e+02
   7.5600000e-02  -3.1623020e+02   9.0635508e+01   2.2261452e+02
   7.5700000e-02  -3.1696278e+02   8.0015417e+01   2.3250235e+02
   7.5800000e-02  -3.1671881e+02   7.1104305e+01   2.3946050e+02
   7.5900000e-02  -3.1623069e+02   6.2803540e+01   2.4678487e+02
   7.6000000e-02  -3.1403358e+02   5.2061363e+01   2.5532994e+02
   7.6100000e-02  -3.1232476e+02   4.3272306e+01   2.6167775e+02
   7.6200000e-02  -3.0963936e+02   3.5337735e+01   2.6814763e+02
   7.6300000e-02  -3.0658776e+02   2.5938316e+01   2.7376302e+02
   7.6400000e-02  -3.0292580e+02   1.5562329e+01   2.7852392e+02
   7.6500000e-02  -2.9889763e+02   5.0642671e+00   2.8255241e+02
   7.6600000e-02  -2.9462531e+02  -5.3117302e+00   2.8633675e+02
   7.6700000e-02  -2.8864401e+02  -1.5687733e+01   2.9012110e+02
   7.6800000e-02  -2.8193028e+02  -2.6307881e+01   2.9427166e+02
   7.6900000e-02  -2.7411792e+02  -3.6317683e+01   2.9768980e+02
   7.7000000e-02  -2.6593934e+02  -4.6327490e+01   3.0098587e+02
   7.7100000e-02  -2.5690627e+02  -5.5726951e+01   3.0428195e+02
   7.7200000e-02  -2.4799526e+02  -6.4882276e+01   3.0708974e+02
   7.7300000e-02  -2.3908425e+02  -7.3671395e+01   3.0977547e+02
   7.7400000e-02  -2.2968496e+02  -8.2216379e+01   3.1246120e+02
   7.7500000e-02  -2.2077394e+02  -9.1249649e+01   3.1417036e+02
   7.7600000e-02  -2.1247327e+02  -1.0040499e+02   3.1539125e+02
   7.7700000e-02  -2.0417260e+02  -1.0968241e+02   3.1600178e+02
   7.7800000e-02  -1.9538364e+02  -1.1859363e+02   3.1661232e+02
   7.7900000e-02  -1.8671674e+02  -1.2762692e+02   3.1697871e+02
   7.8000000e-02  -1.7756156e+02  -1.3629400e+02   3.1771132e+02
   7.8100000e-02  -1.6828431e+02  -1.4544937e+02   3.1819978e+02
   7.8200000e-02  -1.5949533e+02  -1.5558131e+02   3.1807790e+02
   7.8300000e-02  -1.4972978e+02  -1.6437047e+02   3.1905464e+02
   7.8400000e-02  -1.4069666e+02  -1.7242722e+02   3.1917690e+02
   7.8500000e-02  -1.3093110e+02  -1.8060604e+02   3.1954329e+02
   7.8600000e-02  -1.2128761e+02  -1.9037179e+02   3.2003176e+02
   7.8700000e-02  -1.1213240e+02  -1.9940511e+02   3.1978780e+02
   7.8800000e-02  -1.0273304e+02  -2.0807223e+02   3.1954384e+02
   7.8900000e-02  -9.3333677e+01  -2.1771591e+02   3.1929988e+02
   7.9000000e-02  -8.3446027e+01  -2.3199827e+02   3.1832349e+02
   7.9100000e-02  -7.4779075e+01  -2.3736950e+02   3.1942230e+02
   7.9200000e-02  -6.5257626e+01  -2.4237452e+02   3.1954455e+02
   7.9300000e-02  -5.5614102e+01  -2.4945474e+02   3.1856816e+02
   7.9400000e-02  -4.7313345e+01  -2.5616876e+02   3.1710349e+02
   7.9500000e-02  -3.9012584e+01  -2.6251656e+02   3.1515053e+02
   7.9600000e-02  -3.0345606e+01  -2.6800988e+02   3.1246515e+02
   7.9700000e-02  -2.1068272e+01  -2.7252664e+02   3.0941356e+02
   7.9800000e-02  -1.0570229e+01  -2.7643304e+02   3.0611782e+02
   7.9900000e-02  -7.2181074e-02  -2.8070566e+02   3.0123517e+02
   8.0000000e-02   1.0303802e+01  -2.8522243e+02   2.9537595e+02
   8.0100000e-02   2.1778423e+01  -2.8961712e+02   2.8915052e+02
   8.0200000e-02   3.2032346e+01  -2.9401182e+02   2.8170438e+02
   8.0300000e-02   4.1675922e+01  -2.9877273e+02   2.7389202e+02
   8.0400000e-02   5.1319504e+01  -3.0304537e+02   2.6607967e+02
   8.0500000e-02   6.0474809e+01  -3.0682972e+02   2.5790110e+02
   8.0600000e-02   6.9630120e+01  -3.0939337e+02   2.5008873e+02
   8.0700000e-02   7.8541295e+01  -3.1110253e+02   2.4203222e+02
   8.0800000e-02   8.7452475e+01  -3.1207927e+02   2.3385364e+02
   8.0900000e-02   9.6241590e+01  -3.1293393e+02   2.2543091e+02
   8.1000000e-02   1.0551899e+02  -3.1317825e+02   2.1700818e+02
   8.1100000e-02   1.1479640e+02  -3.1342257e+02   2.0809717e+02
   8.1200000e-02   1.2407381e+02  -3.1366689e+02   1.9881993e+02
   8.1300000e-02   1.3322915e+02  -3.1415535e+02   1.8905442e+02
   8.1400000e-02   1.4250657e+02  -3.1439967e+02   1.7904475e+02
   8.1500000e-02   1.5178399e+02  -3.1439985e+02   1.6927923e+02
   8.1600000e-02   1.6106142e+02  -3.1452210e+02   1.5951369e+02
   8.1700000e-02   1.6948436e+02  -3.1488849e+02   1.5023644e+02
   8.1800000e-02   1.7741903e+02  -3.1525488e+02   1.4059297e+02
   8.1900000e-02   1.8681854e+02  -3.1549920e+02   1.3070535e+02
   8.2000000e-02   1.9658427e+02  -3.1598766e+02   1.2106187e+02
   8.2100000e-02   2.0622793e+02  -3.1598784e+02   1.1215080e+02
   8.2200000e-02   2.1538331e+02  -3.1598801e+02   1.0238524e+02
   8.2300000e-02   2.2490491e+02  -3.1598819e+02   9.2253463e+01
   8.2400000e-02   2.3369409e+02  -3.1623250e+02   8.1999610e+01
   8.2500000e-02   2.3857702e+02  -3.1623267e+02   7.5041649e+01
   8.2600000e-02   2.4700000e+02  -3.1623284e+02   6.3933293e+01
   8.2700000e-02   2.5395813e+02  -3.1525644e+02   5.3801494e+01
   8.2800000e-02   2.5957350e+02  -3.1440212e+02   4.4280041e+01
   8.2900000e-02   2.6506679e+02  -3.1281537e+02   3.6101357e+01
   8.3000000e-02   2.7043802e+02  -3.1000791e+02   2.5847471e+01
   8.3100000e-02   2.7483269e+02  -3.0622389e+02   1.4861159e+01
   8.3200000e-02   2.7837287e+02  -3.0182951e+02   3.5086299e+00
   8.3300000e-02   2.8191306e+02  -2.9621443e+02  -7.5997637e+00
   8.3400000e-02   2.8533117e+02  -2.8986693e+02  -1.7853670e+01
   8.3500000e-02   2.8874929e+02  -2.8266492e+02  -2.7741372e+01
   8.3600000e-02   2.9289983e+02  -2.7424222e+02  -3.7384937e+01
   8.3700000e-02   2.9631795e+02  -2.6618572e+02  -4.7150579e+01
   8.3800000e-02   3.0046850e+02  -2.5739679e+02  -5.5573452e+01
   8.3900000e-02   3.0388662e+02  -2.4872993e+02  -6.5094963e+01
   8.4000000e-02   3.0706061e+02  -2.3994100e+02  -7.4128199e+01
   8.4100000e-02   3.0938010e+02  -2.3139620e+02  -8.3161439e+01
   8.4200000e-02   3.1084510e+02  -2.2333968e+02  -9.2682966e+01
   8.4300000e-02   3.1182183e+02  -2.1491695e+02  -1.0232657e+02
   8.4400000e-02   3.1243234e+02  -2.0637214e+02  -1.1209225e+02
   8.4500000e-02   3.1267664e+02  -1.9782733e+02  -1.2173586e+02
   8.4600000e-02   3.1279887e+02  -1.8879423e+02  -1.3150154e+02
   8.4700000e-02   3.1292110e+02  -1.7927284e+02  -1.4163345e+02
   8.4800000e-02   3.1316541e+02  -1.6938524e+02  -1.5164328e+02
   8.4900000e-02   3.1316557e+02  -1.5961971e+02  -1.6165313e+02
   8.5000000e-02   3.1353194e+02  -1.4985417e+02  -1.6995399e+02
   8.5100000e-02   3.1389831e+02  -1.3972242e+02  -1.7715622e+02
   8.5200000e-02   3.1402055e+02  -1.2995687e+02  -1.8618951e+02
   8.5300000e-02   3.1402071e+02  -1.2067960e+02  -1.9510074e+02
   8.5400000e-02   3.1389880e+02  -1.1164646e+02  -2.0327955e+02
   8.5500000e-02   3.1426516e+02  -1.0212504e+02  -2.1170250e+02
   8.5600000e-02   3.1426532e+02  -9.2603609e+01  -2.2061374e+02
   8.5700000e-02   3.1414341e+02  -8.3204246e+01  -2.2964706e+02
   8.5800000e-02   3.1377735e+02  -7.4781441e+01  -2.3782588e+02
   8.5900000e-02   3.1414371e+02  -6.6846911e+01  -2.4527229e+02
   8.6000000e-02   3.1377766e+02  -5.3663353e+01  -2.5223041e+02
   8.6100000e-02   3.1255710e+02  -4.3775689e+01  -2.5931062e+02
   8.6200000e-02   3.1023791e+02  -3.5719073e+01  -2.6614668e+02
   8.6300000e-02   3.0743044e+02  -2.6441749e+01  -2.7225033e+02
   8.6400000e-02   3.0352433e+02  -1.6065788e+01  -2.7774362e+02
   8.6500000e-02   2.9949615e+02  -5.0794688e+00  -2.8226036e+02
   8.6600000e-02   2.9461348e+02   5.2965036e+00  -2.8653296e+02
   8.6700000e-02   2.8912045e+02   1.5672481e+01  -2.9056142e+02
   8.6800000e-02   2.8252878e+02   2.6048464e+01  -2.9434574e+02
   8.6900000e-02   2.7496055e+02   3.5569960e+01  -2.9813007e+02
   8.7000000e-02   2.6714817e+02   4.5213532e+01  -3.0142611e+02
   8.7100000e-02   2.5860337e+02   5.4490897e+01  -3.0447802e+02
   8.7200000e-02   2.4932615e+02   6.3646198e+01  -3.0728579e+02
   8.7300000e-02   2.4029306e+02   7.2313222e+01  -3.1009356e+02
   8.7400000e-02   2.3113790e+02   8.0736111e+01  -3.1229098e+02
   8.7500000e-02   2.2247101e+02   8.9525216e+01  -3.1400011e+02
   8.7600000e-02   2.1368205e+02   9.8680537e+01  -3.1497683e+02
   8.7700000e-02   2.0538137e+02   1.0771379e+02  -3.1583148e+02
   8.7800000e-02   1.9708068e+02   1.1686912e+02  -3.1668613e+02
   8.7900000e-02   1.8841378e+02   1.2614653e+02  -3.1717457e+02
   8.8000000e-02   1.7986894e+02   1.3554601e+02  -3.1778508e+02
   8.8100000e-02   1.7107996e+02   1.4543378e+02  -3.1802938e+02
   8.8200000e-02   1.6119234e+02   1.5507741e+02  -3.1863989e+02
   8.8300000e-02   1.5191507e+02   1.6435483e+02  -3.1888419e+02
   8.8400000e-02   1.4275987e+02   1.7228948e+02  -3.1973884e+02
   8.8500000e-02   1.3323844e+02   1.8059035e+02  -3.1973900e+02
   8.8600000e-02   1.2383909e+02   1.9011193e+02  -3.2010537e+02
   8.8700000e-02   1.1456180e+02   1.9877902e+02  -3.1973931e+02
   8.8800000e-02   1.0565071e+02   2.0707990e+02  -3.1961740e+02
   8.8900000e-02   9.5763059e+01   2.1586907e+02  -3.2010583e+02
   8.9000000e-02   8.5631260e+01   2.2453617e+02  -3.2022806e+02
   8.9100000e-02   7.7574653e+01   2.3210465e+02  -3.2059442e+02
   8.9200000e-02   6.6954563e+01   2.4101589e+02  -3.1974008e+02
   8.9300000e-02   5.7921382e+01   2.4858437e+02  -3.1937401e+02
   8.9400000e-02   4.8888197e+01   2.5566457e+02  -3.1864174e+02
   8.9500000e-02   3.9977076e+01   2.6213443e+02  -3.1717704e+02
   8.9600000e-02   3.0821809e+01   2.6836014e+02  -3.1436957e+02
   8.9700000e-02   2.0567905e+01   2.7324309e+02  -3.1144002e+02
   8.9800000e-02   9.7036436e+00   2.7788189e+02  -3.0741184e+02
   8.9900000e-02  -5.5027137e-01   2.8166621e+02  -3.0240709e+02
   9.0000000e-02  -1.0315910e+01   2.8557260e+02  -2.9630371e+02
   9.0100000e-02  -1.9837414e+01   2.8984520e+02  -2.8934583e+02
   9.0200000e-02  -2.9236852e+01   2.9436195e+02  -2.8214381e+02
   9.0300000e-02  -3.8636295e+01   2.9912284e+02  -2.7457557e+02
   9.0400000e-02  -4.8035744e+01   3.0327337e+02  -2.6712940e+02
   9.0500000e-02  -5.7068987e+01   3.0693563e+02  -2.5943909e+02
   9.0600000e-02  -6.5736024e+01   3.0986547e+02  -2.5126049e+02
   9.0700000e-02  -7.4769276e+01   3.1157461e+02  -2.4295982e+02
   9.0800000e-02  -8.4168745e+01   3.1242925e+02  -2.3465914e+02
   9.0900000e-02  -9.3568219e+01   3.1303976e+02  -2.2623639e+02
   9.1000000e-02  -1.0284563e+02   3.1352820e+02  -2.1781364e+02
   9.1100000e-02  -1.1261132e+02   3.1365042e+02  -2.0902467e+02
   9.1200000e-02  -1.2237702e+02   3.1352851e+02  -1.9999155e+02
   9.1300000e-02  -1.3214272e+02   3.1352867e+02  -1.9034808e+02
   9.1400000e-02  -1.4166429e+02   3.1365090e+02  -1.8046047e+02
   9.1500000e-02  -1.5143000e+02   3.1377312e+02  -1.7057285e+02
   9.1600000e-02  -1.6107365e+02   3.1389535e+02  -1.6068522e+02
   9.1700000e-02  -1.6974074e+02   3.1413965e+02  -1.5091966e+02
   9.1800000e-02  -1.7743127e+02   3.1499430e+02  -1.4066582e+02
   9.1900000e-02  -1.8634251e+02   3.1548274e+02  -1.3090025e+02
   9.2000000e-02  -1.9586410e+02   3.1536082e+02  -1.2186710e+02
   9.2100000e-02  -2.0453121e+02   3.1560512e+02  -1.1283394e+02
   9.2200000e-02  -2.1307625e+02   3.1584941e+02  -1.0319043e+02
   9.2300000e-02  -2.2235371e+02   3.1584956e+02  -9.3546911e+01
   9.2400000e-02  -2.3126497e+02   3.1584972e+02  -8.3781317e+01
   9.2500000e-02  -2.3883346e+02   3.1523951e+02  -7.7311617e+01
   9.2600000e-02  -2.4627988e+02   3.1597208e+02  -6.5348747e+01
   9.2700000e-02  -2.5177318e+02   3.1633844e+02  -5.3263802e+01
   9.2800000e-02  -2.5824304e+02   3.1499581e+02  -4.4230609e+01
   9.2900000e-02  -2.6471291e+02   3.1328697e+02  -3.6051903e+01
   9.3000000e-02  -2.7032829e+02   3.1096777e+02  -2.5431786e+01
   9.3100000e-02  -2.7508918e+02   3.0754994e+02  -1.4323382e+01
   9.3200000e-02  -2.7899557e+02   3.0315555e+02  -3.0929026e+00
   9.3300000e-02  -2.8229163e+02   2.9766251e+02   8.1375820e+00
   9.3400000e-02  -2.8558768e+02   2.9094878e+02   1.8513580e+01
   9.3500000e-02  -2.8900580e+02   2.8338054e+02   2.8523372e+01
   9.3600000e-02  -2.9266807e+02   2.7520195e+02   3.8289029e+01
   9.3700000e-02  -2.9645241e+02   2.6641301e+02   4.7322268e+01
   9.3800000e-02  -3.0023675e+02   2.5762407e+02   5.6111373e+01
   9.3900000e-02  -3.0414316e+02   2.4859098e+02   6.5022553e+01
   9.4000000e-02  -3.0780544e+02   2.3980202e+02   7.3933738e+01
   9.4100000e-02  -3.1110150e+02   2.3125721e+02   8.2478717e+01
   9.4200000e-02  -3.1268858e+02   2.2307860e+02   9.2000264e+01
   9.4300000e-02  -3.1390945e+02   2.1489998e+02   1.0164389e+02
   9.4400000e-02  -3.1451997e+02   2.0647722e+02   1.1128751e+02
   9.4500000e-02  -3.1500842e+02   1.9781032e+02   1.2080907e+02
   9.4600000e-02  -3.1500859e+02   1.8889927e+02   1.3081892e+02
   9.4700000e-02  -3.1500876e+02   1.7962201e+02   1.4107291e+02
   9.4800000e-02  -3.1513100e+02   1.7010060e+02   1.5096070e+02
   9.4900000e-02  -3.1500910e+02   1.6009090e+02   1.6072642e+02
   9.5000000e-02  -3.1549755e+02   1.4995913e+02   1.6939351e+02
   9.5100000e-02  -3.1549772e+02   1.4055978e+02   1.7696198e+02
   9.5200000e-02  -3.1586410e+02   1.3055007e+02   1.8562908e+02
   9.5300000e-02  -3.1598634e+02   1.2090657e+02   1.9466239e+02
   9.5400000e-02  -3.1610858e+02   1.1187341e+02   2.0284122e+02
   9.5500000e-02  -3.1623081e+02   1.0259611e+02   2.1126419e+02
   9.5600000e-02  -3.1598684e+02   9.3074665e+01   2.2029752e+02
   9.5700000e-02  -3.1623114e+02   8.3064931e+01   2.2908671e+02
   9.5800000e-02  -3.1623131e+02   7.4764177e+01   2.3604485e+02
   9.5900000e-02  -3.1586526e+02   6.6341347e+01   2.4410163e+02
   9.6000000e-02  -3.1476678e+02   5.4134332e+01   2.5276876e+02
   9.6100000e-02  -3.1256967e+02   4.5101140e+01   2.6033726e+02
   9.6200000e-02  -3.1025049e+02   3.6678295e+01   2.6631885e+02
   9.6300000e-02  -3.0756510e+02   2.7156811e+01   2.7266666e+02
   9.6400000e-02  -3.0378107e+02   1.6658760e+01   2.7852618e+02
   9.6500000e-02  -2.9999704e+02   5.7944926e+00   2.8304294e+02
   9.6600000e-02  -2.9560265e+02  -4.3373582e+00   2.8694934e+02
   9.6700000e-02  -2.9023170e+02  -1.4713355e+01   2.9061161e+02
   9.6800000e-02  -2.8364004e+02  -2.4845216e+01   2.9427388e+02
   9.6900000e-02  -2.7594974e+02  -3.4366731e+01   2.9769201e+02
   9.7000000e-02  -2.6752703e+02  -4.4132391e+01   3.0098808e+02
   9.7100000e-02  -2.5837188e+02  -5.3287705e+01   3.0404000e+02
   9.7200000e-02  -2.4921673e+02  -6.2443025e+01   3.0672572e+02
   9.7300000e-02  -2.4018365e+02  -7.1354208e+01   3.0928936e+02
   9.7400000e-02  -2.3090643e+02  -7.9899186e+01   3.1173094e+02
   9.7500000e-02  -2.2211748e+02  -8.8810380e+01   3.1380631e+02
   9.7600000e-02  -2.1381681e+02  -9.7965719e+01   3.1502718e+02
   9.7700000e-02  -2.0588234e+02  -1.0736520e+02   3.1575978e+02
   9.7800000e-02  -1.9770373e+02  -1.1652055e+02   3.1637030e+02
   9.7900000e-02  -1.8903684e+02  -1.2543177e+02   3.1698083e+02
   9.8000000e-02  -1.8024787e+02  -1.3458712e+02   3.1746929e+02
   9.8100000e-02  -1.7072647e+02  -1.4398663e+02   3.1832396e+02
   9.8200000e-02  -1.6144921e+02  -1.5411856e+02   3.1832413e+02
   9.8300000e-02  -1.5192781e+02  -1.6351807e+02   3.1881259e+02
   9.8400000e-02  -1.4240640e+02  -1.7157481e+02   3.1917897e+02
   9.8500000e-02  -1.3227463e+02  -1.7926535e+02   3.1954536e+02
   9.8600000e-02  -1.2299735e+02  -1.8878695e+02   3.1966760e+02
   9.8700000e-02  -1.1408628e+02  -1.9794233e+02   3.1954571e+02
   9.8800000e-02  -1.0493106e+02  -2.0612116e+02   3.1966795e+02
   9.8900000e-02  -9.5531698e+01  -2.1515449e+02   3.1942398e+02
   9.9000000e-02  -8.5766119e+01  -2.2455403e+02   3.1905794e+02
   9.9100000e-02  -7.5756393e+01  -2.3554049e+02   3.1893603e+02
   9.9200000e-02  -6.8065998e+01  -2.4225449e+02   3.1942448e+02
   9.9300000e-02  -5.6469348e+01  -2.4835814e+02   3.1918051e+02
   9.9400000e-02  -4.7924451e+01  -2.5482801e+02   3.1808204e+02
   9.9500000e-02  -3.9989900e+01  -2.6141995e+02   3.1588493e+02
   9.9600000e-02  -3.1322922e+01  -2.6703533e+02   3.1356575e+02
   9.9700000e-02  -2.2411798e+01  -2.7179622e+02   3.1027001e+02
   9.9800000e-02  -1.2524106e+01  -2.7594677e+02   3.0673013e+02
   9.9900000e-02  -2.0260579e+00  -2.7973110e+02   3.0221368e+02
   1.0000000e-01   8.3499254e+00  -2.8412579e+02   2.9659859e+02
   1.0010000e-01   1.9336265e+01  -2.8852048e+02   2.9025108e+02
   1.0020000e-01   2.9346048e+01  -2.9315931e+02   2.8304907e+02
   1.0030000e-01   3.9111695e+01  -2.9779815e+02   2.7548085e+02
   1.0040000e-01   4.8389067e+01  -3.0243699e+02   2.6779056e+02
   1.0050000e-01   5.7666443e+01  -3.0622133e+02   2.5997819e+02
   1.0060000e-01   6.6943824e+01  -3.0915119e+02   2.5204375e+02
   1.0070000e-01   7.6099140e+01  -3.1098241e+02   2.4374309e+02
   1.0080000e-01   8.5254461e+01  -3.1208122e+02   2.3544243e+02
   1.0090000e-01   9.4409787e+01  -3.1269174e+02   2.2689762e+02
   1.0100000e-01   1.0405340e+02  -3.1305812e+02   2.1835281e+02
   1.0110000e-01   1.1369702e+02  -3.1318037e+02   2.0968593e+02
   1.0120000e-01   1.2285236e+02  -3.1342468e+02   2.0040869e+02
   1.0130000e-01   1.3188563e+02  -3.1379107e+02   1.9100937e+02
   1.0140000e-01   1.4128512e+02  -3.1403538e+02   1.8148798e+02
   1.0150000e-01   1.5056255e+02  -3.1415763e+02   1.7160038e+02
   1.0160000e-01   1.5983998e+02  -3.1452401e+02   1.6159070e+02
   1.0170000e-01   1.6826292e+02  -3.1489040e+02   1.5219136e+02
   1.0180000e-01   1.7607551e+02  -3.1537885e+02   1.4254788e+02
   1.0190000e-01   1.8486467e+02  -3.1550110e+02   1.3229405e+02
   1.0200000e-01   1.9438626e+02  -3.1611162e+02   1.2252849e+02
   1.0210000e-01   2.0390785e+02  -3.1611179e+02   1.1386156e+02
   1.0220000e-01   2.1306323e+02  -3.1574575e+02   1.0458427e+02
   1.0230000e-01   2.2209655e+02  -3.1562385e+02   9.4696622e+01
   1.0240000e-01   2.3149608e+02  -3.1733300e+02   8.3344128e+01
   1.0250000e-01   2.3808800e+02  -3.1611247e+02   7.6019949e+01
   1.0260000e-01   2.4602270e+02  -3.1611263e+02   6.5033655e+01
   1.0270000e-01   2.5249255e+02  -3.1538037e+02   5.4901849e+01
   1.0280000e-01   2.5859620e+02  -3.1440397e+02   4.6112810e+01
   1.0290000e-01   2.6421157e+02  -3.1306136e+02   3.7567907e+01
   1.0300000e-01   2.6946073e+02  -3.1062011e+02   2.7680224e+01
   1.0310000e-01   2.7373333e+02  -3.0732436e+02   1.7304256e+01
   1.0320000e-01   2.7739558e+02  -3.0354033e+02   6.6841410e+00
   1.0330000e-01   2.8117990e+02  -2.9804732e+02  -3.9359791e+00
   1.0340000e-01   2.8423181e+02  -2.9145567e+02  -1.4556104e+01
   1.0350000e-01   2.8801614e+02  -2.8364331e+02  -2.4199673e+01
   1.0360000e-01   2.9180047e+02  -2.7558681e+02  -3.4453598e+01
   1.0370000e-01   2.9570687e+02  -2.6728616e+02  -4.4585458e+01
   1.0380000e-01   2.9973535e+02  -2.5861930e+02  -5.3740761e+01
   1.0390000e-01   3.0327554e+02  -2.5031865e+02  -6.3262280e+01
   1.0400000e-01   3.0657160e+02  -2.4165178e+02  -7.2417593e+01
   1.0410000e-01   3.0913524e+02  -2.3335112e+02  -8.1694982e+01
   1.0420000e-01   3.1060024e+02  -2.2541667e+02  -9.1094446e+01
   1.0430000e-01   3.1169903e+02  -2.1699393e+02  -1.0073806e+02
   1.0440000e-01   3.1230955e+02  -2.0832705e+02  -1.1062581e+02
   1.0450000e-01   3.1255385e+02  -1.9953809e+02  -1.2014736e+02
   1.0460000e-01   3.1267608e+02  -1.9026085e+02  -1.2966891e+02
   1.0470000e-01   3.1267625e+02  -1.8073946e+02  -1.3967876e+02
   1.0480000e-01   3.1292055e+02  -1.7097392e+02  -1.4956653e+02
   1.0490000e-01   3.1292072e+02  -1.6133046e+02  -1.5921017e+02
   1.0500000e-01   3.1328709e+02  -1.5180905e+02  -1.6763311e+02
   1.0510000e-01   3.1377553e+02  -1.4216558e+02  -1.7495742e+02
   1.0520000e-01   3.1401984e+02  -1.3215588e+02  -1.8325830e+02
   1.0530000e-01   3.1402000e+02  -1.2263447e+02  -1.9253574e+02
   1.0540000e-01   3.1402016e+02  -1.1323511e+02  -2.0095870e+02
   1.0550000e-01   3.1438653e+02  -1.0383576e+02  -2.0950373e+02
   1.0560000e-01   3.1450876e+02  -9.4192255e+01  -2.1841498e+02
   1.0570000e-01   3.1426478e+02  -8.4670818e+01  -2.2927936e+02
   1.0580000e-01   3.1438700e+02  -7.3074181e+01  -2.4343963e+02
   1.0590000e-01   3.1450923e+02  -6.3308593e+01  -2.4697980e+02
   1.0600000e-01   3.1389903e+02  -5.4397491e+01  -2.5161860e+02
   1.0610000e-01   3.1280055e+02  -4.5974666e+01  -2.5882088e+02
   1.0620000e-01   3.1084757e+02  -3.7307695e+01  -2.6553488e+02
   1.0630000e-01   3.0767389e+02  -2.9129000e+01  -2.7127232e+02
   1.0640000e-01   3.0450021e+02  -1.9729597e+01  -2.7578907e+02
   1.0650000e-01   3.0022789e+02  -9.7198368e+00  -2.8042788e+02
   1.0660000e-01   2.9571142e+02   1.0223506e+00  -2.8433428e+02
   1.0670000e-01   2.9009633e+02   1.1642473e+01  -2.8836275e+02
   1.0680000e-01   2.8374880e+02   2.2506741e+01  -2.9239122e+02
   1.0690000e-01   2.7630264e+02   3.3004804e+01  -2.9629762e+02
   1.0700000e-01   2.6849027e+02   4.3380801e+01  -2.9983782e+02
   1.0710000e-01   2.5994547e+02   5.3390593e+01  -3.0301180e+02
   1.0720000e-01   2.5079032e+02   6.2790038e+01  -3.0618579e+02
   1.0730000e-01   2.4187930e+02   7.1701207e+01  -3.0887150e+02
   1.0740000e-01   2.3284621e+02   8.0124100e+01  -3.1131306e+02
   1.0750000e-01   2.2430140e+02   8.8424928e+01  -3.1351049e+02
   1.0760000e-01   2.1624486e+02   9.7458182e+01  -3.1473136e+02
   1.0770000e-01   2.0794418e+02   1.0649144e+02  -3.1570809e+02
   1.0780000e-01   1.9964350e+02   1.1540264e+02  -3.1644067e+02
   1.0790000e-01   1.9122074e+02   1.2468005e+02  -3.1692912e+02
   1.0800000e-01   1.8230969e+02   1.3383539e+02  -3.1753964e+02
   1.0810000e-01   1.7303243e+02   1.4347902e+02  -3.1802809e+02
   1.0820000e-01   1.6326689e+02   1.5300058e+02  -3.1827240e+02
   1.0830000e-01   1.5350134e+02   1.6227801e+02  -3.1876085e+02
   1.0840000e-01   1.4446820e+02   1.7057888e+02  -3.1937136e+02
   1.0850000e-01   1.3494678e+02   1.7839148e+02  -3.1937153e+02
   1.0860000e-01   1.2579157e+02   1.8791306e+02  -3.1949377e+02
   1.0870000e-01   1.1627014e+02   1.9694636e+02  -3.1949393e+02
   1.0880000e-01   1.0735906e+02   2.0549139e+02  -3.1949410e+02
   1.0890000e-01   9.7715549e+01   2.1428056e+02  -3.1998254e+02
   1.0900000e-01   8.6485120e+01   2.2514493e+02  -3.2108134e+02
   1.0910000e-01   7.8306444e+01   2.3222513e+02  -3.2071529e+02
   1.0920000e-01   6.8052568e+01   2.4028189e+02  -3.2010509e+02
   1.0930000e-01   5.8653178e+01   2.4797244e+02  -3.1986111e+02
   1.0940000e-01   5.0474487e+01   2.5456437e+02  -3.1888470e+02
   1.0950000e-01   4.2051650e+01   2.6103422e+02  -3.1729794e+02
   1.0960000e-01   3.3262597e+01   2.6689373e+02  -3.1485669e+02
   1.0970000e-01   2.3741116e+01   2.7189875e+02  -3.1156094e+02
   1.0980000e-01   1.3365139e+01   2.7617135e+02  -3.0777691e+02
   1.0990000e-01   2.9891559e+00   2.7995567e+02  -3.0289424e+02
   1.1000000e-01  -6.7764807e+00   2.8422828e+02  -2.9727915e+02
   1.1010000e-01  -1.6908333e+01   2.8886710e+02  -2.9093163e+02
   1.1020000e-01  -2.6918121e+01   2.9362799e+02  -2.8397376e+02
   1.1030000e-01  -3.6805843e+01   2.9851095e+02  -2.7652760e+02
   1.1040000e-01  -4.6571500e+01   3.0266149e+02  -2.6908144e+02
   1.1050000e-01  -5.5848882e+01   3.0632376e+02  -2.6139114e+02
   1.1060000e-01  -6.4882127e+01   3.0925360e+02  -2.5309048e+02
   1.1070000e-01  -7.3915378e+01   3.1108481e+02  -2.4466775e+02
   1.1080000e-01  -8.3192774e+01   3.1230567e+02  -2.3636708e+02
   1.1090000e-01  -9.2714316e+01   3.1279411e+02  -2.2794434e+02
   1.1100000e-01  -1.0186965e+02   3.1328256e+02  -2.1927745e+02
   1.1110000e-01  -1.1139120e+02   3.1340479e+02  -2.1061056e+02
   1.1120000e-01  -1.2103483e+02   3.1316081e+02  -2.0169953e+02
   1.1130000e-01  -1.3043432e+02   3.1340511e+02  -1.9205607e+02
   1.1140000e-01  -1.3995589e+02   3.1352734e+02  -1.8229053e+02
   1.1150000e-01  -1.4911124e+02   3.1401579e+02  -1.7228085e+02
   1.1160000e-01  -1.5851075e+02   3.1413802e+02  -1.6239324e+02
   1.1170000e-01  -1.6729991e+02   3.1462646e+02  -1.5274976e+02
   1.1180000e-01  -1.7486836e+02   3.1511491e+02  -1.4310627e+02
   1.1190000e-01  -1.8316925e+02   3.1548128e+02  -1.3309657e+02
   1.1200000e-01  -1.9293498e+02   3.1548144e+02  -1.2369722e+02
   1.1210000e-01  -2.0221244e+02   3.1548160e+02  -1.1466407e+02
   1.1220000e-01  -2.1124575e+02   3.1560383e+02  -1.0514264e+02
   1.1230000e-01  -2.2052322e+02   3.1584813e+02  -9.5377060e+01
   1.1240000e-01  -2.3370693e+02   3.1560414e+02  -8.5611475e+01
   1.1250000e-01  -2.3907815e+02   3.1572637e+02  -7.7432800e+01
   1.1260000e-01  -2.4444938e+02   3.1658101e+02  -6.5103729e+01
   1.1270000e-01  -2.5152959e+02   3.1584874e+02  -5.5704340e+01
   1.1280000e-01  -2.5787738e+02   3.1536061e+02  -4.6427016e+01
   1.1290000e-01  -2.6410311e+02   3.1377385e+02  -3.8004179e+01
   1.1300000e-01  -2.6947434e+02   3.1121052e+02  -2.8116493e+01
   1.1310000e-01  -2.7386902e+02   3.0828097e+02  -1.7008099e+01
   1.1320000e-01  -2.7765334e+02   3.0413072e+02  -6.0217700e+00
   1.1330000e-01  -2.8131560e+02   2.9863769e+02   4.9645645e+00
   1.1340000e-01  -2.8461165e+02   2.9216810e+02   1.5462623e+01
   1.1350000e-01  -2.8815185e+02   2.8459987e+02   2.5594476e+01
   1.1360000e-01  -2.9205825e+02   2.7654336e+02   3.5604264e+01
   1.1370000e-01  -2.9572052e+02   2.6812064e+02   4.5125775e+01
   1.1380000e-01  -2.9950486e+02   2.5920963e+02   5.4159011e+01
   1.1390000e-01  -3.0328920e+02   2.5029861e+02   6.3436392e+01
   1.1400000e-01  -3.0719562e+02   2.4175380e+02   7.2713779e+01
   1.1410000e-01  -3.1036961e+02   2.3308692e+02   8.1380819e+01
   1.1420000e-01  -3.1244497e+02   2.2478625e+02   9.0780286e+01
   1.1430000e-01  -3.1354377e+02   2.1672971e+02   1.0054597e+02
   1.1440000e-01  -3.1427636e+02   2.0830696e+02   1.0994545e+02
   1.1450000e-01  -3.1464274e+02   1.9964006e+02   1.1934493e+02
   1.1460000e-01  -3.1476497e+02   1.9072902e+02   1.2935476e+02
   1.1470000e-01  -3.1452100e+02   1.8145176e+02   1.3924254e+02
   1.1480000e-01  -3.1464324e+02   1.7205243e+02   1.4913031e+02
   1.1490000e-01  -3.1488755e+02   1.6204274e+02   1.5865188e+02
   1.1500000e-01  -3.1488772e+02   1.5203304e+02   1.6731897e+02
   1.1510000e-01  -3.1549824e+02   1.4263370e+02   1.7500949e+02
   1.1520000e-01  -3.1598669e+02   1.3262399e+02   1.8318830e+02
   1.1530000e-01  -3.1623100e+02   1.2273636e+02   1.9246575e+02
   1.1540000e-01  -3.1623116e+02   1.1333700e+02   2.0101078e+02
   1.1550000e-01  -3.1623133e+02   1.0418177e+02   2.0931167e+02
   1.1560000e-01  -3.1610942e+02   9.4660328e+01   2.1846706e+02
   1.1570000e-01  -3.1671993e+02   8.4162319e+01   2.2786659e+02
   1.1580000e-01  -3.1635389e+02   7.4274656e+01   2.3702199e+02
   1.1590000e-01  -3.1659819e+02   6.7072535e+01   2.4398013e+02
   1.1600000e-01  -3.1464522e+02   5.5720018e+01   2.5203690e+02
   1.1610000e-01  -3.1330260e+02   4.6930973e+01   2.5899504e+02
   1.1620000e-01  -3.1086135e+02   3.9240555e+01   2.6583111e+02
   1.1630000e-01  -3.0817595e+02   3.0085288e+01   2.7193477e+02
   1.1640000e-01  -3.0451399e+02   2.0197595e+01   2.7742807e+02
   1.1650000e-01  -3.0060789e+02   9.5774737e+00   2.8170068e+02
   1.1660000e-01  -2.9645764e+02  -9.2058217e-01   2.8560707e+02
   1.1670000e-01  -2.9108669e+02  -1.1296573e+01   2.8951347e+02
   1.1680000e-01  -2.8461710e+02  -2.1916709e+01   2.9317573e+02
   1.1690000e-01  -2.7704888e+02  -3.2292711e+01   2.9659386e+02
   1.1700000e-01  -2.6887030e+02  -4.2180436e+01   2.9976784e+02
   1.1710000e-01  -2.6020344e+02  -5.1946096e+01   3.0281976e+02
   1.1720000e-01  -2.5117036e+02  -6.1345550e+01   3.0562753e+02
   1.1730000e-01  -2.4250349e+02  -7.0256727e+01   3.0831324e+02
   1.1740000e-01  -2.3347040e+02  -7.8801699e+01   3.1099895e+02
   1.1750000e-01  -2.2455938e+02  -8.7346676e+01   3.1356259e+02
   1.1760000e-01  -2.1613664e+02  -9.6379939e+01   3.1514967e+02
   1.1770000e-01  -2.0808011e+02  -1.0577942e+02   3.1588226e+02
   1.1780000e-01  -1.9904700e+02  -1.1456855e+02   3.1673691e+02
   1.1790000e-01  -1.9025804e+02  -1.2347976e+02   3.1722536e+02
   1.1800000e-01  -1.8134700e+02  -1.3251304e+02   3.1771381e+02
   1.1810000e-01  -1.7158146e+02  -1.4179047e+02   3.1844640e+02
   1.1820000e-01  -1.6254834e+02  -1.5155618e+02   3.1856864e+02
   1.1830000e-01  -1.5339315e+02  -1.6119983e+02   3.1869087e+02
   1.1840000e-01  -1.4423795e+02  -1.6950071e+02   3.1917932e+02
   1.1850000e-01  -1.3459446e+02  -1.7694710e+02   3.1917949e+02
   1.1860000e-01  -1.2543926e+02  -1.8634662e+02   3.1954586e+02
   1.1870000e-01  -1.1616197e+02  -1.9574614e+02   3.1954603e+02
   1.1880000e-01  -1.0688468e+02  -2.0453532e+02   3.1966826e+02
   1.1890000e-01  -9.7363248e+01  -2.1356864e+02   3.1954635e+02
   1.1900000e-01  -8.7475598e+01  -2.2357852e+02   3.1930238e+02
   1.1910000e-01  -7.8564505e+01  -2.3505326e+02   3.1832597e+02
   1.1920000e-01  -7.0019618e+01  -2.3969206e+02   3.2015719e+02
   1.1930000e-01  -5.9033319e+01  -2.4726055e+02   3.1893664e+02
   1.1940000e-01  -5.0122211e+01  -2.5373041e+02   3.1820437e+02
   1.1950000e-01  -4.1943519e+01  -2.5995614e+02   3.1649554e+02
   1.1960000e-01  -3.3764822e+01  -2.6605979e+02   3.1368807e+02
   1.1970000e-01  -2.4243346e+01  -2.7106482e+02   3.1075854e+02
   1.1980000e-01  -1.4477725e+01  -2.7545950e+02   3.0734071e+02
   1.1990000e-01  -3.7355360e+00  -2.7936590e+02   3.0282425e+02
   1.2000000e-01   6.5183771e+00  -2.8376058e+02   2.9745330e+02
   1.2010000e-01   1.7626788e+01  -2.8852148e+02   2.9122785e+02
   1.2020000e-01   2.7880711e+01  -2.9303824e+02   2.8451412e+02
   1.2030000e-01   3.7890499e+01  -2.9755500e+02   2.7719003e+02
   1.2040000e-01   4.7045800e+01  -3.0194969e+02   2.6949973e+02
   1.2050000e-01   5.6079036e+01  -3.0585610e+02   2.6156528e+02
   1.2060000e-01   6.5356417e+01  -3.0878595e+02   2.5350876e+02
   1.2070000e-01   7.4633804e+01  -3.1061717e+02   2.4545224e+02
   1.2080000e-01   8.3544985e+01  -3.1171597e+02   2.3715157e+02
   1.2090000e-01   9.2456170e+01  -3.1257063e+02   2.2860676e+02
   1.2100000e-01   1.0173357e+02  -3.1305908e+02   2.2030608e+02
   1.2110000e-01   1.1125512e+02  -3.1330339e+02   2.1163919e+02
   1.2120000e-01   1.2065460e+02  -3.1342563e+02   2.0260608e+02
   1.2130000e-01   1.2980995e+02  -3.1391408e+02   1.9320676e+02
   1.2140000e-01   1.3908737e+02  -3.1440253e+02   1.8319708e+02
   1.2150000e-01   1.4836479e+02  -3.1464684e+02   1.7306532e+02
   1.2160000e-01   1.5764222e+02  -3.1476908e+02   1.6281150e+02
   1.2170000e-01   1.6667551e+02  -3.1501339e+02   1.5341215e+02
   1.2180000e-01   1.7448811e+02  -3.1550184e+02   1.4401281e+02
   1.2190000e-01   1.8315520e+02  -3.1550201e+02   1.3388104e+02
   1.2200000e-01   1.9316507e+02  -3.1562425e+02   1.2460375e+02
   1.2210000e-01   2.0244252e+02  -3.1586855e+02   1.1569267e+02
   1.2220000e-01   2.1147583e+02  -3.1574665e+02   1.0629330e+02
   1.2230000e-01   2.2075329e+02  -3.1550267e+02   9.6649792e+01
   1.2240000e-01   2.3015282e+02  -3.1586905e+02   8.6273853e+01
   1.2250000e-01   2.4126134e+02  -3.1672370e+02   7.3578573e+01
   1.2260000e-01   2.4565600e+02  -3.1647972e+02   6.7353014e+01
   1.2270000e-01   2.5200378e+02  -3.1562539e+02   5.6854989e+01
   1.2280000e-01   2.5847364e+02  -3.1452691e+02   4.7699732e+01
   1.2290000e-01   2.6347866e+02  -3.1330636e+02   3.9032751e+01
   1.2300000e-01   2.6836161e+02  -3.1123132e+02   3.0365765e+01
   1.2310000e-01   2.7263421e+02  -3.0769143e+02   2.0478070e+01
   1.2320000e-01   2.7617439e+02  -3.0354119e+02   9.4917372e+00
   1.2330000e-01   2.7971458e+02  -2.9853645e+02  -1.8608120e+00
   1.2340000e-01   2.8313269e+02  -2.9231101e+02  -1.2725085e+01
   1.2350000e-01   2.8679495e+02  -2.8498693e+02  -2.2734872e+01
   1.2360000e-01   2.9070136e+02  -2.7705249e+02  -3.3110874e+01
   1.2370000e-01   2.9460776e+02  -2.6924012e+02  -4.3364812e+01
   1.2380000e-01   2.9900245e+02  -2.6081740e+02  -5.2153911e+01
   1.2390000e-01   3.0278678e+02  -2.5251674e+02  -6.1797508e+01
   1.2400000e-01   3.0620491e+02  -2.4372780e+02  -7.1196969e+01
   1.2410000e-01   3.0876855e+02  -2.3518300e+02  -8.0352295e+01
   1.2420000e-01   3.1047769e+02  -2.2676026e+02  -8.9629696e+01
   1.2430000e-01   3.1145442e+02  -2.1833752e+02  -9.9273313e+01
   1.2440000e-01   3.1206493e+02  -2.0942649e+02  -1.0903901e+02
   1.2450000e-01   3.1243131e+02  -2.0051546e+02  -1.1831642e+02
   1.2460000e-01   3.1255354e+02  -1.9160442e+02  -1.2759384e+02
   1.2470000e-01   3.1267578e+02  -1.8244924e+02  -1.3723748e+02
   1.2480000e-01   3.1267594e+02  -1.7304991e+02  -1.4712526e+02
   1.2490000e-01   3.1279817e+02  -1.6340644e+02  -1.5725719e+02
   1.2500000e-01   3.1316455e+02  -1.5364090e+02  -1.6604635e+02
   1.2510000e-01   3.1377507e+02  -1.4399741e+02  -1.7361481e+02
   1.2520000e-01   3.1414144e+02  -1.3374358e+02  -1.8154948e+02
   1.2530000e-01   3.1438574e+02  -1.2397802e+02  -1.9131522e+02
   1.2540000e-01   3.1426384e+02  -1.1457866e+02  -1.9986025e+02
   1.2550000e-01   3.1426400e+02  -1.0542344e+02  -2.0840529e+02
   1.2560000e-01   3.1450830e+02  -9.5779936e+01  -2.1719447e+02
   1.2570000e-01   3.1414225e+02  -8.6746776e+01  -2.2622780e+02
   1.2580000e-01   3.1402033e+02  -7.7225330e+01  -2.3501699e+02
   1.2590000e-01   3.1353221e+02  -7.0755637e+01  -2.4173099e+02
   1.2600000e-01   3.1316615e+02  -5.9769337e+01  -2.4966570e+02
   1.2610000e-01   3.1280009e+02  -4.8416821e+01  -2.5699006e+02
   1.2620000e-01   3.1133540e+02  -3.8529144e+01  -2.6309372e+02
   1.2630000e-01   3.0877207e+02  -2.9862164e+01  -2.6968566e+02
   1.2640000e-01   3.0523218e+02  -1.9730335e+01  -2.7566725e+02
   1.2650000e-01   3.0120400e+02  -8.6219387e+00  -2.8079436e+02
   1.2660000e-01   2.9656547e+02   2.2423225e+00  -2.8531111e+02
   1.2670000e-01   2.9131658e+02   1.2496237e+01  -2.8921752e+02
   1.2680000e-01   2.8521320e+02   2.2628087e+01  -2.9287979e+02
   1.2690000e-01   2.7801119e+02   3.2149591e+01  -2.9641999e+02
   1.2700000e-01   2.7019881e+02   4.1671099e+01  -2.9983812e+02
   1.2710000e-01   2.6177609e+02   5.0704332e+01  -3.0301211e+02
   1.2720000e-01   2.5274301e+02   5.9737570e+01  -3.0581990e+02
   1.2730000e-01   2.4370992e+02   6.8404602e+01  -3.0862768e+02
   1.2740000e-01   2.3467683e+02   7.6827498e+01  -3.1143547e+02
   1.2750000e-01   2.2613202e+02   8.5494540e+01  -3.1363290e+02
   1.2760000e-01   2.1722099e+02   9.4283657e+01  -3.1509792e+02
   1.2770000e-01   2.0916446e+02   1.0392727e+02  -3.1595259e+02
   1.2780000e-01   2.0049756e+02   1.1332675e+02  -3.1656311e+02
   1.2790000e-01   1.9183066e+02   1.2272623e+02  -3.1717364e+02
   1.2800000e-01   1.8328583e+02   1.3224779e+02  -3.1741795e+02
   1.2810000e-01   1.7449685e+02   1.4189143e+02  -3.1802848e+02
   1.2820000e-01   1.6509752e+02   1.5153506e+02  -3.1815073e+02
   1.2830000e-01   1.5569818e+02   1.6081250e+02  -3.1863918e+02
   1.2840000e-01   1.4678712e+02   1.6935751e+02  -3.1888350e+02
   1.2850000e-01   1.3738777e+02   1.7704804e+02  -3.1937195e+02
   1.2860000e-01   1.2823256e+02   1.8620341e+02  -3.1949420e+02
   1.2870000e-01   1.1858907e+02   1.9535879e+02  -3.1961644e+02
   1.2880000e-01   1.0894556e+02   2.0365968e+02  -3.1973868e+02
   1.2890000e-01   9.9546196e+01   2.1257093e+02  -3.1986093e+02
   1.2900000e-01   8.9048191e+01   2.2197046e+02  -3.2047145e+02
   1.2910000e-01   7.7695689e+01   2.3246862e+02  -3.2095990e+02
   1.2920000e-01   7.0005291e+01   2.3906055e+02  -3.2096007e+02
   1.2930000e-01   6.0605903e+01   2.4638489e+02  -3.1949539e+02
   1.2940000e-01   5.2061003e+01   2.5309889e+02  -3.1888520e+02
   1.2950000e-01   4.3760238e+01   2.5956875e+02  -3.1742052e+02
   1.2960000e-01   3.5337398e+01   2.6555033e+02  -3.1534549e+02
   1.2970000e-01   2.6060060e+01   2.7067743e+02  -3.1229389e+02
   1.2980000e-01   1.6050295e+01   2.7543831e+02  -3.0863193e+02
   1.2990000e-01   5.3081034e+00   2.7958885e+02  -3.0435962e+02
   1.3000000e-01  -4.5796015e+00   2.8386146e+02  -2.9874454e+02
   1.3010000e-01  -1.4955593e+01   2.8813407e+02  -2.9227496e+02
   1.3020000e-01  -2.5087449e+01   2.9277289e+02  -2.8495089e+02
   1.3030000e-01  -3.5219310e+01   2.9741172e+02  -2.7750474e+02
   1.3040000e-01  -4.5107036e+01   3.0180641e+02  -2.6969238e+02
   1.3050000e-01  -5.4628555e+01   3.0559075e+02  -2.6212415e+02
   1.3060000e-01  -6.3661799e+01   3.0864266e+02  -2.5418971e+02
   1.3070000e-01  -7.2328837e+01   3.1084009e+02  -2.4601113e+02
   1.3080000e-01  -8.1362090e+01   3.1218303e+02  -2.3783254e+02
   1.3090000e-01  -9.0639490e+01   3.1279354e+02  -2.2977602e+02
   1.3100000e-01  -9.9672753e+01   3.1328199e+02  -2.2123121e+02
   1.3110000e-01  -1.0907223e+02   3.1364836e+02  -2.1268640e+02
   1.3120000e-01  -1.1896000e+02   3.1352646e+02  -2.0377538e+02
   1.3130000e-01  -1.2835949e+02   3.1352663e+02  -1.9413193e+02
   1.3140000e-01  -1.3800312e+02   3.1364886e+02  -1.8424433e+02
   1.3150000e-01  -1.4764676e+02   3.1377110e+02  -1.7447880e+02
   1.3160000e-01  -1.5704626e+02   3.1425955e+02  -1.6434705e+02
   1.3170000e-01  -1.6620163e+02   3.1413764e+02  -1.5494772e+02
   1.3180000e-01  -1.7401423e+02   3.1487023e+02  -1.4530424e+02
   1.3190000e-01  -1.8182683e+02   3.1523661e+02  -1.3492834e+02
   1.3200000e-01  -1.9159256e+02   3.1535884e+02  -1.2565107e+02
   1.3210000e-01  -2.0074794e+02   3.1535901e+02  -1.1649586e+02
   1.3220000e-01  -2.0965919e+02   3.1548124e+02  -1.0709651e+02
   1.3230000e-01  -2.1881458e+02   3.1572555e+02  -9.7453007e+01
   1.3240000e-01  -2.2821411e+02   3.1560364e+02  -8.7809501e+01
   1.3250000e-01  -2.3614881e+02   3.1487137e+02  -8.1461890e+01
   1.3260000e-01  -2.4347315e+02   3.1597017e+02  -6.9865249e+01
   1.3270000e-01  -2.4884438e+02   3.1658067e+02  -5.7536182e+01
   1.3280000e-01  -2.5555838e+02   3.1560426e+02  -4.8380937e+01
   1.3290000e-01  -2.6202825e+02   3.1389543e+02  -3.9836039e+01
   1.3300000e-01  -2.6800983e+02   3.1169832e+02  -2.9460081e+01
   1.3310000e-01  -2.7313693e+02   3.0889085e+02  -1.8595836e+01
   1.3320000e-01  -2.7740954e+02   3.0486267e+02  -7.3653753e+00
   1.3330000e-01  -2.8119386e+02   2.9985793e+02   3.8650909e+00
   1.3340000e-01  -2.8461198e+02   2.9375456e+02   1.4363141e+01
   1.3350000e-01  -2.8803011e+02   2.8643047e+02   2.4494984e+01
   1.3360000e-01  -2.9169237e+02   2.7849604e+02   3.4138552e+01
   1.3370000e-01  -2.9535464e+02   2.7007332e+02   4.3537985e+01
   1.3380000e-01  -2.9913898e+02   2.6140645e+02   5.2327071e+01
   1.3390000e-01  -3.0280124e+02   2.5237337e+02   6.1482373e+01
   1.3400000e-01  -3.0658559e+02   2.4382857e+02   7.0271470e+01
   1.3410000e-01  -3.1024786e+02   2.3516169e+02   7.8938501e+01
   1.3420000e-01  -3.1232322e+02   2.2673895e+02   8.8093818e+01
   1.3430000e-01  -3.1354409e+02   2.1843828e+02   9.7981563e+01
   1.3440000e-01  -3.1403253e+02   2.1013760e+02   1.0774724e+02
   1.3450000e-01  -3.1464305e+02   2.0122657e+02   1.1726878e+02
   1.3460000e-01  -3.1488736e+02   1.9231553e+02   1.2727861e+02
   1.3470000e-01  -3.1500960e+02   1.8303828e+02   1.3741052e+02
   1.3480000e-01  -3.1500977e+02   1.7376102e+02   1.4742036e+02
   1.3490000e-01  -3.1525408e+02   1.6399548e+02   1.5706399e+02
   1.3500000e-01  -3.1525424e+02   1.5410786e+02   1.6609727e+02
   1.3510000e-01  -3.1549855e+02   1.4470852e+02   1.7390986e+02
   1.3520000e-01  -3.1598700e+02   1.3457675e+02   1.8184452e+02
   1.3530000e-01  -3.1610924e+02   1.2493326e+02   1.9148817e+02
   1.3540000e-01  -3.1610940e+02   1.1528976e+02   1.9966698e+02
   1.3550000e-01  -3.1623164e+02   1.0589040e+02   2.0772373e+02
   1.3560000e-01  -3.1598766e+02   9.6491032e+01   2.1687911e+02
   1.3570000e-01  -3.1598782e+02   8.6725450e+01   2.2591242e+02
   1.3580000e-01  -3.1647626e+02   7.5861230e+01   2.3689886e+02
   1.3590000e-01  -3.1586607e+02   6.7072200e+01   2.4397906e+02
   1.3600000e-01  -3.1525588e+02   5.7916954e+01   2.5020477e+02
   1.3610000e-01  -3.1366912e+02   4.8761703e+01   2.5826153e+02
   1.3620000e-01  -3.1134994e+02   3.9850587e+01   2.6460932e+02
   1.3630000e-01  -3.0866454e+02   3.1427748e+01   2.7083503e+02
   1.3640000e-01  -3.0500258e+02   2.2028340e+01   2.7657247e+02
   1.3650000e-01  -3.0109648e+02   1.1652365e+01   2.8121128e+02
   1.3660000e-01  -2.9694623e+02   1.0322442e+00   2.8523974e+02
   1.3670000e-01  -2.9218563e+02  -9.4658117e+00   2.8865785e+02
   1.3680000e-01  -2.8608225e+02  -2.0085943e+01   2.9256424e+02
   1.3690000e-01  -2.7888024e+02  -3.0339869e+01   2.9586029e+02
   1.3700000e-01  -2.7106787e+02  -4.0349659e+01   2.9927840e+02
   1.3710000e-01  -2.6264515e+02  -5.0115314e+01   3.0245238e+02
   1.3720000e-01  -2.5385621e+02  -5.9758904e+01   3.0526015e+02
   1.3730000e-01  -2.4482313e+02  -6.8670076e+01   3.0831206e+02
   1.3740000e-01  -2.3579004e+02  -7.7337114e+01   3.1087569e+02
   1.3750000e-01  -2.2663488e+02  -8.5882085e+01   3.1343932e+02
   1.3760000e-01  -2.1760179e+02  -9.4671203e+01   3.1514846e+02
   1.3770000e-01  -2.0917904e+02  -1.0394861e+02   3.1612518e+02
   1.3780000e-01  -2.0051215e+02  -1.1298187e+02   3.1673569e+02
   1.3790000e-01  -1.9123491e+02  -1.2201515e+02   3.1710206e+02
   1.3800000e-01  -1.8244594e+02  -1.3080428e+02   3.1759050e+02
   1.3810000e-01  -1.7341282e+02  -1.3983757e+02   3.1807894e+02
   1.3820000e-01  -1.6437970e+02  -1.4972534e+02   3.1807910e+02
   1.3830000e-01  -1.5534658e+02  -1.5936899e+02   3.1844547e+02
   1.3840000e-01  -1.4643552e+02  -1.6803607e+02   3.1893391e+02
   1.3850000e-01  -1.3666996e+02  -1.7548246e+02   3.1917821e+02
   1.3860000e-01  -1.2739269e+02  -1.8463783e+02   3.1978872e+02
   1.3870000e-01  -1.1811540e+02  -1.9440356e+02   3.1978888e+02
   1.3880000e-01  -1.0883811e+02  -2.0319273e+02   3.1978904e+02
   1.3890000e-01  -9.9316680e+01  -2.1198191e+02   3.2003333e+02
   1.3900000e-01  -8.9429030e+01  -2.2138144e+02   3.1978935e+02
   1.3910000e-01  -8.1006218e+01  -2.2907199e+02   3.1905708e+02
   1.3920000e-01  -7.3682034e+01  -2.3725082e+02   3.1881309e+02
   1.3930000e-01  -6.1719173e+01  -2.4518552e+02   3.1893531e+02
   1.3940000e-01  -5.1709433e+01  -2.5165538e+02   3.1869131e+02
   1.3950000e-01  -4.3164530e+01  -2.5824731e+02   3.1661626e+02
   1.3960000e-01  -3.4253412e+01  -2.6447303e+02   3.1417500e+02
   1.3970000e-01  -2.4976077e+01  -2.7033255e+02   3.1136753e+02
   1.3980000e-01  -1.4844245e+01  -2.7509343e+02   3.0819384e+02
   1.3990000e-01  -4.1020561e+00  -2.7924397e+02   3.0453186e+02
   1.4000000e-01   5.7856458e+00  -2.8327243e+02   2.9940504e+02
   1.4010000e-01   1.6405775e+01  -2.8754504e+02   2.9342373e+02
   1.4020000e-01   2.6293487e+01  -2.9181766e+02   2.8658792e+02
   1.4030000e-01   3.5570853e+01  -2.9633441e+02   2.7877554e+02
   1.4040000e-01   4.4604083e+01  -3.0072910e+02   2.7071902e+02
   1.4050000e-01   5.3515249e+01  -3.0463551e+02   2.6266250e+02
   1.4060000e-01   6.2792630e+01  -3.0780949e+02   2.5460597e+02
   1.4070000e-01   7.1947946e+01  -3.1000692e+02   2.4654944e+02
   1.4080000e-01   8.0981196e+01  -3.1147193e+02   2.3837083e+02
   1.4090000e-01   9.0014452e+01  -3.1232658e+02   2.3007016e+02
   1.4100000e-01   9.9535994e+01  -3.1293710e+02   2.2176947e+02
   1.4110000e-01   1.0917961e+02  -3.1318140e+02   2.1310257e+02
   1.4120000e-01   1.1906737e+02  -3.1318157e+02   2.0419153e+02
   1.4130000e-01   1.2846686e+02  -3.1379208e+02   1.9467013e+02
   1.4140000e-01   1.3798842e+02  -3.1428053e+02   1.8490458e+02
   1.4150000e-01   1.4714377e+02  -3.1452484e+02   1.7477282e+02
   1.4160000e-01   1.5642120e+02  -3.1452500e+02   1.6488520e+02
   1.4170000e-01   1.6533243e+02  -3.1476931e+02   1.5548585e+02
   1.4180000e-01   1.7314502e+02  -3.1513569e+02   1.4633064e+02
   1.4190000e-01   1.8132383e+02  -3.1537999e+02   1.3607679e+02
   1.4200000e-01   1.9121163e+02  -3.1550223e+02   1.2667743e+02
   1.4210000e-01   2.0073322e+02  -3.1586860e+02   1.1752220e+02
   1.4220000e-01   2.0976653e+02  -3.1586876e+02   1.0800076e+02
   1.4230000e-01   2.1916606e+02  -3.1562478e+02   9.8235169e+01
   1.4240000e-01   2.2795524e+02  -3.1611323e+02   8.8103364e+01
   1.4250000e-01   2.3625615e+02  -3.1696788e+02   7.7483273e+01
   1.4260000e-01   2.4260393e+02  -3.1684596e+02   7.0403216e+01
   1.4270000e-01   2.5005034e+02  -3.1623577e+02   5.8440340e+01
   1.4280000e-01   2.5713055e+02  -3.1513729e+02   4.9651288e+01
   1.4290000e-01   2.6250178e+02  -3.1391674e+02   4.1106371e+01
   1.4300000e-01   2.6762887e+02  -3.1208583e+02   3.2073167e+01
   1.4310000e-01   2.7263390e+02  -3.0879008e+02   2.1819255e+01
   1.4320000e-01   2.7629615e+02  -3.0500604e+02   1.0954986e+01
   1.4330000e-01   2.7983633e+02  -3.0012337e+02  -2.7549976e-01
   1.4340000e-01   2.8313238e+02  -2.9426413e+02  -1.1383920e+01
   1.4350000e-01   2.8655050e+02  -2.8694005e+02  -2.0905432e+01
   1.4360000e-01   2.9009069e+02  -2.7924975e+02  -3.1037300e+01
   1.4370000e-01   2.9411917e+02  -2.7082703e+02  -4.1169174e+01
   1.4380000e-01   2.9802557e+02  -2.6252637e+02  -5.0568632e+01
   1.4390000e-01   3.0180991e+02  -2.5398157e+02  -5.9723953e+01
   1.4400000e-01   3.0486183e+02  -2.4507056e+02  -6.9123421e+01
   1.4410000e-01   3.0779167e+02  -2.3628161e+02  -7.8278753e+01
   1.4420000e-01   3.0974496e+02  -2.2810301e+02  -8.7678231e+01
   1.4430000e-01   3.1096583e+02  -2.2004648e+02  -9.7199785e+01
   1.4440000e-01   3.1182048e+02  -2.1150166e+02  -1.0696548e+02
   1.4450000e-01   3.1230893e+02  -2.0295683e+02  -1.1648705e+02
   1.4460000e-01   3.1255323e+02  -1.9404579e+02  -1.2576447e+02
   1.4470000e-01   3.1279754e+02  -1.8476854e+02  -1.3553019e+02
   1.4480000e-01   3.1291977e+02  -1.7500300e+02  -1.4541798e+02
   1.4490000e-01   3.1316408e+02  -1.6523746e+02  -1.5567198e+02
   1.4500000e-01   3.1340839e+02  -1.5534984e+02  -1.6482736e+02
   1.4510000e-01   3.1389683e+02  -1.4570635e+02  -1.7251789e+02
   1.4520000e-01   3.1401907e+02  -1.3557458e+02  -1.8008636e+02
   1.4530000e-01   3.1414130e+02  -1.2568695e+02  -1.8936382e+02
   1.4540000e-01   3.1389732e+02  -1.1665380e+02  -1.9803094e+02
   1.4550000e-01   3.1401956e+02  -1.0762065e+02  -2.0620977e+02
   1.4560000e-01   3.1414179e+02  -9.7977140e+01  -2.1487689e+02
   1.4570000e-01   3.1389781e+02  -8.8699838e+01  -2.2391023e+02
   1.4580000e-01   3.1353175e+02  -7.9178389e+01  -2.3648360e+02
   1.4590000e-01   3.1365398e+02  -7.0755568e+01  -2.4283140e+02
   1.4600000e-01   3.1389828e+02  -5.9403055e+01  -2.4771435e+02
   1.4610000e-01   3.1304394e+02  -4.9759521e+01  -2.5613735e+02
   1.4620000e-01   3.1194546e+02  -4.0604262e+01  -2.6272930e+02
   1.4630000e-01   3.0950420e+02  -3.2059350e+01  -2.6919918e+02
   1.4640000e-01   3.0584224e+02  -2.2659941e+01  -2.7493664e+02
   1.4650000e-01   3.0193613e+02  -1.2161893e+01  -2.7945340e+02
   1.4660000e-01   2.9717553e+02  -1.5417699e+00  -2.8384809e+02
   1.4670000e-01   2.9204872e+02   8.9562882e+00  -2.8751036e+02
   1.4680000e-01   2.8606741e+02   1.9454352e+01  -2.9141678e+02
   1.4690000e-01   2.7935367e+02   2.9708280e+01  -2.9520113e+02
   1.4700000e-01   2.7141923e+02   3.9473931e+01  -2.9861926e+02
   1.4710000e-01   2.6324065e+02   4.9239589e+01  -3.0191534e+02
   1.4720000e-01   2.5445171e+02   5.8394899e+01  -3.0508934e+02
   1.4730000e-01   2.4554070e+02   6.7428145e+01  -3.0801920e+02
   1.4740000e-01   2.3662968e+02   7.6095185e+01  -3.1082699e+02
   1.4750000e-01   2.2796280e+02   8.4762229e+01  -3.1302444e+02
   1.4760000e-01   2.1941798e+02   9.3795490e+01  -3.1461153e+02
   1.4770000e-01   2.1111731e+02   1.0319497e+02  -3.1558827e+02
   1.4780000e-01   2.0281663e+02   1.1235031e+02  -3.1619881e+02
   1.4790000e-01   1.9439387e+02   1.2138358e+02  -3.1680934e+02
   1.4800000e-01   1.8572697e+02   1.3041686e+02  -3.1705366e+02
   1.4810000e-01   1.7693799e+02   1.3969429e+02  -3.1754213e+02
   1.4820000e-01   1.6729452e+02   1.4909379e+02  -3.1790852e+02
   1.4830000e-01   1.5752897e+02   1.5824915e+02  -3.1839698e+02
   1.4840000e-01   1.4776342e+02   1.6691624e+02  -3.1900752e+02
   1.4850000e-01   1.3836408e+02   1.7472884e+02  -3.1937391e+02
   1.4860000e-01   1.2872058e+02   1.8376215e+02  -3.1986237e+02
   1.4870000e-01   1.1919916e+02   1.9328374e+02  -3.1998463e+02
   1.4880000e-01   1.1004394e+02   2.0182877e+02  -3.1986274e+02
   1.4890000e-01   1.0088871e+02   2.1025174e+02  -3.2022913e+02
   1.4900000e-01   9.1123133e+01   2.1977334e+02  -3.2071759e+02
   1.4910000e-01   8.1479617e+01   2.2844046e+02  -3.2071776e+02
   1.4920000e-01   7.3300939e+01   2.3576481e+02  -3.2108415e+02
   1.4930000e-01   6.2680850e+01   2.4492021e+02  -3.1937534e+02
   1.4940000e-01   5.4380093e+01   2.5187835e+02  -3.1900930e+02
   1.4950000e-01   4.5957259e+01   2.5834821e+02  -3.1791084e+02
   1.4960000e-01   3.7168209e+01   2.6506222e+02  -3.1595788e+02
   1.4970000e-01   2.7646733e+01   2.7031139e+02  -3.1327250e+02
   1.4980000e-01   1.7514899e+01   2.7495021e+02  -3.0973262e+02
   1.4990000e-01   6.5285685e+00   2.7897868e+02  -3.0558239e+02
   1.5000000e-01  -3.3591347e+00   2.8300715e+02  -2.9996732e+02
   1.5010000e-01  -1.3613054e+01   2.8715769e+02  -2.9361982e+02
   1.5020000e-01  -2.3500768e+01   2.9179652e+02  -2.8641782e+02
   1.5030000e-01  -3.3266416e+01   2.9655742e+02  -2.7921582e+02
   1.5040000e-01  -4.2910000e+01   3.0083004e+02  -2.7152554e+02
   1.5050000e-01  -5.2187377e+01   3.0485852e+02  -2.6395732e+02
   1.5060000e-01  -6.1098549e+01   3.0803251e+02  -2.5626703e+02
   1.5070000e-01  -6.9887655e+01   3.1035201e+02  -2.4796638e+02
   1.5080000e-01  -7.9042977e+01   3.1181702e+02  -2.3966573e+02
   1.5090000e-01  -8.8564516e+01   3.1242754e+02  -2.3136508e+02
   1.5100000e-01  -9.8086059e+01   3.1303806e+02  -2.2294235e+02
   1.5110000e-01  -1.0760761e+02   3.1340444e+02  -2.1415341e+02
   1.5120000e-01  -1.1749537e+02   3.1340461e+02  -2.0548653e+02
   1.5130000e-01  -1.2665072e+02   3.1377099e+02  -1.9584309e+02
   1.5140000e-01  -1.3617228e+02   3.1377116e+02  -1.8595550e+02
   1.5150000e-01  -1.4544971e+02   3.1389340e+02  -1.7643412e+02
   1.5160000e-01  -1.5460507e+02   3.1413771e+02  -1.6654652e+02
   1.5170000e-01  -1.6376043e+02   3.1425995e+02  -1.5665892e+02
   1.5180000e-01  -1.7181717e+02   3.1487048e+02  -1.4701545e+02
   1.5190000e-01  -1.7962977e+02   3.1511479e+02  -1.3676163e+02
   1.5200000e-01  -1.8951757e+02   3.1523703e+02  -1.2736229e+02
   1.5210000e-01  -1.9916123e+02   3.1535926e+02  -1.1832916e+02
   1.5220000e-01  -2.0843869e+02   3.1548150e+02  -1.0905188e+02
   1.5230000e-01  -2.1759407e+02   3.1584788e+02  -9.9286322e+01
   1.5240000e-01  -2.3077779e+02   3.1572597e+02  -8.9520755e+01
   1.5250000e-01  -2.4249666e+02   3.1645856e+02  -7.6093073e+01
   1.5260000e-01  -2.4420577e+02   3.1706907e+02  -6.8768902e+01
   1.5270000e-01  -2.5006528e+02   3.1597060e+02  -5.9247460e+01
   1.5280000e-01  -2.5629100e+02   3.1523834e+02  -5.0092224e+01
   1.5290000e-01  -2.6215051e+02   3.1401779e+02  -4.1669404e+01
   1.5300000e-01  -2.6727760e+02   3.1218689e+02  -3.3368649e+01
   1.5310000e-01  -2.7081778e+02   3.0974563e+02  -2.3236835e+01
   1.5320000e-01  -2.7484625e+02   3.0596160e+02  -1.2616734e+01
   1.5330000e-01  -2.7814229e+02   3.0107894e+02  -1.0200648e+00
   1.5340000e-01  -2.8168248e+02   2.9485349e+02   1.0088328e+01
   1.5350000e-01  -2.8522267e+02   2.8777356e+02   2.0952586e+01
   1.5360000e-01  -2.8925115e+02   2.7959498e+02   3.1572708e+01
   1.5370000e-01  -2.9340169e+02   2.7117227e+02   4.1826624e+01
   1.5380000e-01  -2.9755224e+02   2.6262748e+02   5.1348124e+01
   1.5390000e-01  -3.0158072e+02   2.5383854e+02   6.0503418e+01
   1.5400000e-01  -3.0573127e+02   2.4504960e+02   6.9536647e+01
   1.5410000e-01  -3.0951562e+02   2.3650480e+02   7.8325740e+01
   1.5420000e-01  -3.1195719e+02   2.2795999e+02   8.7358979e+01
   1.5430000e-01  -3.1330012e+02   2.1990347e+02   9.6758434e+01
   1.5440000e-01  -3.1415478e+02   2.1172486e+02   1.0615789e+02
   1.5450000e-01  -3.1464323e+02   2.0318005e+02   1.1543529e+02
   1.5460000e-01  -3.1500961e+02   1.9451315e+02   1.2495683e+02
   1.5470000e-01  -3.1500977e+02   1.8548004e+02   1.3496665e+02
   1.5480000e-01  -3.1513201e+02   1.7632486e+02   1.4473234e+02
   1.5490000e-01  -3.1525425e+02   1.6668139e+02   1.5462011e+02
   1.5500000e-01  -3.1537648e+02   1.5642757e+02   1.6401960e+02
   1.5510000e-01  -3.1574286e+02   1.4653995e+02   1.7207632e+02
   1.5520000e-01  -3.1610924e+02   1.3616405e+02   1.7976683e+02
   1.5530000e-01  -3.1598733e+02   1.2652056e+02   1.8941047e+02
   1.5540000e-01  -3.1610957e+02   1.1687707e+02   1.9832169e+02
   1.5550000e-01  -3.1623180e+02   1.0747771e+02   2.0650050e+02
   1.5560000e-01  -3.1598783e+02   9.8322489e+01   2.1541173e+02
   1.5570000e-01  -3.1611006e+02   8.8801052e+01   2.2444504e+02
   1.5580000e-01  -3.1708678e+02   7.8058907e+01   2.3372249e+02
   1.5590000e-01  -3.1659866e+02   7.0368514e+01   2.4068061e+02
   1.5600000e-01  -3.1550018e+02   6.0114640e+01   2.4910357e+02
   1.5610000e-01  -3.1415757e+02   5.0471112e+01   2.5703826e+02
   1.5620000e-01  -3.1269287e+02   4.1682071e+01   2.6301983e+02
   1.5630000e-01  -3.0939713e+02   3.3625447e+01   2.6973382e+02
   1.5640000e-01  -3.0597931e+02   2.3859833e+01   2.7534918e+02
   1.5650000e-01  -3.0207320e+02   1.3483862e+01   2.8035419e+02
   1.5660000e-01  -2.9816710e+02   2.7416755e+00   2.8426057e+02
   1.5670000e-01  -2.9328443e+02  -7.6343055e+00   2.8780074e+02
   1.5680000e-01  -2.8742519e+02  -1.8132362e+01   2.9158506e+02
   1.5690000e-01  -2.8022317e+02  -2.8630424e+01   2.9524731e+02
   1.5700000e-01  -2.7277702e+02  -3.8518139e+01   2.9854335e+02
   1.5710000e-01  -2.6435429e+02  -4.8405860e+01   3.0183939e+02
   1.5720000e-01  -2.5544329e+02  -5.7805304e+01   3.0489129e+02
   1.5730000e-01  -2.4628813e+02  -6.6716473e+01   3.0794319e+02
   1.5740000e-01  -2.3737712e+02  -7.5383505e+01   3.1050681e+02
   1.5750000e-01  -2.2809989e+02  -8.3928473e+01   3.1307044e+02
   1.5760000e-01  -2.1906679e+02  -9.2839656e+01   3.1490164e+02
   1.5770000e-01  -2.1076612e+02  -1.0211706e+02   3.1575629e+02
   1.5780000e-01  -2.0258751e+02  -1.1139446e+02   3.1624472e+02
   1.5790000e-01  -1.9343233e+02  -1.2042773e+02   3.1685522e+02
   1.5800000e-01  -1.8488750e+02  -1.2958307e+02   3.1709951e+02
   1.5810000e-01  -1.7597646e+02  -1.3861635e+02   3.1783209e+02
   1.5820000e-01  -1.6657713e+02  -1.4825998e+02   3.1807638e+02
   1.5830000e-01  -1.5754401e+02  -1.5802569e+02   3.1819860e+02
   1.5840000e-01  -1.4790053e+02  -1.6644863e+02   3.1880911e+02
   1.5850000e-01  -1.3825704e+02  -1.7413915e+02   3.1929754e+02
   1.5860000e-01  -1.2873562e+02  -1.8280624e+02   3.1990804e+02
   1.5870000e-01  -1.1945834e+02  -1.9244990e+02   3.2015233e+02
   1.5880000e-01  -1.1042519e+02  -2.0123906e+02   3.2003041e+02
   1.5890000e-01  -1.0126997e+02  -2.0990616e+02   3.1990849e+02
   1.5900000e-01  -9.1626458e+01  -2.2003811e+02   3.1942036e+02
   1.5910000e-01  -8.0884311e+01  -2.3383217e+02   3.1905429e+02
   1.5920000e-01  -6.9898018e+01  -2.4152272e+02   3.1978686e+02
   1.5930000e-01  -6.3428321e+01  -2.4469667e+02   3.2051942e+02
   1.5940000e-01  -5.2319947e+01  -2.5189895e+02   3.1844437e+02
   1.5950000e-01  -4.4385397e+01  -2.5824673e+02   3.1722381e+02
   1.5960000e-01  -3.6694982e+01  -2.6410624e+02   3.1502668e+02
   1.5970000e-01  -2.8638350e+01  -2.6874505e+02   3.1234126e+02
   1.5980000e-01  -1.9849292e+01  -2.7265144e+02   3.0928964e+02
   1.5990000e-01  -1.0083665e+01  -2.7692404e+02   3.0513938e+02
   1.6000000e-01   4.1438785e-01  -2.8095250e+02   3.0001255e+02
   1.6010000e-01   1.1278657e+01  -2.8571339e+02   2.9378709e+02
   1.6020000e-01   2.3119494e+01  -2.9010807e+02   2.8719541e+02
   1.6030000e-01   3.3861704e+01  -2.9474689e+02   2.7987131e+02
   1.6040000e-01   4.3871497e+01  -2.9962986e+02   2.7218100e+02
   1.6050000e-01   5.3393013e+01  -3.0378040e+02   2.6424654e+02
   1.6060000e-01   6.2792465e+01  -3.0732060e+02   2.5631208e+02
   1.6070000e-01   7.2069851e+01  -3.0976216e+02   2.4837761e+02
   1.6080000e-01   8.1103102e+01  -3.1134923e+02   2.4032107e+02
   1.6090000e-01   8.9892217e+01  -3.1232595e+02   2.3189831e+02
   1.6100000e-01   9.8681337e+01  -3.1305854e+02   2.2359762e+02
   1.6110000e-01   1.0808081e+02  -3.1354698e+02   2.1505279e+02
   1.6120000e-01   1.1748029e+02  -3.1366921e+02   2.0638588e+02
   1.6130000e-01   1.2651357e+02  -3.1403558e+02   1.9710861e+02
   1.6140000e-01   1.3542478e+02  -3.1440196e+02   1.8722099e+02
   1.6150000e-01   1.4445806e+02  -3.1464626e+02   1.7721130e+02
   1.6160000e-01   1.5361342e+02  -3.1464642e+02   1.6707953e+02
   1.6170000e-01   1.6289086e+02  -3.1489072e+02   1.5694775e+02
   1.6180000e-01   1.7155794e+02  -3.1501296e+02   1.4791460e+02
   1.6190000e-01   1.7937054e+02  -3.1562347e+02   1.3741661e+02
   1.6200000e-01   1.8950248e+02  -3.1550156e+02   1.2789517e+02
   1.6210000e-01   1.9914614e+02  -3.1599000e+02   1.1849579e+02
   1.6220000e-01   2.0817946e+02  -3.1611223e+02   1.0958470e+02
   1.6230000e-01   2.1745691e+02  -3.1586825e+02   1.0018531e+02
   1.6240000e-01   2.2612402e+02  -3.1599047e+02   9.0419714e+01
   1.6250000e-01   2.3454700e+02  -3.1550235e+02   8.0898250e+01
   1.6260000e-01   2.3979615e+02  -3.1660113e+02   7.3329906e+01
   1.6270000e-01   2.4736463e+02  -3.1635715e+02   6.1367025e+01
   1.6280000e-01   2.5481106e+02  -3.1525866e+02   5.1357264e+01
   1.6290000e-01   2.6054850e+02  -3.1452639e+02   4.1957849e+01
   1.6300000e-01   2.6616387e+02  -3.1257341e+02   3.3412920e+01
   1.6310000e-01   2.7153510e+02  -3.0939972e+02   2.3281073e+01
   1.6320000e-01   2.7592978e+02  -3.0561569e+02   1.2294728e+01
   1.6330000e-01   2.7959203e+02  -3.0109922e+02   1.1863070e+00
   1.6340000e-01   2.8276601e+02  -2.9548412e+02  -9.8000487e+00
   1.6350000e-01   2.8618413e+02  -2.8864832e+02  -2.0176058e+01
   1.6360000e-01   2.8972432e+02  -2.8095802e+02  -2.9819651e+01
   1.6370000e-01   2.9326452e+02  -2.7253529e+02  -3.9585320e+01
   1.6380000e-01   2.9753713e+02  -2.6411256e+02  -4.9228923e+01
   1.6390000e-01   3.0168768e+02  -2.5520155e+02  -5.8018040e+01
   1.6400000e-01   3.0510581e+02  -2.4665674e+02  -6.7173373e+01
   1.6410000e-01   3.0803566e+02  -2.3798986e+02  -7.6084570e+01
   1.6420000e-01   3.0998895e+02  -2.2956712e+02  -8.5117842e+01
   1.6430000e-01   3.1108774e+02  -2.2163265e+02  -9.4639401e+01
   1.6440000e-01   3.1194240e+02  -2.1308783e+02  -1.0428304e+02
   1.6450000e-01   3.1243085e+02  -2.0429886e+02  -1.1404875e+02
   1.6460000e-01   3.1267515e+02  -1.9550989e+02  -1.2381446e+02
   1.6470000e-01   3.1279739e+02  -1.8635470e+02  -1.3358018e+02
   1.6480000e-01   3.1304170e+02  -1.7671123e+02  -1.4359004e+02
   1.6490000e-01   3.1316393e+02  -1.6706775e+02  -1.5384405e+02
   1.6500000e-01   3.1340824e+02  -1.5730220e+02  -1.6336565e+02
   1.6510000e-01   3.1365255e+02  -1.4790285e+02  -1.7142240e+02
   1.6520000e-01   3.1389685e+02  -1.3764901e+02  -1.7886881e+02
   1.6530000e-01   3.1401909e+02  -1.2776137e+02  -1.8826834e+02
   1.6540000e-01   3.1389718e+02  -1.1836201e+02  -1.9693546e+02
   1.6550000e-01   3.1389735e+02  -1.0920679e+02  -2.0511430e+02
   1.6560000e-01   3.1426372e+02  -9.9197067e+01  -2.1353729e+02
   1.6570000e-01   3.1414181e+02  -8.9675621e+01  -2.2269270e+02
   1.6580000e-01   3.1414197e+02  -8.0398310e+01  -2.3148190e+02
   1.6590000e-01   3.1340971e+02  -7.3562401e+01  -2.3917247e+02
   1.6600000e-01   3.1365400e+02  -6.3430587e+01  -2.4649684e+02
   1.6610000e-01   3.1353209e+02  -5.2078066e+01  -2.5369914e+02
   1.6620000e-01   3.1218947e+02  -4.2434524e+01  -2.6041317e+02
   1.6630000e-01   3.0987028e+02  -3.3767539e+01  -2.6688305e+02
   1.6640000e-01   3.0669660e+02  -2.4123986e+01  -2.7310880e+02
   1.6650000e-01   3.0279050e+02  -1.3137654e+01  -2.7860213e+02
   1.6660000e-01   2.9876232e+02  -1.9071767e+00  -2.8336303e+02
   1.6670000e-01   2.9363551e+02   8.2246732e+00  -2.8775774e+02
   1.6680000e-01   2.8838662e+02   1.8844810e+01  -2.9142002e+02
   1.6690000e-01   2.8142875e+02   2.8732529e+01  -2.9532644e+02
   1.6700000e-01   2.7373845e+02   3.8009903e+01  -2.9874459e+02
   1.6710000e-01   2.6555987e+02   4.7531422e+01  -3.0191859e+02
   1.6720000e-01   2.5652679e+02   5.6564665e+01  -3.0484846e+02
   1.6730000e-01   2.4724957e+02   6.5475843e+01  -3.0765626e+02
   1.6740000e-01   2.3797234e+02   7.3898745e+01  -3.1034199e+02
   1.6750000e-01   2.2918340e+02   8.2321652e+01  -3.1266151e+02
   1.6760000e-01   2.2051651e+02   9.0744564e+01  -3.1461482e+02
   1.6770000e-01   2.1233791e+02   1.0002197e+02  -3.1546950e+02
   1.6780000e-01   2.0428137e+02   1.0929939e+02  -3.1620211e+02
   1.6790000e-01   1.9598069e+02   1.1869888e+02  -3.1669058e+02
   1.6800000e-01   1.8743586e+02   1.2797630e+02  -3.1717905e+02
   1.6810000e-01   1.7864688e+02   1.3774201e+02  -3.1754545e+02
   1.6820000e-01   1.6900341e+02   1.4762979e+02  -3.1791185e+02
   1.6830000e-01   1.5935994e+02   1.5739551e+02  -3.1827825e+02
   1.6840000e-01   1.4959439e+02   1.6630674e+02  -3.1888879e+02
   1.6850000e-01   1.4056125e+02   1.7436349e+02  -3.1925519e+02
   1.6860000e-01   1.3091777e+02   1.8290851e+02  -3.1986573e+02
   1.6870000e-01   1.2127427e+02   1.9218597e+02  -3.2011005e+02
   1.6880000e-01   1.1248526e+02   2.0060894e+02  -3.1949989e+02
   1.6890000e-01   1.0320797e+02   2.0854363e+02  -3.1986629e+02
   1.6900000e-01   9.3686533e+01   2.1757695e+02  -3.1998854e+02
   1.6910000e-01   8.4287160e+01   2.2538958e+02  -3.1986665e+02
   1.6920000e-01   7.5986414e+01   2.3308014e+02  -3.2023305e+02
   1.6930000e-01   6.5122187e+01   2.4211347e+02  -3.1937874e+02
   1.6940000e-01   5.6333150e+01   2.4943783e+02  -3.1913477e+02
   1.6950000e-01   4.7422037e+01   2.5664012e+02  -3.1803632e+02
   1.6960000e-01   3.8388849e+01   2.6323206e+02  -3.1644958e+02
   1.6970000e-01   2.8989445e+01   2.6945779e+02  -3.1352006e+02
   1.6980000e-01   1.8369333e+01   2.7446282e+02  -3.1034641e+02
   1.6990000e-01   7.1388632e+00   2.7885751e+02  -3.0619618e+02
   1.7000000e-01  -2.8709082e+00   2.8300805e+02  -3.0070318e+02
   1.7010000e-01  -1.2636544e+01   2.8703653e+02  -2.9459983e+02
   1.7020000e-01  -2.2280115e+01   2.9130915e+02  -2.8751991e+02
   1.7030000e-01  -3.1801621e+01   2.9582591e+02  -2.8043999e+02
   1.7040000e-01  -4.1078991e+01   3.0022061e+02  -2.7287178e+02
   1.7050000e-01  -5.0112226e+01   3.0412702e+02  -2.6530357e+02
   1.7060000e-01  -5.8901325e+01   3.0754516e+02  -2.5761329e+02
   1.7070000e-01  -6.7690429e+01   3.0998673e+02  -2.4955679e+02
   1.7080000e-01  -7.6723679e+01   3.1181796e+02  -2.4113408e+02
   1.7090000e-01  -8.6245215e+01   3.1267262e+02  -2.3295550e+02
   1.7100000e-01  -9.5644686e+01   3.1328314e+02  -2.2477692e+02
   1.7110000e-01  -1.0504416e+02   3.1377160e+02  -2.1623213e+02
   1.7120000e-01  -1.1505399e+02   3.1352763e+02  -2.0744319e+02
   1.7130000e-01  -1.2469762e+02   3.1364987e+02  -1.9816596e+02
   1.7140000e-01  -1.3434125e+02   3.1365005e+02  -1.8815631e+02
   1.7150000e-01  -1.4410696e+02   3.1365022e+02  -1.7814665e+02
   1.7160000e-01  -1.5362852e+02   3.1389453e+02  -1.6825906e+02
   1.7170000e-01  -1.6315010e+02   3.1389471e+02  -1.5837146e+02
   1.7180000e-01  -1.7157304e+02   3.1438316e+02  -1.4872801e+02
   1.7190000e-01  -1.7914150e+02   3.1499369e+02  -1.3835212e+02
   1.7200000e-01  -1.8854102e+02   3.1523800e+02  -1.2907486e+02
   1.7210000e-01  -1.9781847e+02   3.1548232e+02  -1.2016381e+02
   1.7220000e-01  -2.0648557e+02   3.1560456e+02  -1.1113068e+02
   1.7230000e-01  -2.1515268e+02   3.1597094e+02  -1.0124305e+02
   1.7240000e-01  -2.2443014e+02   3.1597111e+02  -9.1721636e+01
   1.7250000e-01  -2.3309725e+02   3.1499471e+02  -8.3176774e+01
   1.7260000e-01  -2.4090988e+02   3.1560523e+02  -7.5730540e+01
   1.7270000e-01  -2.4762387e+02   3.1633782e+02  -6.2791136e+01
   1.7280000e-01  -2.5372752e+02   3.1584970e+02  -5.1804852e+01
   1.7290000e-01  -2.6007531e+02   3.1462915e+02  -4.3259970e+01
   1.7300000e-01  -2.6642310e+02   3.1255412e+02  -3.4470941e+01
   1.7310000e-01  -2.7155020e+02   3.0999080e+02  -2.3606712e+01
   1.7320000e-01  -2.7643315e+02   3.0632884e+02  -1.2376266e+01
   1.7330000e-01  -2.7997334e+02   3.0181239e+02  -7.7960460e-01
   1.7340000e-01  -2.8326938e+02   2.9595316e+02   1.0328781e+01
   1.7350000e-01  -2.8668750e+02   2.8923944e+02   2.0582680e+01
   1.7360000e-01  -2.9022769e+02   2.8167122e+02   3.0714514e+01
   1.7370000e-01  -2.9352375e+02   2.7349265e+02   4.0358071e+01
   1.7380000e-01  -2.9730808e+02   2.6482580e+02   4.9147142e+01
   1.7390000e-01  -3.0072621e+02   2.5603687e+02   5.8302429e+01
   1.7400000e-01  -3.0451055e+02   2.4700379e+02   6.6969440e+01
   1.7410000e-01  -3.0817282e+02   2.3821485e+02   7.5514385e+01
   1.7420000e-01  -3.1134681e+02   2.2954798e+02   8.4303477e+01
   1.7430000e-01  -3.1293389e+02   2.2136939e+02   9.3702924e+01
   1.7440000e-01  -3.1403268e+02   2.1319079e+02   1.0346859e+02
   1.7450000e-01  -3.1464320e+02   2.0476805e+02   1.1286805e+02
   1.7460000e-01  -3.1500958e+02   1.9634530e+02   1.2251165e+02
   1.7470000e-01  -3.1525388e+02   1.8731220e+02   1.3288768e+02
   1.7480000e-01  -3.1537612e+02   1.7791288e+02   1.4326371e+02
   1.7490000e-01  -3.1513214e+02   1.6826941e+02   1.5327354e+02
   1.7500000e-01  -3.1525438e+02   1.5813766e+02   1.6291716e+02
   1.7510000e-01  -3.1537662e+02   1.4825005e+02   1.7134009e+02
   1.7520000e-01  -3.1586506e+02   1.3811829e+02   1.7866438e+02
   1.7530000e-01  -3.1598730e+02   1.2835274e+02   1.8794180e+02
   1.7540000e-01  -3.1610953e+02   1.1883132e+02   1.9636474e+02
   1.7550000e-01  -3.1598763e+02   1.0979818e+02   2.0454354e+02
   1.7560000e-01  -3.1610986e+02   1.0039882e+02   2.1321062e+02
   1.7570000e-01  -3.1598795e+02   9.0877392e+01   2.2224392e+02
   1.7580000e-01  -3.1635432e+02   8.1111814e+01   2.3139930e+02
   1.7590000e-01  -3.1623241e+02   7.3421427e+01   2.3786913e+02
   1.7600000e-01  -3.1562221e+02   6.3411698e+01   2.4592587e+02
   1.7610000e-01  -3.1427959e+02   5.2913683e+01   2.5520333e+02
   1.7620000e-01  -3.1269283e+02   4.3636366e+01   2.6167317e+02
   1.7630000e-01  -3.0988536e+02   3.5091465e+01   2.6814301e+02
   1.7640000e-01  -3.0646754e+02   2.5447926e+01   2.7449079e+02
   1.7650000e-01  -3.0280558e+02   1.4583679e+01   2.7986200e+02
   1.7660000e-01  -2.9877740e+02   3.5973570e+00   2.8450080e+02
   1.7670000e-01  -2.9401680e+02  -6.9006895e+00   2.8816304e+02
   1.7680000e-01  -2.8852377e+02  -1.7276671e+01   2.9182528e+02
   1.7690000e-01  -2.8181004e+02  -2.7408517e+01   2.9548752e+02
   1.7700000e-01  -2.7424181e+02  -3.6930016e+01   2.9890562e+02
   1.7710000e-01  -2.6618530e+02  -4.6451521e+01   3.0207959e+02
   1.7720000e-01  -2.5715222e+02  -5.5606820e+01   3.0476527e+02
   1.7730000e-01  -2.4811914e+02  -6.4517983e+01   3.0757303e+02
   1.7740000e-01  -2.3896398e+02  -7.3307082e+01   3.1013664e+02
   1.7750000e-01  -2.2980882e+02  -8.1729974e+01   3.1270026e+02
   1.7760000e-01  -2.2101987e+02  -9.0519082e+01   3.1465353e+02
   1.7770000e-01  -2.1259712e+02  -9.9674406e+01   3.1575231e+02
   1.7780000e-01  -2.0466265e+02  -1.0931802e+02   3.1624073e+02
   1.7790000e-01  -1.9611783e+02  -1.1847335e+02   3.1685123e+02
   1.7800000e-01  -1.8720679e+02  -1.2750662e+02   3.1733966e+02
   1.7810000e-01  -1.7792953e+02  -1.3678403e+02   3.1770602e+02
   1.7820000e-01  -1.6804192e+02  -1.4630559e+02   3.1843858e+02
   1.7830000e-01  -1.5864259e+02  -1.5655957e+02   3.1843873e+02
   1.7840000e-01  -1.4924325e+02  -1.6559286e+02   3.1892716e+02
   1.7850000e-01  -1.3972183e+02  -1.7328338e+02   3.1941558e+02
   1.7860000e-01  -1.2995627e+02  -1.8146218e+02   3.1990401e+02
   1.7870000e-01  -1.2104520e+02  -1.9098376e+02   3.1990416e+02
   1.7880000e-01  -1.1201205e+02  -1.9952878e+02   3.1978223e+02
   1.7890000e-01  -1.0285683e+02  -2.0795174e+02   3.1990444e+02
   1.7900000e-01  -9.3335387e+01  -2.1698505e+02   3.1966044e+02
   1.7910000e-01  -8.3325662e+01  -2.2626250e+02   3.1953851e+02
   1.7920000e-01  -7.6123548e+01  -2.3358684e+02   3.1868416e+02
   1.7930000e-01  -6.8433149e+01  -2.4200981e+02   3.1892844e+02
   1.7940000e-01  -5.5249580e+01  -2.4994450e+02   3.1892857e+02
   1.7950000e-01  -4.6094326e+01  -2.5629228e+02   3.1819629e+02
   1.7960000e-01  -3.7671488e+01  -2.6276214e+02   3.1587708e+02
   1.7970000e-01  -2.8638294e+01  -2.6837750e+02   3.1294752e+02
   1.7980000e-01  -1.8994744e+01  -2.7350459e+02   3.0977382e+02
   1.7990000e-01  -8.3746251e+00  -2.7789926e+02   3.0586770e+02
   1.8000000e-01   1.8792876e+00  -2.8180565e+02   3.0098501e+02
   1.8010000e-01   1.2255276e+01  -2.8583411e+02   2.9512575e+02
   1.8020000e-01   2.2509199e+01  -2.9010671e+02   2.8841200e+02
   1.8030000e-01   3.2030706e+01  -2.9437932e+02   2.8133203e+02
   1.8040000e-01   4.1186006e+01  -2.9901814e+02   2.7364171e+02
   1.8050000e-01   5.0097172e+01  -3.0329075e+02   2.6595139e+02
   1.8060000e-01   5.9130412e+01  -3.0683094e+02   2.5789485e+02
   1.8070000e-01   6.8529869e+01  -3.0939457e+02   2.4983831e+02
   1.8080000e-01   7.7685190e+01  -3.1122578e+02   2.4178176e+02
   1.8090000e-01   8.6840516e+01  -3.1244664e+02   2.3335900e+02
   1.8100000e-01   9.6117917e+01  -3.1305714e+02   2.2505831e+02
   1.8110000e-01   1.0588360e+02  -3.1330144e+02   2.1651347e+02
   1.8120000e-01   1.1564930e+02  -3.1330160e+02   2.0784655e+02
   1.8130000e-01   1.2504878e+02  -3.1354590e+02   1.9869135e+02
   1.8140000e-01   1.3420413e+02  -3.1391227e+02   1.8892580e+02
   1.8150000e-01   1.4360363e+02  -3.1403450e+02   1.7903817e+02
   1.8160000e-01   1.5288106e+02  -3.1427879e+02   1.6878432e+02
   1.8170000e-01   1.6203642e+02  -3.1452309e+02   1.5865254e+02
   1.8180000e-01   1.7033730e+02  -3.1476739e+02   1.4937525e+02
   1.8190000e-01   1.7802783e+02  -3.1537790e+02   1.3960967e+02
   1.8200000e-01   1.8754941e+02  -3.1550013e+02   1.2984408e+02
   1.8210000e-01   1.9707101e+02  -3.1586650e+02   1.2056678e+02
   1.8220000e-01   2.0610432e+02  -3.1598872e+02   1.1165567e+02
   1.8230000e-01   2.1525971e+02  -3.1586681e+02   1.0201215e+02
   1.8240000e-01   2.2429303e+02  -3.1598903e+02   9.1880330e+01
   1.8250000e-01   2.3308221e+02  -3.1659953e+02   8.1260229e+01
   1.8260000e-01   2.3967414e+02  -3.1659968e+02   7.4058090e+01
   1.8270000e-01   2.4736470e+02  -3.1598948e+02   6.1728994e+01
   1.8280000e-01   2.5468905e+02  -3.1501306e+02   5.2573720e+01
   1.8290000e-01   2.6042649e+02  -3.1415872e+02   4.4150863e+01
   1.8300000e-01   2.6591979e+02  -3.1281609e+02   3.5483860e+01
   1.8310000e-01   2.7116896e+02  -3.1025275e+02   2.5718219e+01
   1.8320000e-01   2.7507535e+02  -3.0707906e+02   1.5098080e+01
   1.8330000e-01   2.7849347e+02  -3.0280673e+02   3.8675841e+00
   1.8340000e-01   2.8191158e+02  -2.9706956e+02  -7.3629169e+00
   1.8350000e-01   2.8520763e+02  -2.9023375e+02  -1.7616861e+01
   1.8360000e-01   2.8886990e+02  -2.8266552e+02  -2.7626669e+01
   1.8370000e-01   2.9277630e+02  -2.7399865e+02  -3.7880624e+01
   1.8380000e-01   2.9692685e+02  -2.6569799e+02  -4.7524232e+01
   1.8390000e-01   3.0071119e+02  -2.5703111e+02  -5.6313353e+01
   1.8400000e-01   3.0412932e+02  -2.4824216e+02  -6.5590761e+01
   1.8410000e-01   3.0730331e+02  -2.3933114e+02  -7.4746103e+01
   1.8420000e-01   3.0937867e+02  -2.3078632e+02  -8.3901451e+01
   1.8430000e-01   3.1084368e+02  -2.2272978e+02  -9.3423014e+01
   1.8440000e-01   3.1182040e+02  -2.1430702e+02  -1.0306665e+02
   1.8450000e-01   3.1230885e+02  -2.0576219e+02  -1.1258823e+02
   1.8460000e-01   3.1267523e+02  -1.9733943e+02  -1.2198773e+02
   1.8470000e-01   3.1291954e+02  -1.8842838e+02  -1.3150932e+02
   1.8480000e-01   3.1304177e+02  -1.7927319e+02  -1.4139712e+02
   1.8490000e-01   3.1304194e+02  -1.6950764e+02  -1.5140699e+02
   1.8500000e-01   3.1316418e+02  -1.5962001e+02  -1.6117273e+02
   1.8510000e-01   3.1340849e+02  -1.4985445e+02  -1.6959570e+02
   1.8520000e-01   3.1365279e+02  -1.3972268e+02  -1.7704211e+02
   1.8530000e-01   3.1377503e+02  -1.2934676e+02  -1.8595337e+02
   1.8540000e-01   3.1389726e+02  -1.1970325e+02  -1.9523084e+02
   1.8550000e-01   3.1401950e+02  -1.1042595e+02  -2.0353176e+02
   1.8560000e-01   3.1438587e+02  -1.0102658e+02  -2.1195475e+02
   1.8570000e-01   3.1426397e+02  -9.1749272e+01  -2.2098809e+02
   1.8580000e-01   3.1377585e+02  -8.2594029e+01  -2.3307320e+02
   1.8590000e-01   3.1377601e+02  -7.3194641e+01  -2.4076378e+02
   1.8600000e-01   3.1450859e+02  -6.4283528e+01  -2.4430397e+02
   1.8610000e-01   3.1341011e+02  -5.3419285e+01  -2.5236077e+02
   1.8620000e-01   3.1218956e+02  -4.4019881e+01  -2.5931894e+02
   1.8630000e-01   3.1011452e+02  -3.5597034e+01  -2.6615504e+02
   1.8640000e-01   3.0706291e+02  -2.6685900e+01  -2.7225872e+02
   1.8650000e-01   3.0352302e+02  -1.6309917e+01  -2.7714170e+02
   1.8660000e-01   2.9949484e+02  -5.5677187e+00  -2.8178055e+02
   1.8670000e-01   2.9436803e+02   4.8082745e+00  -2.8617525e+02
   1.8680000e-01   2.8899708e+02   1.5428413e+01  -2.9008168e+02
   1.8690000e-01   2.8203920e+02   2.5926487e+01  -2.9386604e+02
   1.8700000e-01   2.7447098e+02   3.5814215e+01  -2.9752833e+02
   1.8710000e-01   2.6641447e+02   4.5824018e+01  -3.0094648e+02
   1.8720000e-01   2.5762553e+02   5.5223475e+01  -3.0412049e+02
   1.8730000e-01   2.4883659e+02   6.4500866e+01  -3.0705037e+02
   1.8740000e-01   2.3992558e+02   7.3045841e+01  -3.0961403e+02
   1.8750000e-01   2.3125870e+02   8.1346680e+01  -3.1205563e+02
   1.8760000e-01   2.2283596e+02   9.0013736e+01  -3.1400894e+02
   1.8770000e-01   2.1404701e+02   9.9047007e+01  -3.1510777e+02
   1.8780000e-01   2.0550219e+02   1.0820235e+02  -3.1596245e+02
   1.8790000e-01   1.9707944e+02   1.1723563e+02  -3.1657300e+02
   1.8800000e-01   1.8816840e+02   1.2639099e+02  -3.1718354e+02
   1.8810000e-01   1.7950150e+02   1.3591256e+02  -3.1767202e+02
   1.8820000e-01   1.7034631e+02   1.4555621e+02  -3.1803842e+02
   1.8830000e-01   1.6094698e+02   1.5519986e+02  -3.1840483e+02
   1.8840000e-01   1.5130350e+02   1.6411109e+02  -3.1889330e+02
   1.8850000e-01   1.4251451e+02   1.7216784e+02  -3.1938178e+02
   1.8860000e-01   1.3299309e+02   1.8034666e+02  -3.1950404e+02
   1.8870000e-01   1.2359374e+02   1.8986826e+02  -3.1987045e+02
   1.8880000e-01   1.1407231e+02   1.9865744e+02  -3.1962650e+02
   1.8890000e-01   1.0503916e+02   2.0683627e+02  -3.1962669e+02
   1.8900000e-01   9.5151514e+01   2.1611374e+02  -3.2035930e+02
   1.8910000e-01   8.4409369e+01   2.2624570e+02  -3.2060363e+02
   1.8920000e-01   7.6230695e+01   2.3344799e+02  -3.2084796e+02
   1.8930000e-01   6.5610610e+01   2.4223718e+02  -3.1950537e+02
   1.8940000e-01   5.6821575e+01   2.4895119e+02  -3.1962763e+02
   1.8950000e-01   4.8642886e+01   2.5566520e+02  -3.1852918e+02
   1.8960000e-01   4.0097981e+01   2.6225715e+02  -3.1669830e+02
   1.8970000e-01   3.1064790e+01   2.6811667e+02  -3.1413501e+02
   1.8980000e-01   2.1299172e+01   2.7287756e+02  -3.1108342e+02
   1.8990000e-01   1.0801126e+01   2.7715018e+02  -3.0705528e+02
   1.9000000e-01   6.6928622e-01   2.8093452e+02  -3.0205056e+02
   1.9010000e-01  -9.2184182e+00   2.8520714e+02  -2.9619136e+02
   1.9020000e-01  -1.9350268e+01   2.8972390e+02  -2.8947766e+02
   1.9030000e-01  -2.9237983e+01   2.9448481e+02  -2.8227567e+02
   1.9040000e-01  -3.9003633e+01   2.9924572e+02  -2.7458540e+02
   1.9050000e-01  -4.8769288e+01   3.0339628e+02  -2.6689512e+02
   1.9060000e-01  -5.8046666e+01   3.0693648e+02  -2.5920485e+02
   1.9070000e-01  -6.6957839e+01   3.0974427e+02  -2.5114835e+02
   1.9080000e-01  -7.5991087e+01   3.1145343e+02  -2.4272565e+02
   1.9090000e-01  -8.5268481e+01   3.1243017e+02  -2.3442500e+02
   1.9100000e-01  -9.4423809e+01   3.1304069e+02  -2.2624643e+02
   1.9110000e-01  -1.0370121e+02   3.1328501e+02  -2.1757957e+02
   1.9120000e-01  -1.1346690e+02   3.1328519e+02  -2.0891271e+02
   1.9130000e-01  -1.2298846e+02   3.1328536e+02  -1.9963549e+02
   1.9140000e-01  -1.3263208e+02   3.1328554e+02  -1.8974791e+02
   1.9150000e-01  -1.4227572e+02   3.1340779e+02  -1.7986033e+02
   1.9160000e-01  -1.5155314e+02   3.1389625e+02  -1.6985068e+02
   1.9170000e-01  -1.6107472e+02   3.1401849e+02  -1.6020723e+02
   1.9180000e-01  -1.6961973e+02   3.1438488e+02  -1.5068584e+02
   1.9190000e-01  -1.7718819e+02   3.1499541e+02  -1.4079824e+02
   1.9200000e-01  -1.8622149e+02   3.1523973e+02  -1.3152099e+02
   1.9210000e-01  -1.9562101e+02   3.1548405e+02  -1.2199959e+02
   1.9220000e-01  -2.0453225e+02   3.1560629e+02  -1.1284440e+02
   1.9230000e-01  -2.1368764e+02   3.1572853e+02  -1.0320092e+02
   1.9240000e-01  -2.2320924e+02   3.1585078e+02  -9.3557439e+01
   1.9250000e-01  -2.3590467e+02   3.1463025e+02  -8.4524302e+01
   1.9260000e-01  -2.4042139e+02   3.1609526e+02  -7.5857370e+01
   1.9270000e-01  -2.4603675e+02   3.1633957e+02  -6.3528324e+01
   1.9280000e-01  -2.5299489e+02   3.1524110e+02  -5.4128961e+01
   1.9290000e-01  -2.5885440e+02   3.1475298e+02  -4.4851662e+01
   1.9300000e-01  -2.6508012e+02   3.1280002e+02  -3.6428850e+01
   1.9310000e-01  -2.7020721e+02   3.1023670e+02  -2.6052908e+01
   1.9320000e-01  -2.7460189e+02   3.0706303e+02  -1.5066609e+01
   1.9330000e-01  -2.7850828e+02   3.0279073e+02  -3.8361646e+00
   1.9340000e-01  -2.8192640e+02   2.9729772e+02   7.3942855e+00
   1.9350000e-01  -2.8546659e+02   2.9070607e+02   1.7770249e+01
   1.9360000e-01  -2.8876264e+02   2.8313785e+02   2.8146217e+01
   1.9370000e-01  -2.9242490e+02   2.7459308e+02   3.8033910e+01
   1.9380000e-01  -2.9645337e+02   2.6617036e+02   4.7555396e+01
   1.9390000e-01  -3.0023771e+02   2.5738144e+02   5.6588607e+01
   1.9400000e-01  -3.0414412e+02   2.4810423e+02   6.5377682e+01
   1.9410000e-01  -3.0805053e+02   2.3968150e+02   7.4288833e+01
   1.9420000e-01  -3.1098038e+02   2.3125878e+02   8.3077918e+01
   1.9430000e-01  -3.1293366e+02   2.2320226e+02   9.2355290e+01
   1.9440000e-01  -3.1391039e+02   2.1514573e+02   1.0199888e+02
   1.9450000e-01  -3.1464297e+02   2.0660092e+02   1.1139833e+02
   1.9460000e-01  -3.1488728e+02   1.9781197e+02   1.2091986e+02
   1.9470000e-01  -3.1500951e+02   1.8877887e+02   1.3117381e+02
   1.9480000e-01  -3.1525382e+02   1.7937956e+02   1.4130570e+02
   1.9490000e-01  -3.1513191e+02   1.6973610e+02   1.5119345e+02
   1.9500000e-01  -3.1513208e+02   1.5960435e+02   1.6095914e+02
   1.9510000e-01  -3.1525431e+02   1.4971674e+02   1.6925998e+02
   1.9520000e-01  -3.1562069e+02   1.4019534e+02   1.7682841e+02
   1.9530000e-01  -3.1598706e+02   1.3042979e+02   1.8573962e+02
   1.9540000e-01  -3.1610930e+02   1.2066424e+02   1.9477290e+02
   1.9550000e-01  -3.1623153e+02   1.1150903e+02   2.0319584e+02
   1.9560000e-01  -3.1610962e+02   1.0223175e+02   2.1186292e+02
   1.9570000e-01  -3.1598771e+02   9.2588250e+01   2.2089621e+02
   1.9580000e-01  -3.1696443e+02   8.1846114e+01   2.3041779e+02
   1.9590000e-01  -3.1647631e+02   7.3423309e+01   2.3810832e+02
   1.9600000e-01  -3.1611025e+02   6.4390147e+01   2.4567678e+02
   1.9610000e-01  -3.1452349e+02   5.3892137e+01   2.5373352e+02
   1.9620000e-01  -3.1293673e+02   4.5225175e+01   2.6032543e+02
   1.9630000e-01  -3.1000719e+02   3.7168560e+01   2.6703941e+02
   1.9640000e-01  -3.0683351e+02   2.7769167e+01   2.7314304e+02
   1.9650000e-01  -3.0317155e+02   1.7637346e+01   2.7851425e+02
   1.9660000e-01  -2.9938751e+02   7.0172387e+00   2.8303097e+02
   1.9670000e-01  -2.9511519e+02  -3.6028737e+00   2.8669320e+02
   1.9680000e-01  -2.8998837e+02  -1.4100921e+01   2.9084372e+02
   1.9690000e-01  -2.8339671e+02  -2.4843114e+01   2.9438388e+02
   1.9700000e-01  -2.7607262e+02  -3.4730820e+01   2.9792405e+02
   1.9710000e-01  -2.6789404e+02  -4.4740602e+01   3.0109801e+02
   1.9720000e-01  -2.5922717e+02  -5.4384178e+01   3.0402783e+02
   1.9730000e-01  -2.5031616e+02  -6.3417407e+01   3.0671351e+02
   1.9740000e-01  -2.4116100e+02  -7.2084431e+01   3.0927712e+02
   1.9750000e-01  -2.3200584e+02  -8.0507319e+01   3.1184074e+02
   1.9760000e-01  -2.2272861e+02  -8.9052282e+01   3.1403814e+02
   1.9770000e-01  -2.1406172e+02  -9.8207602e+01   3.1538105e+02
   1.9780000e-01  -2.0576104e+02  -1.0760707e+02   3.1623569e+02
   1.9790000e-01  -1.9685000e+02  -1.1651826e+02   3.1684618e+02
   1.9800000e-01  -1.8818310e+02  -1.2567359e+02   3.1721253e+02
   1.9810000e-01  -1.7902792e+02  -1.3482893e+02   3.1782302e+02
   1.9820000e-01  -1.6950652e+02  -1.4422841e+02   3.1843352e+02
   1.9830000e-01  -1.6047339e+02  -1.5436032e+02   3.1855573e+02
   1.9840000e-01  -1.5119613e+02  -1.6351568e+02   3.1904415e+02
   1.9850000e-01  -1.4216299e+02  -1.7157240e+02   3.1941051e+02
   1.9860000e-01  -1.3227536e+02  -1.7938499e+02   3.1953272e+02
   1.9870000e-01  -1.2324222e+02  -1.8902863e+02   3.1965493e+02
   1.9880000e-01  -1.1396493e+02  -1.9806193e+02   3.1965507e+02
   1.9890000e-01  -1.0468764e+02  -2.0660695e+02   3.1977728e+02
   1.9900000e-01  -9.4922056e+01  -2.1551819e+02   3.1977741e+02
   1.9910000e-01  -8.5156471e+01  -2.2662670e+02   3.1928927e+02
   1.9920000e-01  -7.6855724e+01  -2.3627036e+02   3.1843491e+02
   1.9930000e-01  -6.8310832e+01  -2.4042087e+02   3.2063231e+02
   1.9940000e-01  -5.6714177e+01  -2.4896591e+02   3.1880139e+02
   1.9950000e-01  -4.8047205e+01  -2.5555783e+02   3.1794702e+02
   1.9960000e-01  -3.9380227e+01  -2.6129525e+02   3.1611610e+02
   1.9970000e-01  -3.0957384e+01  -2.6715476e+02   3.1306446e+02
   1.9980000e-01  -2.1435904e+01  -2.7179356e+02   3.1013490e+02
   1.9990000e-01  -1.1670278e+01  -2.7618822e+02   3.0671705e+02
   2.0000000e-01  -1.2942944e+00  -2.8009461e+02   3.0195643e+02
   2.0010000e-01   8.8375533e+00  -2.8448928e+02   2.9646338e+02
   2.0020000e-01   1.9823898e+01  -2.8900602e+02   2.9011583e+02
   2.0030000e-01   2.9711616e+01  -2.9352276e+02   2.8303586e+02
   2.0040000e-01   3.9477268e+01  -2.9828365e+02   2.7546761e+02
   2.0050000e-01   4.8754644e+01  -3.0267833e+02   2.6765521e+02
   2.0060000e-01   5.8154096e+01  -3.0646265e+02   2.5947660e+02
   2.0070000e-01   6.7431482e+01  -3.0902628e+02   2.5142005e+02
   2.0080000e-01   7.6464733e+01  -3.1085748e+02   2.4348557e+02
   2.0090000e-01   8.5497989e+01  -3.1183420e+02   2.3518488e+02
   2.0100000e-01   9.4531250e+01  -3.1256677e+02   2.2688418e+02
   2.0110000e-01   1.0417487e+02  -3.1293314e+02   2.1846141e+02
   2.0120000e-01   1.1369642e+02  -3.1329950e+02   2.0955035e+02
   2.0130000e-01   1.2309590e+02  -3.1354380e+02   2.0027308e+02
   2.0140000e-01   1.3237333e+02  -3.1403223e+02   1.9050752e+02
   2.0150000e-01   1.4165075e+02  -3.1452067e+02   1.8037574e+02
   2.0160000e-01   1.5080611e+02  -3.1452082e+02   1.7036604e+02
   2.0170000e-01   1.6008354e+02  -3.1476512e+02   1.6072253e+02
   2.0180000e-01   1.6862856e+02  -3.1513149e+02   1.5132317e+02
   2.0190000e-01   1.7656323e+02  -3.1549785e+02   1.4204586e+02
   2.0200000e-01   1.8535240e+02  -3.1549801e+02   1.3203614e+02
   2.0210000e-01   1.9511813e+02  -3.1586437e+02   1.2239261e+02
   2.0220000e-01   2.0439558e+02  -3.1598659e+02   1.1335944e+02
   2.0230000e-01   2.1367304e+02  -3.1574260e+02   1.0371591e+02
   2.0240000e-01   2.2295051e+02  -3.1610896e+02   9.3462018e+01
   2.0250000e-01   2.3357075e+02  -3.1757396e+02   8.1377069e+01
   2.0260000e-01   2.4345857e+02  -3.1696375e+02   6.9536256e+01
   2.0270000e-01   2.4748702e+02  -3.1671976e+02   6.5019656e+01
   2.0280000e-01   2.5493344e+02  -3.1513299e+02   5.4765747e+01
   2.0290000e-01   2.6018260e+02  -3.1415657e+02   4.5854605e+01
   2.0300000e-01   2.6506555e+02  -3.1281393e+02   3.7675880e+01
   2.0310000e-01   2.6921608e+02  -3.1073887e+02   2.8764728e+01
   2.0320000e-01   2.7275627e+02  -3.0732104e+02   1.8632867e+01
   2.0330000e-01   2.7617438e+02  -3.0317078e+02   7.5244385e+00
   2.0340000e-01   2.7959250e+02  -2.9767775e+02  -3.7060657e+00
   2.0350000e-01   2.8288855e+02  -2.9108608e+02  -1.4570364e+01
   2.0360000e-01   2.8691703e+02  -2.8363991e+02  -2.4702246e+01
   2.0370000e-01   2.9106757e+02  -2.7546132e+02  -3.5566555e+01
   2.0380000e-01   2.9521812e+02  -2.6716065e+02  -4.6308799e+01
   2.0390000e-01   2.9961281e+02  -2.5861585e+02  -5.5464135e+01
   2.0400000e-01   3.0315301e+02  -2.5019310e+02  -6.5107756e+01
   2.0410000e-01   3.0669322e+02  -2.4128208e+02  -7.4141031e+01
   2.0420000e-01   3.0925686e+02  -2.3273726e+02  -8.3418452e+01
   2.0430000e-01   3.1096601e+02  -2.2480278e+02  -9.2573808e+01
   2.0440000e-01   3.1182067e+02  -2.1638003e+02  -1.0185124e+02
   2.0450000e-01   3.1243118e+02  -2.0771312e+02  -1.1100661e+02
   2.0460000e-01   3.1267549e+02  -1.9941243e+02  -1.2028405e+02
   2.0470000e-01   3.1279773e+02  -1.9025724e+02  -1.2956149e+02
