#-----------------------------------------------------------
# Vivado v2024.1 (64-bit)
# SW Build 5076996 on Wed May 22 18:37:14 MDT 2024
# IP Build 5075265 on Wed May 22 21:45:21 MDT 2024
# SharedData Build 5076995 on Wed May 22 18:29:18 MDT 2024
# Start of session at: Thu Dec 19 13:17:22 2024
# Process ID: 3404
# Current directory: D:/AGH_Files/Eng_Proj/Matlab_float_model/fixed_model/hdl_prj/fil_prj/fpgaproj
# Command line: vivado.exe -mode batch -source createproject.tcl
# Log file: D:/AGH_Files/Eng_Proj/Matlab_float_model/fixed_model/hdl_prj/fil_prj/fpgaproj/vivado.log
# Journal file: D:/AGH_Files/Eng_Proj/Matlab_float_model/fixed_model/hdl_prj/fil_prj/fpgaproj\vivado.jou
# Running On        :DESKTOP-6L1QCGQ
# Platform          :Windows Server 2016 or Windows 10
# Operating System  :22631
# Processor Detail  :AMD Ryzen 5 5625U with Radeon Graphics         
# CPU Frequency     :2296 MHz
# CPU Physical cores:6
# CPU Logical cores :12
# Host memory       :33663 MB
# Swap memory       :7861 MB
# Total Virtual     :41525 MB
# Available Virtual :7465 MB
#-----------------------------------------------------------
source createproject.tcl
# create_project -force Subsystem1_fil .
create_project: Time (s): cpu = 00:00:05 ; elapsed = 00:00:10 . Memory (MB): peak = 551.668 ; gain = 239.105
# set_property target_language VHDL [current_project]
# set_property part xc7z010clg400-1 [current_project]
# add_files -norecurse {D:/AGH_Files/Eng_Proj/Matlab_float_model/fixed_model/hdl_prj/hdlsrc/hdl_model_fixed/Subsystem1_tc.v}
# add_files -norecurse {D:/AGH_Files/Eng_Proj/Matlab_float_model/fixed_model/hdl_prj/hdlsrc/hdl_model_fixed/Detect_Decrease1.v}
# add_files -norecurse {D:/AGH_Files/Eng_Proj/Matlab_float_model/fixed_model/hdl_prj/hdlsrc/hdl_model_fixed/Detect_Increase.v}
# add_files -norecurse {D:/AGH_Files/Eng_Proj/Matlab_float_model/fixed_model/hdl_prj/hdlsrc/hdl_model_fixed/Sample_and_Hold1.v}
# add_files -norecurse {D:/AGH_Files/Eng_Proj/Matlab_float_model/fixed_model/hdl_prj/hdlsrc/hdl_model_fixed/MATLAB_Function.v}
# add_files -norecurse {D:/AGH_Files/Eng_Proj/Matlab_float_model/fixed_model/hdl_prj/hdlsrc/hdl_model_fixed/MATLAB_Function1.v}
# add_files -norecurse {D:/AGH_Files/Eng_Proj/Matlab_float_model/fixed_model/hdl_prj/hdlsrc/hdl_model_fixed/S_R_Flip_Flop.v}
# add_files -norecurse {D:/AGH_Files/Eng_Proj/Matlab_float_model/fixed_model/hdl_prj/hdlsrc/hdl_model_fixed/BUF_MIN_MAX_AVG.v}
# add_files -norecurse {D:/AGH_Files/Eng_Proj/Matlab_float_model/fixed_model/hdl_prj/hdlsrc/hdl_model_fixed/cordicSquareRootHDL.v}
# add_files -norecurse {D:/AGH_Files/Eng_Proj/Matlab_float_model/fixed_model/hdl_prj/hdlsrc/hdl_model_fixed/Synchronous_Subsystem.v}
# add_files -norecurse {D:/AGH_Files/Eng_Proj/Matlab_float_model/fixed_model/hdl_prj/hdlsrc/hdl_model_fixed/Cast_to_Union_of_Types.v}
# add_files -norecurse {D:/AGH_Files/Eng_Proj/Matlab_float_model/fixed_model/hdl_prj/hdlsrc/hdl_model_fixed/Bit_Shift_Arithmetic.v}
# add_files -norecurse {D:/AGH_Files/Eng_Proj/Matlab_float_model/fixed_model/hdl_prj/hdlsrc/hdl_model_fixed/SimpleDualPortRAM_generic.v}
# add_files -norecurse {D:/AGH_Files/Eng_Proj/Matlab_float_model/fixed_model/hdl_prj/hdlsrc/hdl_model_fixed/CORDIC_Square_Root_HDL_Optim.v}
# add_files -norecurse {D:/AGH_Files/Eng_Proj/Matlab_float_model/fixed_model/hdl_prj/hdlsrc/hdl_model_fixed/Absolute_of_Complex.v}
# add_files -norecurse {D:/AGH_Files/Eng_Proj/Matlab_float_model/fixed_model/hdl_prj/hdlsrc/hdl_model_fixed/cordicSquareRootHDL_block.v}
# add_files -norecurse {D:/AGH_Files/Eng_Proj/Matlab_float_model/fixed_model/hdl_prj/hdlsrc/hdl_model_fixed/Synchronous_Subsystem_block.v}
# add_files -norecurse {D:/AGH_Files/Eng_Proj/Matlab_float_model/fixed_model/hdl_prj/hdlsrc/hdl_model_fixed/Cast_to_Union_of_Types_block.v}
# add_files -norecurse {D:/AGH_Files/Eng_Proj/Matlab_float_model/fixed_model/hdl_prj/hdlsrc/hdl_model_fixed/Bit_Shift_Arithmetic_block.v}
# add_files -norecurse {D:/AGH_Files/Eng_Proj/Matlab_float_model/fixed_model/hdl_prj/hdlsrc/hdl_model_fixed/CORDIC_Square_Root_HDL_Optim_block.v}
# add_files -norecurse {D:/AGH_Files/Eng_Proj/Matlab_float_model/fixed_model/hdl_prj/hdlsrc/hdl_model_fixed/Variable_Right_Shift.v}
# add_files -norecurse {D:/AGH_Files/Eng_Proj/Matlab_float_model/fixed_model/hdl_prj/hdlsrc/hdl_model_fixed/Variable_Left_Shift.v}
# add_files -norecurse {D:/AGH_Files/Eng_Proj/Matlab_float_model/fixed_model/hdl_prj/hdlsrc/hdl_model_fixed/Cast_to_Union_of_Types_block1.v}
# add_files -norecurse {D:/AGH_Files/Eng_Proj/Matlab_float_model/fixed_model/hdl_prj/hdlsrc/hdl_model_fixed/Shift_and_cast_to_output_typ.v}
# add_files -norecurse {D:/AGH_Files/Eng_Proj/Matlab_float_model/fixed_model/hdl_prj/hdlsrc/hdl_model_fixed/positiveRealNormalizer.v}
# add_files -norecurse {D:/AGH_Files/Eng_Proj/Matlab_float_model/fixed_model/hdl_prj/hdlsrc/hdl_model_fixed/Normalize_numerator.v}
# add_files -norecurse {D:/AGH_Files/Eng_Proj/Matlab_float_model/fixed_model/hdl_prj/hdlsrc/hdl_model_fixed/positiveRealNormalizer_block.v}
# add_files -norecurse {D:/AGH_Files/Eng_Proj/Matlab_float_model/fixed_model/hdl_prj/hdlsrc/hdl_model_fixed/Normalize_denominator.v}
# add_files -norecurse {D:/AGH_Files/Eng_Proj/Matlab_float_model/fixed_model/hdl_prj/hdlsrc/hdl_model_fixed/normalizedCORDICDivide.v}
# add_files -norecurse {D:/AGH_Files/Eng_Proj/Matlab_float_model/fixed_model/hdl_prj/hdlsrc/hdl_model_fixed/Divide_real_numerator_by_den.v}
# add_files -norecurse {D:/AGH_Files/Eng_Proj/Matlab_float_model/fixed_model/hdl_prj/hdlsrc/hdl_model_fixed/Compare_To_Zero.v}
# add_files -norecurse {D:/AGH_Files/Eng_Proj/Matlab_float_model/fixed_model/hdl_prj/hdlsrc/hdl_model_fixed/Divide_by_zero_handler.v}
# add_files -norecurse {D:/AGH_Files/Eng_Proj/Matlab_float_model/fixed_model/hdl_prj/hdlsrc/hdl_model_fixed/Upcast_Wordlength.v}
# add_files -norecurse {D:/AGH_Files/Eng_Proj/Matlab_float_model/fixed_model/hdl_prj/hdlsrc/hdl_model_fixed/MATLAB_Function_block.v}
# add_files -norecurse {D:/AGH_Files/Eng_Proj/Matlab_float_model/fixed_model/hdl_prj/hdlsrc/hdl_model_fixed/ForEach_Real_Divide.v}
# add_files -norecurse {D:/AGH_Files/Eng_Proj/Matlab_float_model/fixed_model/hdl_prj/hdlsrc/hdl_model_fixed/Verify_divide_sizes.v}
# add_files -norecurse {D:/AGH_Files/Eng_Proj/Matlab_float_model/fixed_model/hdl_prj/hdlsrc/hdl_model_fixed/y_u_1.v}
# add_files -norecurse {D:/AGH_Files/Eng_Proj/Matlab_float_model/fixed_model/hdl_prj/hdlsrc/hdl_model_fixed/Reshape_to_original_size.v}
# add_files -norecurse {D:/AGH_Files/Eng_Proj/Matlab_float_model/fixed_model/hdl_prj/hdlsrc/hdl_model_fixed/Real_Divide_HDL_Optimized.v}
# add_files -norecurse {D:/AGH_Files/Eng_Proj/Matlab_float_model/fixed_model/hdl_prj/hdlsrc/hdl_model_fixed/Sample_and_Hold.v}
# add_files -norecurse {D:/AGH_Files/Eng_Proj/Matlab_float_model/fixed_model/hdl_prj/hdlsrc/hdl_model_fixed/Sample_and_Hold1_block.v}
# add_files -norecurse {D:/AGH_Files/Eng_Proj/Matlab_float_model/fixed_model/hdl_prj/hdlsrc/hdl_model_fixed/Sample_and_Hold2.v}
# add_files -norecurse {D:/AGH_Files/Eng_Proj/Matlab_float_model/fixed_model/hdl_prj/hdlsrc/hdl_model_fixed/Select_Freq.v}
# add_files -norecurse {D:/AGH_Files/Eng_Proj/Matlab_float_model/fixed_model/hdl_prj/hdlsrc/hdl_model_fixed/S_R_Flip_Flop_block.v}
# add_files -norecurse {D:/AGH_Files/Eng_Proj/Matlab_float_model/fixed_model/hdl_prj/hdlsrc/hdl_model_fixed/Subsystem_Reference.v}
# add_files -norecurse {D:/AGH_Files/Eng_Proj/Matlab_float_model/fixed_model/hdl_prj/hdlsrc/hdl_model_fixed/cordicSquareRootHDL_block1.v}
# add_files -norecurse {D:/AGH_Files/Eng_Proj/Matlab_float_model/fixed_model/hdl_prj/hdlsrc/hdl_model_fixed/Synchronous_Subsystem_block1.v}
# add_files -norecurse {D:/AGH_Files/Eng_Proj/Matlab_float_model/fixed_model/hdl_prj/hdlsrc/hdl_model_fixed/Cast_to_Union_of_Types_block2.v}
# add_files -norecurse {D:/AGH_Files/Eng_Proj/Matlab_float_model/fixed_model/hdl_prj/hdlsrc/hdl_model_fixed/Bit_Shift_Arithmetic_block1.v}
# add_files -norecurse {D:/AGH_Files/Eng_Proj/Matlab_float_model/fixed_model/hdl_prj/hdlsrc/hdl_model_fixed/CORDIC_Square_Root_HDL_Optim_block1.v}
CRITICAL WARNING: [Vivado 12-3645] Please note that adding or importing multiple files, one at a time, can be performance intensive.  Both add_files and import_files commands accept multiple files as input, and passing a collection of multiple files to a single add_files or import_files commands can offer significant performance improvement.
# add_files -norecurse {D:/AGH_Files/Eng_Proj/Matlab_float_model/fixed_model/hdl_prj/hdlsrc/hdl_model_fixed/Sample_and_Hold_block.v}
# add_files -norecurse {D:/AGH_Files/Eng_Proj/Matlab_float_model/fixed_model/hdl_prj/hdlsrc/hdl_model_fixed/S_R_Flip_Flop_block1.v}
# add_files -norecurse {D:/AGH_Files/Eng_Proj/Matlab_float_model/fixed_model/hdl_prj/hdlsrc/hdl_model_fixed/myRMS.v}
# add_files -norecurse {D:/AGH_Files/Eng_Proj/Matlab_float_model/fixed_model/hdl_prj/hdlsrc/hdl_model_fixed/SimpleDualPortRAM_generic_block.v}
# add_files -norecurse {D:/AGH_Files/Eng_Proj/Matlab_float_model/fixed_model/hdl_prj/hdlsrc/hdl_model_fixed/SDFCommutator1.v}
# add_files -norecurse {D:/AGH_Files/Eng_Proj/Matlab_float_model/fixed_model/hdl_prj/hdlsrc/hdl_model_fixed/RADIX22FFT_SDF1_1.v}
# add_files -norecurse {D:/AGH_Files/Eng_Proj/Matlab_float_model/fixed_model/hdl_prj/hdlsrc/hdl_model_fixed/RADIX22FFT_CTRL1_1.v}
# add_files -norecurse {D:/AGH_Files/Eng_Proj/Matlab_float_model/fixed_model/hdl_prj/hdlsrc/hdl_model_fixed/SDFCommutator2.v}
# add_files -norecurse {D:/AGH_Files/Eng_Proj/Matlab_float_model/fixed_model/hdl_prj/hdlsrc/hdl_model_fixed/RADIX22FFT_SDF2_2.v}
# add_files -norecurse {D:/AGH_Files/Eng_Proj/Matlab_float_model/fixed_model/hdl_prj/hdlsrc/hdl_model_fixed/RADIX22FFT_CTRL1_2.v}
# add_files -norecurse {D:/AGH_Files/Eng_Proj/Matlab_float_model/fixed_model/hdl_prj/hdlsrc/hdl_model_fixed/TWDLROM_3_1.v}
# add_files -norecurse {D:/AGH_Files/Eng_Proj/Matlab_float_model/fixed_model/hdl_prj/hdlsrc/hdl_model_fixed/Complex4Multiply.v}
# add_files -norecurse {D:/AGH_Files/Eng_Proj/Matlab_float_model/fixed_model/hdl_prj/hdlsrc/hdl_model_fixed/SDFCommutator3.v}
# add_files -norecurse {D:/AGH_Files/Eng_Proj/Matlab_float_model/fixed_model/hdl_prj/hdlsrc/hdl_model_fixed/RADIX22FFT_SDF1_3.v}
# add_files -norecurse {D:/AGH_Files/Eng_Proj/Matlab_float_model/fixed_model/hdl_prj/hdlsrc/hdl_model_fixed/RADIX22FFT_CTRL1_3.v}
# add_files -norecurse {D:/AGH_Files/Eng_Proj/Matlab_float_model/fixed_model/hdl_prj/hdlsrc/hdl_model_fixed/SDFCommutator4.v}
# add_files -norecurse {D:/AGH_Files/Eng_Proj/Matlab_float_model/fixed_model/hdl_prj/hdlsrc/hdl_model_fixed/RADIX22FFT_SDF2_4.v}
# add_files -norecurse {D:/AGH_Files/Eng_Proj/Matlab_float_model/fixed_model/hdl_prj/hdlsrc/hdl_model_fixed/RADIX22FFT_CTRL1_4.v}
# add_files -norecurse {D:/AGH_Files/Eng_Proj/Matlab_float_model/fixed_model/hdl_prj/hdlsrc/hdl_model_fixed/TWDLROM_5_1.v}
# add_files -norecurse {D:/AGH_Files/Eng_Proj/Matlab_float_model/fixed_model/hdl_prj/hdlsrc/hdl_model_fixed/Complex4Multiply_block.v}
# add_files -norecurse {D:/AGH_Files/Eng_Proj/Matlab_float_model/fixed_model/hdl_prj/hdlsrc/hdl_model_fixed/SDFCommutator5.v}
# add_files -norecurse {D:/AGH_Files/Eng_Proj/Matlab_float_model/fixed_model/hdl_prj/hdlsrc/hdl_model_fixed/RADIX22FFT_SDF1_5.v}
# add_files -norecurse {D:/AGH_Files/Eng_Proj/Matlab_float_model/fixed_model/hdl_prj/hdlsrc/hdl_model_fixed/RADIX22FFT_CTRL1_5.v}
# add_files -norecurse {D:/AGH_Files/Eng_Proj/Matlab_float_model/fixed_model/hdl_prj/hdlsrc/hdl_model_fixed/SDFCommutator6.v}
# add_files -norecurse {D:/AGH_Files/Eng_Proj/Matlab_float_model/fixed_model/hdl_prj/hdlsrc/hdl_model_fixed/RADIX22FFT_SDF2_6.v}
# add_files -norecurse {D:/AGH_Files/Eng_Proj/Matlab_float_model/fixed_model/hdl_prj/hdlsrc/hdl_model_fixed/RADIX22FFT_CTRL1_6.v}
# add_files -norecurse {D:/AGH_Files/Eng_Proj/Matlab_float_model/fixed_model/hdl_prj/hdlsrc/hdl_model_fixed/TWDLROM_7_1.v}
# add_files -norecurse {D:/AGH_Files/Eng_Proj/Matlab_float_model/fixed_model/hdl_prj/hdlsrc/hdl_model_fixed/Complex4Multiply_block1.v}
# add_files -norecurse {D:/AGH_Files/Eng_Proj/Matlab_float_model/fixed_model/hdl_prj/hdlsrc/hdl_model_fixed/SDFCommutator7.v}
# add_files -norecurse {D:/AGH_Files/Eng_Proj/Matlab_float_model/fixed_model/hdl_prj/hdlsrc/hdl_model_fixed/RADIX22FFT_SDF1_7.v}
# add_files -norecurse {D:/AGH_Files/Eng_Proj/Matlab_float_model/fixed_model/hdl_prj/hdlsrc/hdl_model_fixed/RADIX22FFT_CTRL1_7.v}
# add_files -norecurse {D:/AGH_Files/Eng_Proj/Matlab_float_model/fixed_model/hdl_prj/hdlsrc/hdl_model_fixed/SDFCommutator8.v}
# add_files -norecurse {D:/AGH_Files/Eng_Proj/Matlab_float_model/fixed_model/hdl_prj/hdlsrc/hdl_model_fixed/RADIX22FFT_SDF2_8.v}
# add_files -norecurse {D:/AGH_Files/Eng_Proj/Matlab_float_model/fixed_model/hdl_prj/hdlsrc/hdl_model_fixed/RADIX22FFT_CTRL1_8.v}
# add_files -norecurse {D:/AGH_Files/Eng_Proj/Matlab_float_model/fixed_model/hdl_prj/hdlsrc/hdl_model_fixed/TWDLROM_9_1.v}
# add_files -norecurse {D:/AGH_Files/Eng_Proj/Matlab_float_model/fixed_model/hdl_prj/hdlsrc/hdl_model_fixed/Complex4Multiply_block2.v}
# add_files -norecurse {D:/AGH_Files/Eng_Proj/Matlab_float_model/fixed_model/hdl_prj/hdlsrc/hdl_model_fixed/SDFCommutator9.v}
# add_files -norecurse {D:/AGH_Files/Eng_Proj/Matlab_float_model/fixed_model/hdl_prj/hdlsrc/hdl_model_fixed/RADIX22FFT_SDF1_9.v}
# add_files -norecurse {D:/AGH_Files/Eng_Proj/Matlab_float_model/fixed_model/hdl_prj/hdlsrc/hdl_model_fixed/RADIX22FFT_CTRL1_9.v}
# add_files -norecurse {D:/AGH_Files/Eng_Proj/Matlab_float_model/fixed_model/hdl_prj/hdlsrc/hdl_model_fixed/SDFCommutator10.v}
# add_files -norecurse {D:/AGH_Files/Eng_Proj/Matlab_float_model/fixed_model/hdl_prj/hdlsrc/hdl_model_fixed/RADIX22FFT_SDF2_10.v}
# add_files -norecurse {D:/AGH_Files/Eng_Proj/Matlab_float_model/fixed_model/hdl_prj/hdlsrc/hdl_model_fixed/RADIX22FFT_CTRL1_10.v}
# add_files -norecurse {D:/AGH_Files/Eng_Proj/Matlab_float_model/fixed_model/hdl_prj/hdlsrc/hdl_model_fixed/TWDLROM_11_1.v}
# add_files -norecurse {D:/AGH_Files/Eng_Proj/Matlab_float_model/fixed_model/hdl_prj/hdlsrc/hdl_model_fixed/Complex4Multiply_block3.v}
# add_files -norecurse {D:/AGH_Files/Eng_Proj/Matlab_float_model/fixed_model/hdl_prj/hdlsrc/hdl_model_fixed/SDFCommutator11.v}
# add_files -norecurse {D:/AGH_Files/Eng_Proj/Matlab_float_model/fixed_model/hdl_prj/hdlsrc/hdl_model_fixed/RADIX22FFT_SDF1_11.v}
# add_files -norecurse {D:/AGH_Files/Eng_Proj/Matlab_float_model/fixed_model/hdl_prj/hdlsrc/hdl_model_fixed/RADIX22FFT_CTRL1_1_block.v}
# add_files -norecurse {D:/AGH_Files/Eng_Proj/Matlab_float_model/fixed_model/hdl_prj/hdlsrc/hdl_model_fixed/RADIX2FFT_bitNatural.v}
# add_files -norecurse {D:/AGH_Files/Eng_Proj/Matlab_float_model/fixed_model/hdl_prj/hdlsrc/hdl_model_fixed/FFT.v}
# add_files -norecurse {D:/AGH_Files/Eng_Proj/Matlab_float_model/fixed_model/hdl_prj/hdlsrc/hdl_model_fixed/S_R_Flip_Flop_block2.v}
# add_files -norecurse {D:/AGH_Files/Eng_Proj/Matlab_float_model/fixed_model/hdl_prj/hdlsrc/hdl_model_fixed/SimpleDualPortRAM_generic_block1.v}
# add_files -norecurse {D:/AGH_Files/Eng_Proj/Matlab_float_model/fixed_model/hdl_prj/hdlsrc/hdl_model_fixed/Subsystem1.v}
# create_ip -name clk_wiz -vendor xilinx.com -library ip -module_name clk_wiz_0
INFO: [IP_Flow 19-234] Refreshing IP repositories
INFO: [IP_Flow 19-1704] No user IP repositories specified
INFO: [IP_Flow 19-2313] Loaded Vivado IP repository 'C:/tools/Xilinx/Vivado/2024.1/data/ip'.
INFO: [Device 21-403] Loading part xc7z010clg400-1
INFO: [Device 21-9227] Part: xc7z010clg400-1 does not have CEAM library.
create_ip: Time (s): cpu = 00:00:02 ; elapsed = 00:00:06 . Memory (MB): peak = 997.637 ; gain = 441.641
# set_property -dict [list  CONFIG.PRIM_IN_FREQ {125.000} CONFIG.CLKOUT1_REQUESTED_OUT_FREQ {25.0000}] [get_ips clk_wiz_0]
# create_ip -name fifo_generator -vendor xilinx.com -library ip -module_name jtag_mac_fifo
# set_property -dict [list CONFIG.Fifo_Implementation {Independent_Clocks_Block_RAM} CONFIG.Input_Data_Width {8} CONFIG.Input_Depth {4096} CONFIG.Read_Data_Count {true}  CONFIG.Use_Embedded_Registers {false} CONFIG.read_data_count_width {12} CONFIG.Almost_Full_Flag {true}] [get_ips jtag_mac_fifo]
# create_ip -name fifo_generator -vendor xilinx.com -library ip -module_name simcycle_fifo
# set_property -dict [list CONFIG.Fifo_Implementation {Independent_Clocks_Block_RAM} CONFIG.Input_Data_Width {16} CONFIG.Input_Depth {16} CONFIG.Use_Embedded_Registers {false} ] [get_ips simcycle_fifo]
# generate_target all [get_ips] -force
INFO: [IP_Flow 19-1686] Generating 'Instantiation Template' target for IP 'clk_wiz_0'...
INFO: [IP_Flow 19-1686] Generating 'Synthesis' target for IP 'clk_wiz_0'...
INFO: [IP_Flow 19-1686] Generating 'Simulation' target for IP 'clk_wiz_0'...
INFO: [IP_Flow 19-1686] Generating 'Implementation' target for IP 'clk_wiz_0'...
INFO: [IP_Flow 19-1686] Generating 'Change Log' target for IP 'clk_wiz_0'...
INFO: [IP_Flow 19-1686] Generating 'Instantiation Template' target for IP 'jtag_mac_fifo'...
INFO: [IP_Flow 19-1686] Generating 'Synthesis' target for IP 'jtag_mac_fifo'...
INFO: [IP_Flow 19-1686] Generating 'Simulation' target for IP 'jtag_mac_fifo'...
INFO: [IP_Flow 19-1686] Generating 'Change Log' target for IP 'jtag_mac_fifo'...
INFO: [IP_Flow 19-1686] Generating 'Instantiation Template' target for IP 'simcycle_fifo'...
INFO: [IP_Flow 19-1686] Generating 'Synthesis' target for IP 'simcycle_fifo'...
INFO: [IP_Flow 19-1686] Generating 'Simulation' target for IP 'simcycle_fifo'...
INFO: [IP_Flow 19-1686] Generating 'Change Log' target for IP 'simcycle_fifo'...
# add_files -norecurse {D:/AGH_Files/Eng_Proj/Matlab_float_model/fixed_model/hdl_prj/fil_prj/filsrc/jtag_mac.v}
# add_files -norecurse {D:/AGH_Files/Eng_Proj/Matlab_float_model/fixed_model/hdl_prj/fil_prj/filsrc/jtag_mac_fifo_wrapper.vhd}
# add_files -norecurse {D:/AGH_Files/Eng_Proj/Matlab_float_model/fixed_model/hdl_prj/fil_prj/filsrc/simcycle_fifo_wrapper.vhd}
# add_files -norecurse {D:/AGH_Files/Eng_Proj/Matlab_float_model/fixed_model/hdl_prj/fil_prj/filsrc/mwfil_dpscram.vhd}
# add_files -norecurse {D:/AGH_Files/Eng_Proj/Matlab_float_model/fixed_model/hdl_prj/fil_prj/filsrc/mwfil_udfifo.vhd}
# add_files -norecurse {D:/AGH_Files/Eng_Proj/Matlab_float_model/fixed_model/hdl_prj/fil_prj/filsrc/mwfil_bus2dut.vhd}
# add_files -norecurse {D:/AGH_Files/Eng_Proj/Matlab_float_model/fixed_model/hdl_prj/fil_prj/filsrc/mwfil_chifcore.vhd}
# add_files -norecurse {D:/AGH_Files/Eng_Proj/Matlab_float_model/fixed_model/hdl_prj/fil_prj/filsrc/mwfil_controller.vhd}
# add_files -norecurse {D:/AGH_Files/Eng_Proj/Matlab_float_model/fixed_model/hdl_prj/fil_prj/filsrc/mwfil_dut2bus.vhd}
# add_files -norecurse {D:/AGH_Files/Eng_Proj/Matlab_float_model/fixed_model/hdl_prj/fil_prj/filsrc/Subsystem1_wrapper.v}
# add_files -norecurse {D:/AGH_Files/Eng_Proj/Matlab_float_model/fixed_model/hdl_prj/fil_prj/filsrc/mwfil_chiftop.vhd}
# add_files -norecurse {D:/AGH_Files/Eng_Proj/Matlab_float_model/fixed_model/hdl_prj/fil_prj/filsrc/Subsystem1_fil.vhd}
# add_files -norecurse {D:/AGH_Files/Eng_Proj/Matlab_float_model/fixed_model/hdl_prj/fil_prj/filsrc/Subsystem1_fil.xdc}
# set_property top Subsystem1_fil [current_fileset]
# launch_runs synth_1 -jobs 6
INFO: [IP_Flow 19-6924] IPCACHE: Running cache check for IP inst: jtag_mac_fifo
INFO: [IP_Flow 19-6924] IPCACHE: Running cache check for IP inst: simcycle_fifo
INFO: [IP_Flow 19-6924] IPCACHE: Running cache check for IP inst: clk_wiz_0
WARNING: [Vivado 12-7122] Auto Incremental Compile:: No reference checkpoint was found in run synth_1. Auto-incremental flow will not be run, the standard flow will be run instead.
[Thu Dec 19 13:17:46 2024] Launched jtag_mac_fifo_synth_1, clk_wiz_0_synth_1, simcycle_fifo_synth_1...
Run output will be captured here:
jtag_mac_fifo_synth_1: D:/AGH_Files/Eng_Proj/Matlab_float_model/fixed_model/hdl_prj/fil_prj/fpgaproj/Subsystem1_fil.runs/jtag_mac_fifo_synth_1/runme.log
clk_wiz_0_synth_1: D:/AGH_Files/Eng_Proj/Matlab_float_model/fixed_model/hdl_prj/fil_prj/fpgaproj/Subsystem1_fil.runs/clk_wiz_0_synth_1/runme.log
simcycle_fifo_synth_1: D:/AGH_Files/Eng_Proj/Matlab_float_model/fixed_model/hdl_prj/fil_prj/fpgaproj/Subsystem1_fil.runs/simcycle_fifo_synth_1/runme.log
[Thu Dec 19 13:17:46 2024] Launched synth_1...
Run output will be captured here: D:/AGH_Files/Eng_Proj/Matlab_float_model/fixed_model/hdl_prj/fil_prj/fpgaproj/Subsystem1_fil.runs/synth_1/runme.log
# wait_on_run synth_1
[Thu Dec 19 13:17:46 2024] Waiting for synth_1 to finish...

*** Running vivado
    with args -log Subsystem1_fil.vds -m64 -product Vivado -mode batch -messageDb vivado.pb -notrace -source Subsystem1_fil.tcl



****** Vivado v2024.1 (64-bit)
  **** SW Build 5076996 on Wed May 22 18:37:14 MDT 2024
  **** IP Build 5075265 on Wed May 22 21:45:21 MDT 2024
  **** SharedData Build 5076995 on Wed May 22 18:29:18 MDT 2024
  **** Start of session at: Thu Dec 19 13:19:23 2024
    ** Copyright 1986-2022 Xilinx, Inc. All Rights Reserved.
    ** Copyright 2022-2024 Advanced Micro Devices, Inc. All Rights Reserved.

source Subsystem1_fil.tcl -notrace
create_project: Time (s): cpu = 00:00:05 ; elapsed = 00:00:09 . Memory (MB): peak = 550.527 ; gain = 238.371
Command: synth_design -top Subsystem1_fil -part xc7z010clg400-1
Starting synth_design
Attempting to get a license for feature 'Synthesis' and/or device 'xc7z010'
INFO: [Common 17-349] Got license for feature 'Synthesis' and/or device 'xc7z010'
INFO: [Device 21-403] Loading part xc7z010clg400-1
INFO: [Device 21-9227] Part: xc7z010clg400-1 does not have CEAM library.
INFO: [Synth 8-7079] Multithreading enabled for synth_design using a maximum of 2 processes.
INFO: [Synth 8-7078] Launching helper process for spawning children vivado processes
INFO: [Synth 8-7075] Helper process launched with PID 21308
---------------------------------------------------------------------------------
Starting RTL Elaboration : Time (s): cpu = 00:00:03 ; elapsed = 00:00:06 . Memory (MB): peak = 1414.453 ; gain = 447.434
---------------------------------------------------------------------------------
INFO: [Synth 8-638] synthesizing module 'Subsystem1_fil' [D:/AGH_Files/Eng_Proj/Matlab_float_model/fixed_model/hdl_prj/fil_prj/filsrc/Subsystem1_fil.vhd:27]
INFO: [Synth 8-3491] module 'clk_wiz_0' declared at 'D:/AGH_Files/Eng_Proj/Matlab_float_model/fixed_model/hdl_prj/fil_prj/fpgaproj/Subsystem1_fil.runs/synth_1/.Xil/Vivado-19440-DESKTOP-6L1QCGQ/realtime/clk_wiz_0_stub.vhdl:6' bound to instance 'u_clk_wiz_0' of component 'clk_wiz_0' [D:/AGH_Files/Eng_Proj/Matlab_float_model/fixed_model/hdl_prj/fil_prj/filsrc/Subsystem1_fil.vhd:113]
INFO: [Synth 8-638] synthesizing module 'clk_wiz_0' [D:/AGH_Files/Eng_Proj/Matlab_float_model/fixed_model/hdl_prj/fil_prj/fpgaproj/Subsystem1_fil.runs/synth_1/.Xil/Vivado-19440-DESKTOP-6L1QCGQ/realtime/clk_wiz_0_stub.vhdl:16]
INFO: [Synth 8-3491] module 'BSCANE2' declared at 'C:/tools/Xilinx/Vivado/2024.1/scripts/rt/data/unisim_comp.v:1752' bound to instance 'u_BSCANE2' of component 'BSCANE2' [D:/AGH_Files/Eng_Proj/Matlab_float_model/fixed_model/hdl_prj/fil_prj/filsrc/Subsystem1_fil.vhd:121]
INFO: [Synth 8-6157] synthesizing module 'BSCANE2' [C:/tools/Xilinx/Vivado/2024.1/scripts/rt/data/unisim_comp.v:1752]
INFO: [Synth 8-6155] done synthesizing module 'BSCANE2' (0#1) [C:/tools/Xilinx/Vivado/2024.1/scripts/rt/data/unisim_comp.v:1752]
INFO: [Synth 8-3491] module 'jtag_mac' declared at 'D:/AGH_Files/Eng_Proj/Matlab_float_model/fixed_model/hdl_prj/fil_prj/filsrc/jtag_mac.v:13' bound to instance 'u_jtag_mac' of component 'jtag_mac' [D:/AGH_Files/Eng_Proj/Matlab_float_model/fixed_model/hdl_prj/fil_prj/filsrc/Subsystem1_fil.vhd:136]
INFO: [Synth 8-6157] synthesizing module 'jtag_mac' [D:/AGH_Files/Eng_Proj/Matlab_float_model/fixed_model/hdl_prj/fil_prj/filsrc/jtag_mac.v:13]
INFO: [Synth 8-638] synthesizing module 'simcycle_fifo_wrapper' [D:/AGH_Files/Eng_Proj/Matlab_float_model/fixed_model/hdl_prj/fil_prj/filsrc/simcycle_fifo_wrapper.vhd:28]
WARNING: [Synth 8-5640] Port 'wr_rst_busy' is missing in component declaration [D:/AGH_Files/Eng_Proj/Matlab_float_model/fixed_model/hdl_prj/fil_prj/filsrc/simcycle_fifo_wrapper.vhd:30]
WARNING: [Synth 8-5640] Port 'rd_rst_busy' is missing in component declaration [D:/AGH_Files/Eng_Proj/Matlab_float_model/fixed_model/hdl_prj/fil_prj/filsrc/simcycle_fifo_wrapper.vhd:30]
INFO: [Synth 8-3491] module 'simcycle_fifo' declared at 'D:/AGH_Files/Eng_Proj/Matlab_float_model/fixed_model/hdl_prj/fil_prj/fpgaproj/Subsystem1_fil.runs/synth_1/.Xil/Vivado-19440-DESKTOP-6L1QCGQ/realtime/simcycle_fifo_stub.vhdl:6' bound to instance 'u_simcycle_fifo' of component 'simcycle_fifo' [D:/AGH_Files/Eng_Proj/Matlab_float_model/fixed_model/hdl_prj/fil_prj/filsrc/simcycle_fifo_wrapper.vhd:46]
INFO: [Synth 8-638] synthesizing module 'simcycle_fifo' [D:/AGH_Files/Eng_Proj/Matlab_float_model/fixed_model/hdl_prj/fil_prj/fpgaproj/Subsystem1_fil.runs/synth_1/.Xil/Vivado-19440-DESKTOP-6L1QCGQ/realtime/simcycle_fifo_stub.vhdl:23]
INFO: [Synth 8-256] done synthesizing module 'simcycle_fifo_wrapper' (0#1) [D:/AGH_Files/Eng_Proj/Matlab_float_model/fixed_model/hdl_prj/fil_prj/filsrc/simcycle_fifo_wrapper.vhd:28]
INFO: [Synth 8-638] synthesizing module 'jtag_mac_fifo_wrapper' [D:/AGH_Files/Eng_Proj/Matlab_float_model/fixed_model/hdl_prj/fil_prj/filsrc/jtag_mac_fifo_wrapper.vhd:30]
WARNING: [Synth 8-5640] Port 'wr_rst_busy' is missing in component declaration [D:/AGH_Files/Eng_Proj/Matlab_float_model/fixed_model/hdl_prj/fil_prj/filsrc/jtag_mac_fifo_wrapper.vhd:32]
WARNING: [Synth 8-5640] Port 'rd_rst_busy' is missing in component declaration [D:/AGH_Files/Eng_Proj/Matlab_float_model/fixed_model/hdl_prj/fil_prj/filsrc/jtag_mac_fifo_wrapper.vhd:32]
INFO: [Synth 8-3491] module 'jtag_mac_fifo' declared at 'D:/AGH_Files/Eng_Proj/Matlab_float_model/fixed_model/hdl_prj/fil_prj/fpgaproj/Subsystem1_fil.runs/synth_1/.Xil/Vivado-19440-DESKTOP-6L1QCGQ/realtime/jtag_mac_fifo_stub.vhdl:6' bound to instance 'u_jtag_mac_fifo' of component 'jtag_mac_fifo' [D:/AGH_Files/Eng_Proj/Matlab_float_model/fixed_model/hdl_prj/fil_prj/filsrc/jtag_mac_fifo_wrapper.vhd:50]
INFO: [Synth 8-638] synthesizing module 'jtag_mac_fifo' [D:/AGH_Files/Eng_Proj/Matlab_float_model/fixed_model/hdl_prj/fil_prj/fpgaproj/Subsystem1_fil.runs/synth_1/.Xil/Vivado-19440-DESKTOP-6L1QCGQ/realtime/jtag_mac_fifo_stub.vhdl:25]
INFO: [Synth 8-256] done synthesizing module 'jtag_mac_fifo_wrapper' (0#1) [D:/AGH_Files/Eng_Proj/Matlab_float_model/fixed_model/hdl_prj/fil_prj/filsrc/jtag_mac_fifo_wrapper.vhd:30]
WARNING: [Synth 8-7071] port 'almost_full' of module 'jtag_mac_fifo_wrapper' is unconnected for instance 'u_pre_chif_fifo' [D:/AGH_Files/Eng_Proj/Matlab_float_model/fixed_model/hdl_prj/fil_prj/filsrc/jtag_mac.v:69]
WARNING: [Synth 8-7023] instance 'u_pre_chif_fifo' of module 'jtag_mac_fifo_wrapper' has 11 connections declared, but only 10 given [D:/AGH_Files/Eng_Proj/Matlab_float_model/fixed_model/hdl_prj/fil_prj/filsrc/jtag_mac.v:69]
WARNING: [Synth 8-567] referenced signal 'wr_len' should be on the sensitivity list [D:/AGH_Files/Eng_Proj/Matlab_float_model/fixed_model/hdl_prj/fil_prj/filsrc/jtag_mac.v:188]
WARNING: [Synth 8-567] referenced signal 'skip_len' should be on the sensitivity list [D:/AGH_Files/Eng_Proj/Matlab_float_model/fixed_model/hdl_prj/fil_prj/filsrc/jtag_mac.v:188]
WARNING: [Synth 8-567] referenced signal 'act_rd_len' should be on the sensitivity list [D:/AGH_Files/Eng_Proj/Matlab_float_model/fixed_model/hdl_prj/fil_prj/filsrc/jtag_mac.v:188]
INFO: [Synth 8-6155] done synthesizing module 'jtag_mac' (0#1) [D:/AGH_Files/Eng_Proj/Matlab_float_model/fixed_model/hdl_prj/fil_prj/filsrc/jtag_mac.v:13]
INFO: [Synth 8-3491] module 'mwfil_chiftop' declared at 'D:/AGH_Files/Eng_Proj/Matlab_float_model/fixed_model/hdl_prj/fil_prj/filsrc/mwfil_chiftop.vhd:13' bound to instance 'u_mwfil_chiftop' of component 'mwfil_chiftop' [D:/AGH_Files/Eng_Proj/Matlab_float_model/fixed_model/hdl_prj/fil_prj/filsrc/Subsystem1_fil.vhd:154]
INFO: [Synth 8-638] synthesizing module 'mwfil_chiftop' [D:/AGH_Files/Eng_Proj/Matlab_float_model/fixed_model/hdl_prj/fil_prj/filsrc/mwfil_chiftop.vhd:27]
	Parameter INWORD bound to: 4 - type: integer 
	Parameter OUTWORD bound to: 12 - type: integer 
	Parameter WORDSIZE bound to: 8 - type: integer 
	Parameter HASENABLE bound to: 1 - type: integer 
	Parameter FREERUNNING bound to: 0 - type: integer 
INFO: [Synth 8-3491] module 'mwfil_chifcore' declared at 'D:/AGH_Files/Eng_Proj/Matlab_float_model/fixed_model/hdl_prj/fil_prj/filsrc/mwfil_chifcore.vhd:14' bound to instance 'u_mwfil_chifcore' of component 'mwfil_chifcore' [D:/AGH_Files/Eng_Proj/Matlab_float_model/fixed_model/hdl_prj/fil_prj/filsrc/mwfil_chiftop.vhd:76]
INFO: [Synth 8-638] synthesizing module 'mwfil_chifcore' [D:/AGH_Files/Eng_Proj/Matlab_float_model/fixed_model/hdl_prj/fil_prj/filsrc/mwfil_chifcore.vhd:48]
	Parameter INWORD bound to: 4 - type: integer 
	Parameter OUTWORD bound to: 12 - type: integer 
	Parameter WORDSIZE bound to: 8 - type: integer 
	Parameter HASENABLE bound to: 1 - type: integer 
	Parameter FREERUNNING bound to: 0 - type: integer 
	Parameter WORDSIZE bound to: 8 - type: integer 
	Parameter OUTWORD bound to: 4 - type: integer 
INFO: [Synth 8-3491] module 'mwfil_bus2dut' declared at 'D:/AGH_Files/Eng_Proj/Matlab_float_model/fixed_model/hdl_prj/fil_prj/filsrc/mwfil_bus2dut.vhd:13' bound to instance 'u_bus2dut' of component 'mwfil_bus2dut' [D:/AGH_Files/Eng_Proj/Matlab_float_model/fixed_model/hdl_prj/fil_prj/filsrc/mwfil_chifcore.vhd:186]
INFO: [Synth 8-638] synthesizing module 'mwfil_bus2dut' [D:/AGH_Files/Eng_Proj/Matlab_float_model/fixed_model/hdl_prj/fil_prj/filsrc/mwfil_bus2dut.vhd:34]
	Parameter WORDSIZE bound to: 8 - type: integer 
	Parameter OUTWORD bound to: 4 - type: integer 
INFO: [Synth 8-256] done synthesizing module 'mwfil_bus2dut' (0#1) [D:/AGH_Files/Eng_Proj/Matlab_float_model/fixed_model/hdl_prj/fil_prj/filsrc/mwfil_bus2dut.vhd:34]
	Parameter fifo_depth bound to: 16 - type: integer 
	Parameter fifo_uword bound to: 4 - type: integer 
	Parameter fifo_width bound to: 32 - type: integer 
INFO: [Synth 8-3491] module 'mwfil_udfifo' declared at 'D:/AGH_Files/Eng_Proj/Matlab_float_model/fixed_model/hdl_prj/fil_prj/filsrc/mwfil_udfifo.vhd:14' bound to instance 'u_b2dfifo' of component 'mwfil_udfifo' [D:/AGH_Files/Eng_Proj/Matlab_float_model/fixed_model/hdl_prj/fil_prj/filsrc/mwfil_chifcore.vhd:201]
INFO: [Synth 8-638] synthesizing module 'mwfil_udfifo' [D:/AGH_Files/Eng_Proj/Matlab_float_model/fixed_model/hdl_prj/fil_prj/filsrc/mwfil_udfifo.vhd:33]
	Parameter fifo_depth bound to: 16 - type: integer 
	Parameter fifo_uword bound to: 4 - type: integer 
	Parameter fifo_width bound to: 32 - type: integer 
	Parameter DATA bound to: 32 - type: integer 
	Parameter ADDR bound to: 4 - type: integer 
INFO: [Synth 8-3491] module 'mwfil_dpscram' declared at 'D:/AGH_Files/Eng_Proj/Matlab_float_model/fixed_model/hdl_prj/fil_prj/filsrc/mwfil_dpscram.vhd:12' bound to instance 'u_dpscram' of component 'mwfil_dpscram' [D:/AGH_Files/Eng_Proj/Matlab_float_model/fixed_model/hdl_prj/fil_prj/filsrc/mwfil_udfifo.vhd:130]
INFO: [Synth 8-638] synthesizing module 'mwfil_dpscram' [D:/AGH_Files/Eng_Proj/Matlab_float_model/fixed_model/hdl_prj/fil_prj/filsrc/mwfil_dpscram.vhd:31]
	Parameter DATA bound to: 32 - type: integer 
	Parameter ADDR bound to: 4 - type: integer 
INFO: [Synth 8-256] done synthesizing module 'mwfil_dpscram' (0#1) [D:/AGH_Files/Eng_Proj/Matlab_float_model/fixed_model/hdl_prj/fil_prj/filsrc/mwfil_dpscram.vhd:31]
INFO: [Synth 8-256] done synthesizing module 'mwfil_udfifo' (0#1) [D:/AGH_Files/Eng_Proj/Matlab_float_model/fixed_model/hdl_prj/fil_prj/filsrc/mwfil_udfifo.vhd:33]
	Parameter HASENABLE bound to: 1 - type: integer 
	Parameter FREERUNNING bound to: 0 - type: integer 
INFO: [Synth 8-3491] module 'mwfil_controller' declared at 'D:/AGH_Files/Eng_Proj/Matlab_float_model/fixed_model/hdl_prj/fil_prj/filsrc/mwfil_controller.vhd:15' bound to instance 'u_controller' of component 'mwfil_controller' [D:/AGH_Files/Eng_Proj/Matlab_float_model/fixed_model/hdl_prj/fil_prj/filsrc/mwfil_chifcore.vhd:228]
INFO: [Synth 8-638] synthesizing module 'mwfil_controller' [D:/AGH_Files/Eng_Proj/Matlab_float_model/fixed_model/hdl_prj/fil_prj/filsrc/mwfil_controller.vhd:45]
	Parameter HASENABLE bound to: 1 - type: integer 
	Parameter FREERUNNING bound to: 0 - type: integer 
INFO: [Synth 8-256] done synthesizing module 'mwfil_controller' (0#1) [D:/AGH_Files/Eng_Proj/Matlab_float_model/fixed_model/hdl_prj/fil_prj/filsrc/mwfil_controller.vhd:45]
	Parameter fifo_depth bound to: 16 - type: integer 
	Parameter fifo_uword bound to: 4 - type: integer 
	Parameter fifo_width bound to: 96 - type: integer 
INFO: [Synth 8-3491] module 'mwfil_udfifo' declared at 'D:/AGH_Files/Eng_Proj/Matlab_float_model/fixed_model/hdl_prj/fil_prj/filsrc/mwfil_udfifo.vhd:14' bound to instance 'u_d2bfifo' of component 'mwfil_udfifo' [D:/AGH_Files/Eng_Proj/Matlab_float_model/fixed_model/hdl_prj/fil_prj/filsrc/mwfil_chifcore.vhd:258]
INFO: [Synth 8-638] synthesizing module 'mwfil_udfifo__parameterized1' [D:/AGH_Files/Eng_Proj/Matlab_float_model/fixed_model/hdl_prj/fil_prj/filsrc/mwfil_udfifo.vhd:33]
	Parameter fifo_depth bound to: 16 - type: integer 
	Parameter fifo_uword bound to: 4 - type: integer 
	Parameter fifo_width bound to: 96 - type: integer 
	Parameter DATA bound to: 96 - type: integer 
	Parameter ADDR bound to: 4 - type: integer 
INFO: [Synth 8-3491] module 'mwfil_dpscram' declared at 'D:/AGH_Files/Eng_Proj/Matlab_float_model/fixed_model/hdl_prj/fil_prj/filsrc/mwfil_dpscram.vhd:12' bound to instance 'u_dpscram' of component 'mwfil_dpscram' [D:/AGH_Files/Eng_Proj/Matlab_float_model/fixed_model/hdl_prj/fil_prj/filsrc/mwfil_udfifo.vhd:130]
INFO: [Synth 8-638] synthesizing module 'mwfil_dpscram__parameterized1' [D:/AGH_Files/Eng_Proj/Matlab_float_model/fixed_model/hdl_prj/fil_prj/filsrc/mwfil_dpscram.vhd:31]
	Parameter DATA bound to: 96 - type: integer 
	Parameter ADDR bound to: 4 - type: integer 
INFO: [Synth 8-256] done synthesizing module 'mwfil_dpscram__parameterized1' (0#1) [D:/AGH_Files/Eng_Proj/Matlab_float_model/fixed_model/hdl_prj/fil_prj/filsrc/mwfil_dpscram.vhd:31]
INFO: [Synth 8-256] done synthesizing module 'mwfil_udfifo__parameterized1' (0#1) [D:/AGH_Files/Eng_Proj/Matlab_float_model/fixed_model/hdl_prj/fil_prj/filsrc/mwfil_udfifo.vhd:33]
	Parameter WORDSIZE bound to: 8 - type: integer 
	Parameter OUTWORD bound to: 12 - type: integer 
INFO: [Synth 8-3491] module 'mwfil_dut2bus' declared at 'D:/AGH_Files/Eng_Proj/Matlab_float_model/fixed_model/hdl_prj/fil_prj/filsrc/mwfil_dut2bus.vhd:12' bound to instance 'u_dut2bus' of component 'mwfil_dut2bus' [D:/AGH_Files/Eng_Proj/Matlab_float_model/fixed_model/hdl_prj/fil_prj/filsrc/mwfil_chifcore.vhd:275]
INFO: [Synth 8-638] synthesizing module 'mwfil_dut2bus' [D:/AGH_Files/Eng_Proj/Matlab_float_model/fixed_model/hdl_prj/fil_prj/filsrc/mwfil_dut2bus.vhd:33]
	Parameter WORDSIZE bound to: 8 - type: integer 
	Parameter OUTWORD bound to: 12 - type: integer 
INFO: [Synth 8-256] done synthesizing module 'mwfil_dut2bus' (0#1) [D:/AGH_Files/Eng_Proj/Matlab_float_model/fixed_model/hdl_prj/fil_prj/filsrc/mwfil_dut2bus.vhd:33]
INFO: [Synth 8-256] done synthesizing module 'mwfil_chifcore' (0#1) [D:/AGH_Files/Eng_Proj/Matlab_float_model/fixed_model/hdl_prj/fil_prj/filsrc/mwfil_chifcore.vhd:48]
INFO: [Synth 8-3491] module 'Subsystem1_wrapper' declared at 'D:/AGH_Files/Eng_Proj/Matlab_float_model/fixed_model/hdl_prj/fil_prj/filsrc/Subsystem1_wrapper.v:8' bound to instance 'u_dut' of component 'Subsystem1_wrapper' [D:/AGH_Files/Eng_Proj/Matlab_float_model/fixed_model/hdl_prj/fil_prj/filsrc/mwfil_chiftop.vhd:102]
INFO: [Synth 8-6157] synthesizing module 'Subsystem1_wrapper' [D:/AGH_Files/Eng_Proj/Matlab_float_model/fixed_model/hdl_prj/fil_prj/filsrc/Subsystem1_wrapper.v:8]
INFO: [Synth 8-6157] synthesizing module 'Subsystem1' [D:/AGH_Files/Eng_Proj/Matlab_float_model/fixed_model/hdl_prj/hdlsrc/hdl_model_fixed/Subsystem1.v:48]
INFO: [Synth 8-6157] synthesizing module 'Subsystem1_tc' [D:/AGH_Files/Eng_Proj/Matlab_float_model/fixed_model/hdl_prj/hdlsrc/hdl_model_fixed/Subsystem1_tc.v:29]
INFO: [Synth 8-6155] done synthesizing module 'Subsystem1_tc' (0#1) [D:/AGH_Files/Eng_Proj/Matlab_float_model/fixed_model/hdl_prj/hdlsrc/hdl_model_fixed/Subsystem1_tc.v:29]
INFO: [Synth 8-6157] synthesizing module 'FFT' [D:/AGH_Files/Eng_Proj/Matlab_float_model/fixed_model/hdl_prj/hdlsrc/hdl_model_fixed/FFT.v:24]
INFO: [Synth 8-6157] synthesizing module 'RADIX22FFT_CTRL1_1' [D:/AGH_Files/Eng_Proj/Matlab_float_model/fixed_model/hdl_prj/hdlsrc/hdl_model_fixed/RADIX22FFT_CTRL1_1.v:22]
INFO: [Synth 8-226] default block is never used [D:/AGH_Files/Eng_Proj/Matlab_float_model/fixed_model/hdl_prj/hdlsrc/hdl_model_fixed/RADIX22FFT_CTRL1_1.v:110]
INFO: [Synth 8-6155] done synthesizing module 'RADIX22FFT_CTRL1_1' (0#1) [D:/AGH_Files/Eng_Proj/Matlab_float_model/fixed_model/hdl_prj/hdlsrc/hdl_model_fixed/RADIX22FFT_CTRL1_1.v:22]
INFO: [Synth 8-6157] synthesizing module 'RADIX22FFT_SDF1_1' [D:/AGH_Files/Eng_Proj/Matlab_float_model/fixed_model/hdl_prj/hdlsrc/hdl_model_fixed/RADIX22FFT_SDF1_1.v:22]
INFO: [Synth 8-6157] synthesizing module 'SimpleDualPortRAM_generic_block' [D:/AGH_Files/Eng_Proj/Matlab_float_model/fixed_model/hdl_prj/hdlsrc/hdl_model_fixed/SimpleDualPortRAM_generic_block.v:22]
	Parameter AddrWidth bound to: 10 - type: integer 
	Parameter DataWidth bound to: 13 - type: integer 
INFO: [Synth 8-6155] done synthesizing module 'SimpleDualPortRAM_generic_block' (0#1) [D:/AGH_Files/Eng_Proj/Matlab_float_model/fixed_model/hdl_prj/hdlsrc/hdl_model_fixed/SimpleDualPortRAM_generic_block.v:22]
INFO: [Synth 8-6157] synthesizing module 'SDFCommutator1' [D:/AGH_Files/Eng_Proj/Matlab_float_model/fixed_model/hdl_prj/hdlsrc/hdl_model_fixed/SDFCommutator1.v:22]
INFO: [Synth 8-6157] synthesizing module 'SimpleDualPortRAM_generic_block__parameterized0' [D:/AGH_Files/Eng_Proj/Matlab_float_model/fixed_model/hdl_prj/hdlsrc/hdl_model_fixed/SimpleDualPortRAM_generic_block.v:22]
	Parameter AddrWidth bound to: 3 - type: integer 
	Parameter DataWidth bound to: 13 - type: integer 
INFO: [Synth 8-6155] done synthesizing module 'SimpleDualPortRAM_generic_block__parameterized0' (0#1) [D:/AGH_Files/Eng_Proj/Matlab_float_model/fixed_model/hdl_prj/hdlsrc/hdl_model_fixed/SimpleDualPortRAM_generic_block.v:22]
INFO: [Synth 8-6155] done synthesizing module 'SDFCommutator1' (0#1) [D:/AGH_Files/Eng_Proj/Matlab_float_model/fixed_model/hdl_prj/hdlsrc/hdl_model_fixed/SDFCommutator1.v:22]
INFO: [Synth 8-6155] done synthesizing module 'RADIX22FFT_SDF1_1' (0#1) [D:/AGH_Files/Eng_Proj/Matlab_float_model/fixed_model/hdl_prj/hdlsrc/hdl_model_fixed/RADIX22FFT_SDF1_1.v:22]
INFO: [Synth 8-6157] synthesizing module 'RADIX22FFT_CTRL1_2' [D:/AGH_Files/Eng_Proj/Matlab_float_model/fixed_model/hdl_prj/hdlsrc/hdl_model_fixed/RADIX22FFT_CTRL1_2.v:22]
INFO: [Synth 8-226] default block is never used [D:/AGH_Files/Eng_Proj/Matlab_float_model/fixed_model/hdl_prj/hdlsrc/hdl_model_fixed/RADIX22FFT_CTRL1_2.v:112]
INFO: [Synth 8-6155] done synthesizing module 'RADIX22FFT_CTRL1_2' (0#1) [D:/AGH_Files/Eng_Proj/Matlab_float_model/fixed_model/hdl_prj/hdlsrc/hdl_model_fixed/RADIX22FFT_CTRL1_2.v:22]
INFO: [Synth 8-6157] synthesizing module 'RADIX22FFT_SDF2_2' [D:/AGH_Files/Eng_Proj/Matlab_float_model/fixed_model/hdl_prj/hdlsrc/hdl_model_fixed/RADIX22FFT_SDF2_2.v:22]
INFO: [Synth 8-6157] synthesizing module 'SimpleDualPortRAM_generic_block__parameterized1' [D:/AGH_Files/Eng_Proj/Matlab_float_model/fixed_model/hdl_prj/hdlsrc/hdl_model_fixed/SimpleDualPortRAM_generic_block.v:22]
	Parameter AddrWidth bound to: 9 - type: integer 
	Parameter DataWidth bound to: 14 - type: integer 
INFO: [Synth 8-6155] done synthesizing module 'SimpleDualPortRAM_generic_block__parameterized1' (0#1) [D:/AGH_Files/Eng_Proj/Matlab_float_model/fixed_model/hdl_prj/hdlsrc/hdl_model_fixed/SimpleDualPortRAM_generic_block.v:22]
INFO: [Synth 8-6157] synthesizing module 'SDFCommutator2' [D:/AGH_Files/Eng_Proj/Matlab_float_model/fixed_model/hdl_prj/hdlsrc/hdl_model_fixed/SDFCommutator2.v:22]
INFO: [Synth 8-6157] synthesizing module 'SimpleDualPortRAM_generic_block__parameterized2' [D:/AGH_Files/Eng_Proj/Matlab_float_model/fixed_model/hdl_prj/hdlsrc/hdl_model_fixed/SimpleDualPortRAM_generic_block.v:22]
	Parameter AddrWidth bound to: 3 - type: integer 
	Parameter DataWidth bound to: 14 - type: integer 
INFO: [Synth 8-6155] done synthesizing module 'SimpleDualPortRAM_generic_block__parameterized2' (0#1) [D:/AGH_Files/Eng_Proj/Matlab_float_model/fixed_model/hdl_prj/hdlsrc/hdl_model_fixed/SimpleDualPortRAM_generic_block.v:22]
INFO: [Synth 8-6155] done synthesizing module 'SDFCommutator2' (0#1) [D:/AGH_Files/Eng_Proj/Matlab_float_model/fixed_model/hdl_prj/hdlsrc/hdl_model_fixed/SDFCommutator2.v:22]
INFO: [Synth 8-6155] done synthesizing module 'RADIX22FFT_SDF2_2' (0#1) [D:/AGH_Files/Eng_Proj/Matlab_float_model/fixed_model/hdl_prj/hdlsrc/hdl_model_fixed/RADIX22FFT_SDF2_2.v:22]
INFO: [Synth 8-6157] synthesizing module 'TWDLROM_3_1' [D:/AGH_Files/Eng_Proj/Matlab_float_model/fixed_model/hdl_prj/hdlsrc/hdl_model_fixed/TWDLROM_3_1.v:22]
INFO: [Synth 8-6155] done synthesizing module 'TWDLROM_3_1' (0#1) [D:/AGH_Files/Eng_Proj/Matlab_float_model/fixed_model/hdl_prj/hdlsrc/hdl_model_fixed/TWDLROM_3_1.v:22]
INFO: [Synth 8-6157] synthesizing module 'RADIX22FFT_CTRL1_3' [D:/AGH_Files/Eng_Proj/Matlab_float_model/fixed_model/hdl_prj/hdlsrc/hdl_model_fixed/RADIX22FFT_CTRL1_3.v:22]
INFO: [Synth 8-226] default block is never used [D:/AGH_Files/Eng_Proj/Matlab_float_model/fixed_model/hdl_prj/hdlsrc/hdl_model_fixed/RADIX22FFT_CTRL1_3.v:110]
INFO: [Synth 8-6155] done synthesizing module 'RADIX22FFT_CTRL1_3' (0#1) [D:/AGH_Files/Eng_Proj/Matlab_float_model/fixed_model/hdl_prj/hdlsrc/hdl_model_fixed/RADIX22FFT_CTRL1_3.v:22]
INFO: [Synth 8-6157] synthesizing module 'RADIX22FFT_SDF1_3' [D:/AGH_Files/Eng_Proj/Matlab_float_model/fixed_model/hdl_prj/hdlsrc/hdl_model_fixed/RADIX22FFT_SDF1_3.v:22]
INFO: [Synth 8-6157] synthesizing module 'Complex4Multiply' [D:/AGH_Files/Eng_Proj/Matlab_float_model/fixed_model/hdl_prj/hdlsrc/hdl_model_fixed/Complex4Multiply.v:22]
INFO: [Synth 8-6155] done synthesizing module 'Complex4Multiply' (0#1) [D:/AGH_Files/Eng_Proj/Matlab_float_model/fixed_model/hdl_prj/hdlsrc/hdl_model_fixed/Complex4Multiply.v:22]
INFO: [Synth 8-6157] synthesizing module 'SimpleDualPortRAM_generic_block__parameterized3' [D:/AGH_Files/Eng_Proj/Matlab_float_model/fixed_model/hdl_prj/hdlsrc/hdl_model_fixed/SimpleDualPortRAM_generic_block.v:22]
	Parameter AddrWidth bound to: 8 - type: integer 
	Parameter DataWidth bound to: 15 - type: integer 
INFO: [Synth 8-6155] done synthesizing module 'SimpleDualPortRAM_generic_block__parameterized3' (0#1) [D:/AGH_Files/Eng_Proj/Matlab_float_model/fixed_model/hdl_prj/hdlsrc/hdl_model_fixed/SimpleDualPortRAM_generic_block.v:22]
INFO: [Synth 8-6157] synthesizing module 'SDFCommutator3' [D:/AGH_Files/Eng_Proj/Matlab_float_model/fixed_model/hdl_prj/hdlsrc/hdl_model_fixed/SDFCommutator3.v:22]
INFO: [Synth 8-6157] synthesizing module 'SimpleDualPortRAM_generic_block__parameterized4' [D:/AGH_Files/Eng_Proj/Matlab_float_model/fixed_model/hdl_prj/hdlsrc/hdl_model_fixed/SimpleDualPortRAM_generic_block.v:22]
	Parameter AddrWidth bound to: 3 - type: integer 
	Parameter DataWidth bound to: 15 - type: integer 
INFO: [Synth 8-6155] done synthesizing module 'SimpleDualPortRAM_generic_block__parameterized4' (0#1) [D:/AGH_Files/Eng_Proj/Matlab_float_model/fixed_model/hdl_prj/hdlsrc/hdl_model_fixed/SimpleDualPortRAM_generic_block.v:22]
INFO: [Synth 8-6155] done synthesizing module 'SDFCommutator3' (0#1) [D:/AGH_Files/Eng_Proj/Matlab_float_model/fixed_model/hdl_prj/hdlsrc/hdl_model_fixed/SDFCommutator3.v:22]
INFO: [Synth 8-6155] done synthesizing module 'RADIX22FFT_SDF1_3' (0#1) [D:/AGH_Files/Eng_Proj/Matlab_float_model/fixed_model/hdl_prj/hdlsrc/hdl_model_fixed/RADIX22FFT_SDF1_3.v:22]
INFO: [Synth 8-6157] synthesizing module 'RADIX22FFT_CTRL1_4' [D:/AGH_Files/Eng_Proj/Matlab_float_model/fixed_model/hdl_prj/hdlsrc/hdl_model_fixed/RADIX22FFT_CTRL1_4.v:22]
INFO: [Synth 8-226] default block is never used [D:/AGH_Files/Eng_Proj/Matlab_float_model/fixed_model/hdl_prj/hdlsrc/hdl_model_fixed/RADIX22FFT_CTRL1_4.v:112]
INFO: [Synth 8-6155] done synthesizing module 'RADIX22FFT_CTRL1_4' (0#1) [D:/AGH_Files/Eng_Proj/Matlab_float_model/fixed_model/hdl_prj/hdlsrc/hdl_model_fixed/RADIX22FFT_CTRL1_4.v:22]
INFO: [Synth 8-6157] synthesizing module 'RADIX22FFT_SDF2_4' [D:/AGH_Files/Eng_Proj/Matlab_float_model/fixed_model/hdl_prj/hdlsrc/hdl_model_fixed/RADIX22FFT_SDF2_4.v:22]
INFO: [Synth 8-6157] synthesizing module 'SimpleDualPortRAM_generic_block__parameterized5' [D:/AGH_Files/Eng_Proj/Matlab_float_model/fixed_model/hdl_prj/hdlsrc/hdl_model_fixed/SimpleDualPortRAM_generic_block.v:22]
	Parameter AddrWidth bound to: 7 - type: integer 
	Parameter DataWidth bound to: 16 - type: integer 
INFO: [Synth 8-6155] done synthesizing module 'SimpleDualPortRAM_generic_block__parameterized5' (0#1) [D:/AGH_Files/Eng_Proj/Matlab_float_model/fixed_model/hdl_prj/hdlsrc/hdl_model_fixed/SimpleDualPortRAM_generic_block.v:22]
INFO: [Synth 8-6157] synthesizing module 'SDFCommutator4' [D:/AGH_Files/Eng_Proj/Matlab_float_model/fixed_model/hdl_prj/hdlsrc/hdl_model_fixed/SDFCommutator4.v:22]
INFO: [Synth 8-6157] synthesizing module 'SimpleDualPortRAM_generic_block__parameterized6' [D:/AGH_Files/Eng_Proj/Matlab_float_model/fixed_model/hdl_prj/hdlsrc/hdl_model_fixed/SimpleDualPortRAM_generic_block.v:22]
	Parameter AddrWidth bound to: 3 - type: integer 
	Parameter DataWidth bound to: 16 - type: integer 
INFO: [Synth 8-6155] done synthesizing module 'SimpleDualPortRAM_generic_block__parameterized6' (0#1) [D:/AGH_Files/Eng_Proj/Matlab_float_model/fixed_model/hdl_prj/hdlsrc/hdl_model_fixed/SimpleDualPortRAM_generic_block.v:22]
INFO: [Synth 8-6155] done synthesizing module 'SDFCommutator4' (0#1) [D:/AGH_Files/Eng_Proj/Matlab_float_model/fixed_model/hdl_prj/hdlsrc/hdl_model_fixed/SDFCommutator4.v:22]
INFO: [Synth 8-6155] done synthesizing module 'RADIX22FFT_SDF2_4' (0#1) [D:/AGH_Files/Eng_Proj/Matlab_float_model/fixed_model/hdl_prj/hdlsrc/hdl_model_fixed/RADIX22FFT_SDF2_4.v:22]
INFO: [Synth 8-6157] synthesizing module 'TWDLROM_5_1' [D:/AGH_Files/Eng_Proj/Matlab_float_model/fixed_model/hdl_prj/hdlsrc/hdl_model_fixed/TWDLROM_5_1.v:22]
INFO: [Synth 8-6155] done synthesizing module 'TWDLROM_5_1' (0#1) [D:/AGH_Files/Eng_Proj/Matlab_float_model/fixed_model/hdl_prj/hdlsrc/hdl_model_fixed/TWDLROM_5_1.v:22]
INFO: [Synth 8-6157] synthesizing module 'RADIX22FFT_CTRL1_5' [D:/AGH_Files/Eng_Proj/Matlab_float_model/fixed_model/hdl_prj/hdlsrc/hdl_model_fixed/RADIX22FFT_CTRL1_5.v:22]
INFO: [Synth 8-226] default block is never used [D:/AGH_Files/Eng_Proj/Matlab_float_model/fixed_model/hdl_prj/hdlsrc/hdl_model_fixed/RADIX22FFT_CTRL1_5.v:110]
INFO: [Synth 8-6155] done synthesizing module 'RADIX22FFT_CTRL1_5' (0#1) [D:/AGH_Files/Eng_Proj/Matlab_float_model/fixed_model/hdl_prj/hdlsrc/hdl_model_fixed/RADIX22FFT_CTRL1_5.v:22]
INFO: [Synth 8-6157] synthesizing module 'RADIX22FFT_SDF1_5' [D:/AGH_Files/Eng_Proj/Matlab_float_model/fixed_model/hdl_prj/hdlsrc/hdl_model_fixed/RADIX22FFT_SDF1_5.v:22]
INFO: [Synth 8-6157] synthesizing module 'Complex4Multiply_block' [D:/AGH_Files/Eng_Proj/Matlab_float_model/fixed_model/hdl_prj/hdlsrc/hdl_model_fixed/Complex4Multiply_block.v:22]
INFO: [Synth 8-6155] done synthesizing module 'Complex4Multiply_block' (0#1) [D:/AGH_Files/Eng_Proj/Matlab_float_model/fixed_model/hdl_prj/hdlsrc/hdl_model_fixed/Complex4Multiply_block.v:22]
INFO: [Synth 8-6157] synthesizing module 'SimpleDualPortRAM_generic_block__parameterized7' [D:/AGH_Files/Eng_Proj/Matlab_float_model/fixed_model/hdl_prj/hdlsrc/hdl_model_fixed/SimpleDualPortRAM_generic_block.v:22]
	Parameter AddrWidth bound to: 6 - type: integer 
	Parameter DataWidth bound to: 17 - type: integer 
INFO: [Synth 8-6155] done synthesizing module 'SimpleDualPortRAM_generic_block__parameterized7' (0#1) [D:/AGH_Files/Eng_Proj/Matlab_float_model/fixed_model/hdl_prj/hdlsrc/hdl_model_fixed/SimpleDualPortRAM_generic_block.v:22]
INFO: [Synth 8-6157] synthesizing module 'SDFCommutator5' [D:/AGH_Files/Eng_Proj/Matlab_float_model/fixed_model/hdl_prj/hdlsrc/hdl_model_fixed/SDFCommutator5.v:22]
INFO: [Synth 8-6157] synthesizing module 'SimpleDualPortRAM_generic_block__parameterized8' [D:/AGH_Files/Eng_Proj/Matlab_float_model/fixed_model/hdl_prj/hdlsrc/hdl_model_fixed/SimpleDualPortRAM_generic_block.v:22]
	Parameter AddrWidth bound to: 3 - type: integer 
	Parameter DataWidth bound to: 17 - type: integer 
INFO: [Synth 8-6155] done synthesizing module 'SimpleDualPortRAM_generic_block__parameterized8' (0#1) [D:/AGH_Files/Eng_Proj/Matlab_float_model/fixed_model/hdl_prj/hdlsrc/hdl_model_fixed/SimpleDualPortRAM_generic_block.v:22]
INFO: [Synth 8-6155] done synthesizing module 'SDFCommutator5' (0#1) [D:/AGH_Files/Eng_Proj/Matlab_float_model/fixed_model/hdl_prj/hdlsrc/hdl_model_fixed/SDFCommutator5.v:22]
INFO: [Synth 8-6155] done synthesizing module 'RADIX22FFT_SDF1_5' (0#1) [D:/AGH_Files/Eng_Proj/Matlab_float_model/fixed_model/hdl_prj/hdlsrc/hdl_model_fixed/RADIX22FFT_SDF1_5.v:22]
INFO: [Synth 8-6157] synthesizing module 'RADIX22FFT_CTRL1_6' [D:/AGH_Files/Eng_Proj/Matlab_float_model/fixed_model/hdl_prj/hdlsrc/hdl_model_fixed/RADIX22FFT_CTRL1_6.v:22]
INFO: [Synth 8-226] default block is never used [D:/AGH_Files/Eng_Proj/Matlab_float_model/fixed_model/hdl_prj/hdlsrc/hdl_model_fixed/RADIX22FFT_CTRL1_6.v:112]
INFO: [Synth 8-6155] done synthesizing module 'RADIX22FFT_CTRL1_6' (0#1) [D:/AGH_Files/Eng_Proj/Matlab_float_model/fixed_model/hdl_prj/hdlsrc/hdl_model_fixed/RADIX22FFT_CTRL1_6.v:22]
INFO: [Synth 8-6157] synthesizing module 'RADIX22FFT_SDF2_6' [D:/AGH_Files/Eng_Proj/Matlab_float_model/fixed_model/hdl_prj/hdlsrc/hdl_model_fixed/RADIX22FFT_SDF2_6.v:22]
INFO: [Synth 8-6157] synthesizing module 'SimpleDualPortRAM_generic_block__parameterized9' [D:/AGH_Files/Eng_Proj/Matlab_float_model/fixed_model/hdl_prj/hdlsrc/hdl_model_fixed/SimpleDualPortRAM_generic_block.v:22]
	Parameter AddrWidth bound to: 5 - type: integer 
	Parameter DataWidth bound to: 18 - type: integer 
INFO: [Synth 8-6155] done synthesizing module 'SimpleDualPortRAM_generic_block__parameterized9' (0#1) [D:/AGH_Files/Eng_Proj/Matlab_float_model/fixed_model/hdl_prj/hdlsrc/hdl_model_fixed/SimpleDualPortRAM_generic_block.v:22]
INFO: [Synth 8-6157] synthesizing module 'SDFCommutator6' [D:/AGH_Files/Eng_Proj/Matlab_float_model/fixed_model/hdl_prj/hdlsrc/hdl_model_fixed/SDFCommutator6.v:22]
INFO: [Synth 8-6157] synthesizing module 'SimpleDualPortRAM_generic_block__parameterized10' [D:/AGH_Files/Eng_Proj/Matlab_float_model/fixed_model/hdl_prj/hdlsrc/hdl_model_fixed/SimpleDualPortRAM_generic_block.v:22]
	Parameter AddrWidth bound to: 3 - type: integer 
	Parameter DataWidth bound to: 18 - type: integer 
INFO: [Synth 8-6155] done synthesizing module 'SimpleDualPortRAM_generic_block__parameterized10' (0#1) [D:/AGH_Files/Eng_Proj/Matlab_float_model/fixed_model/hdl_prj/hdlsrc/hdl_model_fixed/SimpleDualPortRAM_generic_block.v:22]
INFO: [Synth 8-6155] done synthesizing module 'SDFCommutator6' (0#1) [D:/AGH_Files/Eng_Proj/Matlab_float_model/fixed_model/hdl_prj/hdlsrc/hdl_model_fixed/SDFCommutator6.v:22]
INFO: [Synth 8-6155] done synthesizing module 'RADIX22FFT_SDF2_6' (0#1) [D:/AGH_Files/Eng_Proj/Matlab_float_model/fixed_model/hdl_prj/hdlsrc/hdl_model_fixed/RADIX22FFT_SDF2_6.v:22]
INFO: [Synth 8-6157] synthesizing module 'TWDLROM_7_1' [D:/AGH_Files/Eng_Proj/Matlab_float_model/fixed_model/hdl_prj/hdlsrc/hdl_model_fixed/TWDLROM_7_1.v:22]
INFO: [Synth 8-6155] done synthesizing module 'TWDLROM_7_1' (0#1) [D:/AGH_Files/Eng_Proj/Matlab_float_model/fixed_model/hdl_prj/hdlsrc/hdl_model_fixed/TWDLROM_7_1.v:22]
INFO: [Synth 8-6157] synthesizing module 'RADIX22FFT_CTRL1_7' [D:/AGH_Files/Eng_Proj/Matlab_float_model/fixed_model/hdl_prj/hdlsrc/hdl_model_fixed/RADIX22FFT_CTRL1_7.v:22]
INFO: [Synth 8-226] default block is never used [D:/AGH_Files/Eng_Proj/Matlab_float_model/fixed_model/hdl_prj/hdlsrc/hdl_model_fixed/RADIX22FFT_CTRL1_7.v:110]
INFO: [Synth 8-6155] done synthesizing module 'RADIX22FFT_CTRL1_7' (0#1) [D:/AGH_Files/Eng_Proj/Matlab_float_model/fixed_model/hdl_prj/hdlsrc/hdl_model_fixed/RADIX22FFT_CTRL1_7.v:22]
INFO: [Synth 8-6157] synthesizing module 'RADIX22FFT_SDF1_7' [D:/AGH_Files/Eng_Proj/Matlab_float_model/fixed_model/hdl_prj/hdlsrc/hdl_model_fixed/RADIX22FFT_SDF1_7.v:22]
INFO: [Synth 8-6157] synthesizing module 'Complex4Multiply_block1' [D:/AGH_Files/Eng_Proj/Matlab_float_model/fixed_model/hdl_prj/hdlsrc/hdl_model_fixed/Complex4Multiply_block1.v:22]
INFO: [Synth 8-6155] done synthesizing module 'Complex4Multiply_block1' (0#1) [D:/AGH_Files/Eng_Proj/Matlab_float_model/fixed_model/hdl_prj/hdlsrc/hdl_model_fixed/Complex4Multiply_block1.v:22]
INFO: [Synth 8-6157] synthesizing module 'SimpleDualPortRAM_generic_block__parameterized11' [D:/AGH_Files/Eng_Proj/Matlab_float_model/fixed_model/hdl_prj/hdlsrc/hdl_model_fixed/SimpleDualPortRAM_generic_block.v:22]
	Parameter AddrWidth bound to: 4 - type: integer 
	Parameter DataWidth bound to: 19 - type: integer 
INFO: [Synth 8-6155] done synthesizing module 'SimpleDualPortRAM_generic_block__parameterized11' (0#1) [D:/AGH_Files/Eng_Proj/Matlab_float_model/fixed_model/hdl_prj/hdlsrc/hdl_model_fixed/SimpleDualPortRAM_generic_block.v:22]
INFO: [Synth 8-6157] synthesizing module 'SDFCommutator7' [D:/AGH_Files/Eng_Proj/Matlab_float_model/fixed_model/hdl_prj/hdlsrc/hdl_model_fixed/SDFCommutator7.v:22]
INFO: [Synth 8-6157] synthesizing module 'SimpleDualPortRAM_generic_block__parameterized12' [D:/AGH_Files/Eng_Proj/Matlab_float_model/fixed_model/hdl_prj/hdlsrc/hdl_model_fixed/SimpleDualPortRAM_generic_block.v:22]
	Parameter AddrWidth bound to: 3 - type: integer 
	Parameter DataWidth bound to: 19 - type: integer 
INFO: [Synth 8-6155] done synthesizing module 'SimpleDualPortRAM_generic_block__parameterized12' (0#1) [D:/AGH_Files/Eng_Proj/Matlab_float_model/fixed_model/hdl_prj/hdlsrc/hdl_model_fixed/SimpleDualPortRAM_generic_block.v:22]
INFO: [Synth 8-6155] done synthesizing module 'SDFCommutator7' (0#1) [D:/AGH_Files/Eng_Proj/Matlab_float_model/fixed_model/hdl_prj/hdlsrc/hdl_model_fixed/SDFCommutator7.v:22]
INFO: [Synth 8-6155] done synthesizing module 'RADIX22FFT_SDF1_7' (0#1) [D:/AGH_Files/Eng_Proj/Matlab_float_model/fixed_model/hdl_prj/hdlsrc/hdl_model_fixed/RADIX22FFT_SDF1_7.v:22]
INFO: [Synth 8-6157] synthesizing module 'RADIX22FFT_CTRL1_8' [D:/AGH_Files/Eng_Proj/Matlab_float_model/fixed_model/hdl_prj/hdlsrc/hdl_model_fixed/RADIX22FFT_CTRL1_8.v:22]
INFO: [Synth 8-226] default block is never used [D:/AGH_Files/Eng_Proj/Matlab_float_model/fixed_model/hdl_prj/hdlsrc/hdl_model_fixed/RADIX22FFT_CTRL1_8.v:112]
INFO: [Synth 8-6155] done synthesizing module 'RADIX22FFT_CTRL1_8' (0#1) [D:/AGH_Files/Eng_Proj/Matlab_float_model/fixed_model/hdl_prj/hdlsrc/hdl_model_fixed/RADIX22FFT_CTRL1_8.v:22]
INFO: [Synth 8-6157] synthesizing module 'RADIX22FFT_SDF2_8' [D:/AGH_Files/Eng_Proj/Matlab_float_model/fixed_model/hdl_prj/hdlsrc/hdl_model_fixed/RADIX22FFT_SDF2_8.v:22]
INFO: [Synth 8-6157] synthesizing module 'SimpleDualPortRAM_generic_block__parameterized13' [D:/AGH_Files/Eng_Proj/Matlab_float_model/fixed_model/hdl_prj/hdlsrc/hdl_model_fixed/SimpleDualPortRAM_generic_block.v:22]
	Parameter AddrWidth bound to: 3 - type: integer 
	Parameter DataWidth bound to: 20 - type: integer 
INFO: [Synth 8-6155] done synthesizing module 'SimpleDualPortRAM_generic_block__parameterized13' (0#1) [D:/AGH_Files/Eng_Proj/Matlab_float_model/fixed_model/hdl_prj/hdlsrc/hdl_model_fixed/SimpleDualPortRAM_generic_block.v:22]
INFO: [Synth 8-6157] synthesizing module 'SDFCommutator8' [D:/AGH_Files/Eng_Proj/Matlab_float_model/fixed_model/hdl_prj/hdlsrc/hdl_model_fixed/SDFCommutator8.v:22]
INFO: [Synth 8-6155] done synthesizing module 'SDFCommutator8' (0#1) [D:/AGH_Files/Eng_Proj/Matlab_float_model/fixed_model/hdl_prj/hdlsrc/hdl_model_fixed/SDFCommutator8.v:22]
INFO: [Synth 8-6155] done synthesizing module 'RADIX22FFT_SDF2_8' (0#1) [D:/AGH_Files/Eng_Proj/Matlab_float_model/fixed_model/hdl_prj/hdlsrc/hdl_model_fixed/RADIX22FFT_SDF2_8.v:22]
INFO: [Synth 8-6157] synthesizing module 'TWDLROM_9_1' [D:/AGH_Files/Eng_Proj/Matlab_float_model/fixed_model/hdl_prj/hdlsrc/hdl_model_fixed/TWDLROM_9_1.v:22]
INFO: [Synth 8-6155] done synthesizing module 'TWDLROM_9_1' (0#1) [D:/AGH_Files/Eng_Proj/Matlab_float_model/fixed_model/hdl_prj/hdlsrc/hdl_model_fixed/TWDLROM_9_1.v:22]
INFO: [Synth 8-6157] synthesizing module 'RADIX22FFT_CTRL1_9' [D:/AGH_Files/Eng_Proj/Matlab_float_model/fixed_model/hdl_prj/hdlsrc/hdl_model_fixed/RADIX22FFT_CTRL1_9.v:22]
INFO: [Synth 8-226] default block is never used [D:/AGH_Files/Eng_Proj/Matlab_float_model/fixed_model/hdl_prj/hdlsrc/hdl_model_fixed/RADIX22FFT_CTRL1_9.v:110]
INFO: [Synth 8-6155] done synthesizing module 'RADIX22FFT_CTRL1_9' (0#1) [D:/AGH_Files/Eng_Proj/Matlab_float_model/fixed_model/hdl_prj/hdlsrc/hdl_model_fixed/RADIX22FFT_CTRL1_9.v:22]
INFO: [Synth 8-6157] synthesizing module 'RADIX22FFT_SDF1_9' [D:/AGH_Files/Eng_Proj/Matlab_float_model/fixed_model/hdl_prj/hdlsrc/hdl_model_fixed/RADIX22FFT_SDF1_9.v:22]
INFO: [Synth 8-6157] synthesizing module 'Complex4Multiply_block2' [D:/AGH_Files/Eng_Proj/Matlab_float_model/fixed_model/hdl_prj/hdlsrc/hdl_model_fixed/Complex4Multiply_block2.v:22]
INFO: [Synth 8-6155] done synthesizing module 'Complex4Multiply_block2' (0#1) [D:/AGH_Files/Eng_Proj/Matlab_float_model/fixed_model/hdl_prj/hdlsrc/hdl_model_fixed/Complex4Multiply_block2.v:22]
INFO: [Synth 8-6157] synthesizing module 'SimpleDualPortRAM_generic_block__parameterized14' [D:/AGH_Files/Eng_Proj/Matlab_float_model/fixed_model/hdl_prj/hdlsrc/hdl_model_fixed/SimpleDualPortRAM_generic_block.v:22]
	Parameter AddrWidth bound to: 2 - type: integer 
	Parameter DataWidth bound to: 21 - type: integer 
INFO: [Synth 8-6155] done synthesizing module 'SimpleDualPortRAM_generic_block__parameterized14' (0#1) [D:/AGH_Files/Eng_Proj/Matlab_float_model/fixed_model/hdl_prj/hdlsrc/hdl_model_fixed/SimpleDualPortRAM_generic_block.v:22]
INFO: [Synth 8-6157] synthesizing module 'SDFCommutator9' [D:/AGH_Files/Eng_Proj/Matlab_float_model/fixed_model/hdl_prj/hdlsrc/hdl_model_fixed/SDFCommutator9.v:22]
INFO: [Synth 8-6157] synthesizing module 'SimpleDualPortRAM_generic_block__parameterized15' [D:/AGH_Files/Eng_Proj/Matlab_float_model/fixed_model/hdl_prj/hdlsrc/hdl_model_fixed/SimpleDualPortRAM_generic_block.v:22]
	Parameter AddrWidth bound to: 3 - type: integer 
	Parameter DataWidth bound to: 21 - type: integer 
INFO: [Synth 8-6155] done synthesizing module 'SimpleDualPortRAM_generic_block__parameterized15' (0#1) [D:/AGH_Files/Eng_Proj/Matlab_float_model/fixed_model/hdl_prj/hdlsrc/hdl_model_fixed/SimpleDualPortRAM_generic_block.v:22]
INFO: [Synth 8-6155] done synthesizing module 'SDFCommutator9' (0#1) [D:/AGH_Files/Eng_Proj/Matlab_float_model/fixed_model/hdl_prj/hdlsrc/hdl_model_fixed/SDFCommutator9.v:22]
INFO: [Synth 8-6155] done synthesizing module 'RADIX22FFT_SDF1_9' (0#1) [D:/AGH_Files/Eng_Proj/Matlab_float_model/fixed_model/hdl_prj/hdlsrc/hdl_model_fixed/RADIX22FFT_SDF1_9.v:22]
INFO: [Synth 8-6157] synthesizing module 'RADIX22FFT_CTRL1_10' [D:/AGH_Files/Eng_Proj/Matlab_float_model/fixed_model/hdl_prj/hdlsrc/hdl_model_fixed/RADIX22FFT_CTRL1_10.v:22]
INFO: [Synth 8-226] default block is never used [D:/AGH_Files/Eng_Proj/Matlab_float_model/fixed_model/hdl_prj/hdlsrc/hdl_model_fixed/RADIX22FFT_CTRL1_10.v:111]
INFO: [Synth 8-6155] done synthesizing module 'RADIX22FFT_CTRL1_10' (0#1) [D:/AGH_Files/Eng_Proj/Matlab_float_model/fixed_model/hdl_prj/hdlsrc/hdl_model_fixed/RADIX22FFT_CTRL1_10.v:22]
INFO: [Synth 8-6157] synthesizing module 'RADIX22FFT_SDF2_10' [D:/AGH_Files/Eng_Proj/Matlab_float_model/fixed_model/hdl_prj/hdlsrc/hdl_model_fixed/RADIX22FFT_SDF2_10.v:22]
INFO: [Synth 8-6157] synthesizing module 'SDFCommutator10' [D:/AGH_Files/Eng_Proj/Matlab_float_model/fixed_model/hdl_prj/hdlsrc/hdl_model_fixed/SDFCommutator10.v:22]
INFO: [Synth 8-6157] synthesizing module 'SimpleDualPortRAM_generic_block__parameterized16' [D:/AGH_Files/Eng_Proj/Matlab_float_model/fixed_model/hdl_prj/hdlsrc/hdl_model_fixed/SimpleDualPortRAM_generic_block.v:22]
	Parameter AddrWidth bound to: 3 - type: integer 
	Parameter DataWidth bound to: 22 - type: integer 
INFO: [Synth 8-6155] done synthesizing module 'SimpleDualPortRAM_generic_block__parameterized16' (0#1) [D:/AGH_Files/Eng_Proj/Matlab_float_model/fixed_model/hdl_prj/hdlsrc/hdl_model_fixed/SimpleDualPortRAM_generic_block.v:22]
INFO: [Synth 8-6155] done synthesizing module 'SDFCommutator10' (0#1) [D:/AGH_Files/Eng_Proj/Matlab_float_model/fixed_model/hdl_prj/hdlsrc/hdl_model_fixed/SDFCommutator10.v:22]
INFO: [Synth 8-6155] done synthesizing module 'RADIX22FFT_SDF2_10' (0#1) [D:/AGH_Files/Eng_Proj/Matlab_float_model/fixed_model/hdl_prj/hdlsrc/hdl_model_fixed/RADIX22FFT_SDF2_10.v:22]
INFO: [Synth 8-6157] synthesizing module 'TWDLROM_11_1' [D:/AGH_Files/Eng_Proj/Matlab_float_model/fixed_model/hdl_prj/hdlsrc/hdl_model_fixed/TWDLROM_11_1.v:22]
INFO: [Synth 8-6155] done synthesizing module 'TWDLROM_11_1' (0#1) [D:/AGH_Files/Eng_Proj/Matlab_float_model/fixed_model/hdl_prj/hdlsrc/hdl_model_fixed/TWDLROM_11_1.v:22]
INFO: [Synth 8-6157] synthesizing module 'RADIX22FFT_CTRL1_1_block' [D:/AGH_Files/Eng_Proj/Matlab_float_model/fixed_model/hdl_prj/hdlsrc/hdl_model_fixed/RADIX22FFT_CTRL1_1_block.v:22]
INFO: [Synth 8-226] default block is never used [D:/AGH_Files/Eng_Proj/Matlab_float_model/fixed_model/hdl_prj/hdlsrc/hdl_model_fixed/RADIX22FFT_CTRL1_1_block.v:91]
INFO: [Synth 8-6155] done synthesizing module 'RADIX22FFT_CTRL1_1_block' (0#1) [D:/AGH_Files/Eng_Proj/Matlab_float_model/fixed_model/hdl_prj/hdlsrc/hdl_model_fixed/RADIX22FFT_CTRL1_1_block.v:22]
INFO: [Synth 8-6157] synthesizing module 'RADIX22FFT_SDF1_11' [D:/AGH_Files/Eng_Proj/Matlab_float_model/fixed_model/hdl_prj/hdlsrc/hdl_model_fixed/RADIX22FFT_SDF1_11.v:22]
INFO: [Synth 8-6157] synthesizing module 'Complex4Multiply_block3' [D:/AGH_Files/Eng_Proj/Matlab_float_model/fixed_model/hdl_prj/hdlsrc/hdl_model_fixed/Complex4Multiply_block3.v:22]
INFO: [Synth 8-6155] done synthesizing module 'Complex4Multiply_block3' (0#1) [D:/AGH_Files/Eng_Proj/Matlab_float_model/fixed_model/hdl_prj/hdlsrc/hdl_model_fixed/Complex4Multiply_block3.v:22]
INFO: [Synth 8-6157] synthesizing module 'SDFCommutator11' [D:/AGH_Files/Eng_Proj/Matlab_float_model/fixed_model/hdl_prj/hdlsrc/hdl_model_fixed/SDFCommutator11.v:22]
INFO: [Synth 8-6157] synthesizing module 'SimpleDualPortRAM_generic_block__parameterized17' [D:/AGH_Files/Eng_Proj/Matlab_float_model/fixed_model/hdl_prj/hdlsrc/hdl_model_fixed/SimpleDualPortRAM_generic_block.v:22]
	Parameter AddrWidth bound to: 3 - type: integer 
	Parameter DataWidth bound to: 23 - type: integer 
INFO: [Synth 8-6155] done synthesizing module 'SimpleDualPortRAM_generic_block__parameterized17' (0#1) [D:/AGH_Files/Eng_Proj/Matlab_float_model/fixed_model/hdl_prj/hdlsrc/hdl_model_fixed/SimpleDualPortRAM_generic_block.v:22]
INFO: [Synth 8-6155] done synthesizing module 'SDFCommutator11' (0#1) [D:/AGH_Files/Eng_Proj/Matlab_float_model/fixed_model/hdl_prj/hdlsrc/hdl_model_fixed/SDFCommutator11.v:22]
INFO: [Synth 8-6155] done synthesizing module 'RADIX22FFT_SDF1_11' (0#1) [D:/AGH_Files/Eng_Proj/Matlab_float_model/fixed_model/hdl_prj/hdlsrc/hdl_model_fixed/RADIX22FFT_SDF1_11.v:22]
INFO: [Synth 8-6157] synthesizing module 'RADIX2FFT_bitNatural' [D:/AGH_Files/Eng_Proj/Matlab_float_model/fixed_model/hdl_prj/hdlsrc/hdl_model_fixed/RADIX2FFT_bitNatural.v:22]
INFO: [Synth 8-6157] synthesizing module 'SimpleDualPortRAM_generic_block__parameterized18' [D:/AGH_Files/Eng_Proj/Matlab_float_model/fixed_model/hdl_prj/hdlsrc/hdl_model_fixed/SimpleDualPortRAM_generic_block.v:22]
	Parameter AddrWidth bound to: 11 - type: integer 
	Parameter DataWidth bound to: 23 - type: integer 
INFO: [Synth 8-6155] done synthesizing module 'SimpleDualPortRAM_generic_block__parameterized18' (0#1) [D:/AGH_Files/Eng_Proj/Matlab_float_model/fixed_model/hdl_prj/hdlsrc/hdl_model_fixed/SimpleDualPortRAM_generic_block.v:22]
INFO: [Synth 8-226] default block is never used [D:/AGH_Files/Eng_Proj/Matlab_float_model/fixed_model/hdl_prj/hdlsrc/hdl_model_fixed/RADIX2FFT_bitNatural.v:255]
INFO: [Synth 8-6155] done synthesizing module 'RADIX2FFT_bitNatural' (0#1) [D:/AGH_Files/Eng_Proj/Matlab_float_model/fixed_model/hdl_prj/hdlsrc/hdl_model_fixed/RADIX2FFT_bitNatural.v:22]
INFO: [Synth 8-6155] done synthesizing module 'FFT' (0#1) [D:/AGH_Files/Eng_Proj/Matlab_float_model/fixed_model/hdl_prj/hdlsrc/hdl_model_fixed/FFT.v:24]
INFO: [Synth 8-6157] synthesizing module 'BUF_MIN_MAX_AVG' [D:/AGH_Files/Eng_Proj/Matlab_float_model/fixed_model/hdl_prj/hdlsrc/hdl_model_fixed/BUF_MIN_MAX_AVG.v:22]
INFO: [Synth 8-6157] synthesizing module 'MATLAB_Function1' [D:/AGH_Files/Eng_Proj/Matlab_float_model/fixed_model/hdl_prj/hdlsrc/hdl_model_fixed/MATLAB_Function1.v:22]
INFO: [Synth 8-6155] done synthesizing module 'MATLAB_Function1' (0#1) [D:/AGH_Files/Eng_Proj/Matlab_float_model/fixed_model/hdl_prj/hdlsrc/hdl_model_fixed/MATLAB_Function1.v:22]
INFO: [Synth 8-6157] synthesizing module 'Sample_and_Hold1' [D:/AGH_Files/Eng_Proj/Matlab_float_model/fixed_model/hdl_prj/hdlsrc/hdl_model_fixed/Sample_and_Hold1.v:22]
INFO: [Synth 8-6155] done synthesizing module 'Sample_and_Hold1' (0#1) [D:/AGH_Files/Eng_Proj/Matlab_float_model/fixed_model/hdl_prj/hdlsrc/hdl_model_fixed/Sample_and_Hold1.v:22]
INFO: [Synth 8-6157] synthesizing module 'MATLAB_Function' [D:/AGH_Files/Eng_Proj/Matlab_float_model/fixed_model/hdl_prj/hdlsrc/hdl_model_fixed/MATLAB_Function.v:22]
INFO: [Synth 8-6155] done synthesizing module 'MATLAB_Function' (0#1) [D:/AGH_Files/Eng_Proj/Matlab_float_model/fixed_model/hdl_prj/hdlsrc/hdl_model_fixed/MATLAB_Function.v:22]
INFO: [Synth 8-6157] synthesizing module 'Detect_Decrease1' [D:/AGH_Files/Eng_Proj/Matlab_float_model/fixed_model/hdl_prj/hdlsrc/hdl_model_fixed/Detect_Decrease1.v:22]
INFO: [Synth 8-6155] done synthesizing module 'Detect_Decrease1' (0#1) [D:/AGH_Files/Eng_Proj/Matlab_float_model/fixed_model/hdl_prj/hdlsrc/hdl_model_fixed/Detect_Decrease1.v:22]
INFO: [Synth 8-6157] synthesizing module 'Detect_Increase' [D:/AGH_Files/Eng_Proj/Matlab_float_model/fixed_model/hdl_prj/hdlsrc/hdl_model_fixed/Detect_Increase.v:22]
INFO: [Synth 8-6155] done synthesizing module 'Detect_Increase' (0#1) [D:/AGH_Files/Eng_Proj/Matlab_float_model/fixed_model/hdl_prj/hdlsrc/hdl_model_fixed/Detect_Increase.v:22]
INFO: [Synth 8-6157] synthesizing module 'S_R_Flip_Flop' [D:/AGH_Files/Eng_Proj/Matlab_float_model/fixed_model/hdl_prj/hdlsrc/hdl_model_fixed/S_R_Flip_Flop.v:22]
INFO: [Synth 8-6155] done synthesizing module 'S_R_Flip_Flop' (0#1) [D:/AGH_Files/Eng_Proj/Matlab_float_model/fixed_model/hdl_prj/hdlsrc/hdl_model_fixed/S_R_Flip_Flop.v:22]
INFO: [Synth 8-6155] done synthesizing module 'BUF_MIN_MAX_AVG' (0#1) [D:/AGH_Files/Eng_Proj/Matlab_float_model/fixed_model/hdl_prj/hdlsrc/hdl_model_fixed/BUF_MIN_MAX_AVG.v:22]
INFO: [Synth 8-6157] synthesizing module 'SimpleDualPortRAM_generic_block1' [D:/AGH_Files/Eng_Proj/Matlab_float_model/fixed_model/hdl_prj/hdlsrc/hdl_model_fixed/SimpleDualPortRAM_generic_block1.v:22]
	Parameter AddrWidth bound to: 3 - type: integer 
	Parameter DataWidth bound to: 49 - type: integer 
INFO: [Synth 8-6155] done synthesizing module 'SimpleDualPortRAM_generic_block1' (0#1) [D:/AGH_Files/Eng_Proj/Matlab_float_model/fixed_model/hdl_prj/hdlsrc/hdl_model_fixed/SimpleDualPortRAM_generic_block1.v:22]
INFO: [Synth 8-6157] synthesizing module 'Subsystem_Reference' [D:/AGH_Files/Eng_Proj/Matlab_float_model/fixed_model/hdl_prj/hdlsrc/hdl_model_fixed/Subsystem_Reference.v:22]
INFO: [Synth 8-6157] synthesizing module 'Absolute_of_Complex' [D:/AGH_Files/Eng_Proj/Matlab_float_model/fixed_model/hdl_prj/hdlsrc/hdl_model_fixed/Absolute_of_Complex.v:22]
INFO: [Synth 8-6157] synthesizing module 'CORDIC_Square_Root_HDL_Optim' [D:/AGH_Files/Eng_Proj/Matlab_float_model/fixed_model/hdl_prj/hdlsrc/hdl_model_fixed/CORDIC_Square_Root_HDL_Optim.v:23]
INFO: [Synth 8-6157] synthesizing module 'SimpleDualPortRAM_generic' [D:/AGH_Files/Eng_Proj/Matlab_float_model/fixed_model/hdl_prj/hdlsrc/hdl_model_fixed/SimpleDualPortRAM_generic.v:22]
	Parameter AddrWidth bound to: 2 - type: integer 
	Parameter DataWidth bound to: 24 - type: integer 
INFO: [Synth 8-6155] done synthesizing module 'SimpleDualPortRAM_generic' (0#1) [D:/AGH_Files/Eng_Proj/Matlab_float_model/fixed_model/hdl_prj/hdlsrc/hdl_model_fixed/SimpleDualPortRAM_generic.v:22]
INFO: [Synth 8-6157] synthesizing module 'Synchronous_Subsystem' [D:/AGH_Files/Eng_Proj/Matlab_float_model/fixed_model/hdl_prj/hdlsrc/hdl_model_fixed/Synchronous_Subsystem.v:24]
INFO: [Synth 8-6157] synthesizing module 'cordicSquareRootHDL' [D:/AGH_Files/Eng_Proj/Matlab_float_model/fixed_model/hdl_prj/hdlsrc/hdl_model_fixed/cordicSquareRootHDL.v:24]
INFO: [Synth 8-6155] done synthesizing module 'cordicSquareRootHDL' (0#1) [D:/AGH_Files/Eng_Proj/Matlab_float_model/fixed_model/hdl_prj/hdlsrc/hdl_model_fixed/cordicSquareRootHDL.v:24]
INFO: [Synth 8-6155] done synthesizing module 'Synchronous_Subsystem' (0#1) [D:/AGH_Files/Eng_Proj/Matlab_float_model/fixed_model/hdl_prj/hdlsrc/hdl_model_fixed/Synchronous_Subsystem.v:24]
INFO: [Synth 8-6157] synthesizing module 'Cast_to_Union_of_Types' [D:/AGH_Files/Eng_Proj/Matlab_float_model/fixed_model/hdl_prj/hdlsrc/hdl_model_fixed/Cast_to_Union_of_Types.v:24]
INFO: [Synth 8-6155] done synthesizing module 'Cast_to_Union_of_Types' (0#1) [D:/AGH_Files/Eng_Proj/Matlab_float_model/fixed_model/hdl_prj/hdlsrc/hdl_model_fixed/Cast_to_Union_of_Types.v:24]
INFO: [Synth 8-6157] synthesizing module 'Bit_Shift_Arithmetic' [D:/AGH_Files/Eng_Proj/Matlab_float_model/fixed_model/hdl_prj/hdlsrc/hdl_model_fixed/Bit_Shift_Arithmetic.v:24]
INFO: [Synth 8-6155] done synthesizing module 'Bit_Shift_Arithmetic' (0#1) [D:/AGH_Files/Eng_Proj/Matlab_float_model/fixed_model/hdl_prj/hdlsrc/hdl_model_fixed/Bit_Shift_Arithmetic.v:24]
INFO: [Synth 8-6155] done synthesizing module 'CORDIC_Square_Root_HDL_Optim' (0#1) [D:/AGH_Files/Eng_Proj/Matlab_float_model/fixed_model/hdl_prj/hdlsrc/hdl_model_fixed/CORDIC_Square_Root_HDL_Optim.v:23]
INFO: [Synth 8-6155] done synthesizing module 'Absolute_of_Complex' (0#1) [D:/AGH_Files/Eng_Proj/Matlab_float_model/fixed_model/hdl_prj/hdlsrc/hdl_model_fixed/Absolute_of_Complex.v:22]
INFO: [Synth 8-6157] synthesizing module 'Select_Freq' [D:/AGH_Files/Eng_Proj/Matlab_float_model/fixed_model/hdl_prj/hdlsrc/hdl_model_fixed/Select_Freq.v:22]
INFO: [Synth 8-6155] done synthesizing module 'Select_Freq' (0#1) [D:/AGH_Files/Eng_Proj/Matlab_float_model/fixed_model/hdl_prj/hdlsrc/hdl_model_fixed/Select_Freq.v:22]
INFO: [Synth 8-6157] synthesizing module 'Sample_and_Hold2' [D:/AGH_Files/Eng_Proj/Matlab_float_model/fixed_model/hdl_prj/hdlsrc/hdl_model_fixed/Sample_and_Hold2.v:22]
INFO: [Synth 8-6155] done synthesizing module 'Sample_and_Hold2' (0#1) [D:/AGH_Files/Eng_Proj/Matlab_float_model/fixed_model/hdl_prj/hdlsrc/hdl_model_fixed/Sample_and_Hold2.v:22]
INFO: [Synth 8-6157] synthesizing module 'CORDIC_Square_Root_HDL_Optim_block' [D:/AGH_Files/Eng_Proj/Matlab_float_model/fixed_model/hdl_prj/hdlsrc/hdl_model_fixed/CORDIC_Square_Root_HDL_Optim_block.v:22]
INFO: [Synth 8-6157] synthesizing module 'Synchronous_Subsystem_block' [D:/AGH_Files/Eng_Proj/Matlab_float_model/fixed_model/hdl_prj/hdlsrc/hdl_model_fixed/Synchronous_Subsystem_block.v:23]
INFO: [Synth 8-6157] synthesizing module 'cordicSquareRootHDL_block' [D:/AGH_Files/Eng_Proj/Matlab_float_model/fixed_model/hdl_prj/hdlsrc/hdl_model_fixed/cordicSquareRootHDL_block.v:23]
INFO: [Synth 8-6155] done synthesizing module 'cordicSquareRootHDL_block' (0#1) [D:/AGH_Files/Eng_Proj/Matlab_float_model/fixed_model/hdl_prj/hdlsrc/hdl_model_fixed/cordicSquareRootHDL_block.v:23]
INFO: [Synth 8-6155] done synthesizing module 'Synchronous_Subsystem_block' (0#1) [D:/AGH_Files/Eng_Proj/Matlab_float_model/fixed_model/hdl_prj/hdlsrc/hdl_model_fixed/Synchronous_Subsystem_block.v:23]
INFO: [Synth 8-6157] synthesizing module 'Cast_to_Union_of_Types_block' [D:/AGH_Files/Eng_Proj/Matlab_float_model/fixed_model/hdl_prj/hdlsrc/hdl_model_fixed/Cast_to_Union_of_Types_block.v:24]
INFO: [Synth 8-6155] done synthesizing module 'Cast_to_Union_of_Types_block' (0#1) [D:/AGH_Files/Eng_Proj/Matlab_float_model/fixed_model/hdl_prj/hdlsrc/hdl_model_fixed/Cast_to_Union_of_Types_block.v:24]
INFO: [Synth 8-6157] synthesizing module 'Bit_Shift_Arithmetic_block' [D:/AGH_Files/Eng_Proj/Matlab_float_model/fixed_model/hdl_prj/hdlsrc/hdl_model_fixed/Bit_Shift_Arithmetic_block.v:23]
INFO: [Synth 8-6155] done synthesizing module 'Bit_Shift_Arithmetic_block' (0#1) [D:/AGH_Files/Eng_Proj/Matlab_float_model/fixed_model/hdl_prj/hdlsrc/hdl_model_fixed/Bit_Shift_Arithmetic_block.v:23]
INFO: [Synth 8-6155] done synthesizing module 'CORDIC_Square_Root_HDL_Optim_block' (0#1) [D:/AGH_Files/Eng_Proj/Matlab_float_model/fixed_model/hdl_prj/hdlsrc/hdl_model_fixed/CORDIC_Square_Root_HDL_Optim_block.v:22]
INFO: [Synth 8-6157] synthesizing module 'Sample_and_Hold' [D:/AGH_Files/Eng_Proj/Matlab_float_model/fixed_model/hdl_prj/hdlsrc/hdl_model_fixed/Sample_and_Hold.v:22]
INFO: [Synth 8-6157] synthesizing module 'SimpleDualPortRAM_generic__parameterized0' [D:/AGH_Files/Eng_Proj/Matlab_float_model/fixed_model/hdl_prj/hdlsrc/hdl_model_fixed/SimpleDualPortRAM_generic.v:22]
	Parameter AddrWidth bound to: 3 - type: integer 
	Parameter DataWidth bound to: 2 - type: integer 
INFO: [Synth 8-6155] done synthesizing module 'SimpleDualPortRAM_generic__parameterized0' (0#1) [D:/AGH_Files/Eng_Proj/Matlab_float_model/fixed_model/hdl_prj/hdlsrc/hdl_model_fixed/SimpleDualPortRAM_generic.v:22]
INFO: [Synth 8-6155] done synthesizing module 'Sample_and_Hold' (0#1) [D:/AGH_Files/Eng_Proj/Matlab_float_model/fixed_model/hdl_prj/hdlsrc/hdl_model_fixed/Sample_and_Hold.v:22]
INFO: [Synth 8-6157] synthesizing module 'SimpleDualPortRAM_generic__parameterized1' [D:/AGH_Files/Eng_Proj/Matlab_float_model/fixed_model/hdl_prj/hdlsrc/hdl_model_fixed/SimpleDualPortRAM_generic.v:22]
	Parameter AddrWidth bound to: 4 - type: integer 
	Parameter DataWidth bound to: 16 - type: integer 
INFO: [Synth 8-6155] done synthesizing module 'SimpleDualPortRAM_generic__parameterized1' (0#1) [D:/AGH_Files/Eng_Proj/Matlab_float_model/fixed_model/hdl_prj/hdlsrc/hdl_model_fixed/SimpleDualPortRAM_generic.v:22]
INFO: [Synth 8-6157] synthesizing module 'Real_Divide_HDL_Optimized' [D:/AGH_Files/Eng_Proj/Matlab_float_model/fixed_model/hdl_prj/hdlsrc/hdl_model_fixed/Real_Divide_HDL_Optimized.v:22]
INFO: [Synth 8-6157] synthesizing module 'Verify_divide_sizes' [D:/AGH_Files/Eng_Proj/Matlab_float_model/fixed_model/hdl_prj/hdlsrc/hdl_model_fixed/Verify_divide_sizes.v:22]
INFO: [Synth 8-6155] done synthesizing module 'Verify_divide_sizes' (0#1) [D:/AGH_Files/Eng_Proj/Matlab_float_model/fixed_model/hdl_prj/hdlsrc/hdl_model_fixed/Verify_divide_sizes.v:22]
INFO: [Synth 8-6157] synthesizing module 'ForEach_Real_Divide' [D:/AGH_Files/Eng_Proj/Matlab_float_model/fixed_model/hdl_prj/hdlsrc/hdl_model_fixed/ForEach_Real_Divide.v:22]
INFO: [Synth 8-6157] synthesizing module 'Upcast_Wordlength' [D:/AGH_Files/Eng_Proj/Matlab_float_model/fixed_model/hdl_prj/hdlsrc/hdl_model_fixed/Upcast_Wordlength.v:24]
INFO: [Common 17-14] Message 'Synth 8-6157' appears 100 times and further instances of the messages will be disabled. Use the Tcl command set_msg_config to change the current settings.
INFO: [Synth 8-6155] done synthesizing module 'Upcast_Wordlength' (0#1) [D:/AGH_Files/Eng_Proj/Matlab_float_model/fixed_model/hdl_prj/hdlsrc/hdl_model_fixed/Upcast_Wordlength.v:24]
INFO: [Synth 8-6155] done synthesizing module 'positiveRealNormalizer' (0#1) [D:/AGH_Files/Eng_Proj/Matlab_float_model/fixed_model/hdl_prj/hdlsrc/hdl_model_fixed/positiveRealNormalizer.v:24]
INFO: [Synth 8-6155] done synthesizing module 'Normalize_numerator' (0#1) [D:/AGH_Files/Eng_Proj/Matlab_float_model/fixed_model/hdl_prj/hdlsrc/hdl_model_fixed/Normalize_numerator.v:24]
INFO: [Synth 8-6155] done synthesizing module 'MATLAB_Function_block' (0#1) [D:/AGH_Files/Eng_Proj/Matlab_float_model/fixed_model/hdl_prj/hdlsrc/hdl_model_fixed/MATLAB_Function_block.v:24]
INFO: [Synth 8-6155] done synthesizing module 'positiveRealNormalizer_block' (0#1) [D:/AGH_Files/Eng_Proj/Matlab_float_model/fixed_model/hdl_prj/hdlsrc/hdl_model_fixed/positiveRealNormalizer_block.v:24]
INFO: [Synth 8-6155] done synthesizing module 'Normalize_denominator' (0#1) [D:/AGH_Files/Eng_Proj/Matlab_float_model/fixed_model/hdl_prj/hdlsrc/hdl_model_fixed/Normalize_denominator.v:24]
INFO: [Common 17-14] Message 'Synth 8-6155' appears 100 times and further instances of the messages will be disabled. Use the Tcl command set_msg_config to change the current settings.
	Parameter AddrWidth bound to: 4 - type: integer 
	Parameter DataWidth bound to: 2 - type: integer 
WARNING: [Synth 8-7071] port 'ce_out' of module 'Subsystem1' is unconnected for instance 'u_Subsystem1' [D:/AGH_Files/Eng_Proj/Matlab_float_model/fixed_model/hdl_prj/fil_prj/filsrc/Subsystem1_wrapper.v:46]
WARNING: [Synth 8-7023] instance 'u_Subsystem1' of module 'Subsystem1' has 14 connections declared, but only 13 given [D:/AGH_Files/Eng_Proj/Matlab_float_model/fixed_model/hdl_prj/fil_prj/filsrc/Subsystem1_wrapper.v:46]
INFO: [Synth 8-256] done synthesizing module 'mwfil_chiftop' (0#1) [D:/AGH_Files/Eng_Proj/Matlab_float_model/fixed_model/hdl_prj/fil_prj/filsrc/mwfil_chiftop.vhd:27]
INFO: [Synth 8-256] done synthesizing module 'Subsystem1_fil' (0#1) [D:/AGH_Files/Eng_Proj/Matlab_float_model/fixed_model/hdl_prj/fil_prj/filsrc/Subsystem1_fil.vhd:27]
WARNING: [Synth 8-6014] Unused sequential element LOCKEDSTEP_CTRL.reset_d1_reg was removed.  [D:/AGH_Files/Eng_Proj/Matlab_float_model/fixed_model/hdl_prj/fil_prj/filsrc/mwfil_controller.vhd:78]
WARNING: [Synth 8-3848] Net dut_din_valid in module/entity mwfil_controller does not have driver. [D:/AGH_Files/Eng_Proj/Matlab_float_model/fixed_model/hdl_prj/fil_prj/filsrc/mwfil_controller.vhd:33]
WARNING: [Synth 8-3848] Net dut_dout_ready in module/entity mwfil_controller does not have driver. [D:/AGH_Files/Eng_Proj/Matlab_float_model/fixed_model/hdl_prj/fil_prj/filsrc/mwfil_controller.vhd:36]
WARNING: [Synth 8-3848] Net dut_din_valid in module/entity mwfil_chifcore does not have driver. [D:/AGH_Files/Eng_Proj/Matlab_float_model/fixed_model/hdl_prj/fil_prj/filsrc/mwfil_chifcore.vhd:42]
WARNING: [Synth 8-3848] Net dut_din_ready_axis_fifo in module/entity mwfil_chifcore does not have driver. [D:/AGH_Files/Eng_Proj/Matlab_float_model/fixed_model/hdl_prj/fil_prj/filsrc/mwfil_chifcore.vhd:180]
WARNING: [Synth 8-6014] Unused sequential element SDFController_multjState_reg was removed.  [D:/AGH_Files/Eng_Proj/Matlab_float_model/fixed_model/hdl_prj/hdlsrc/hdl_model_fixed/RADIX22FFT_CTRL1_1.v:73]
WARNING: [Synth 8-6014] Unused sequential element SDFController_multiply_J_reg_reg was removed.  [D:/AGH_Files/Eng_Proj/Matlab_float_model/fixed_model/hdl_prj/hdlsrc/hdl_model_fixed/RADIX22FFT_CTRL1_1.v:75]
WARNING: [Synth 8-6014] Unused sequential element SDFCummutator_wrData_im_reg_reg was removed.  [D:/AGH_Files/Eng_Proj/Matlab_float_model/fixed_model/hdl_prj/hdlsrc/hdl_model_fixed/SDFCommutator1.v:142]
WARNING: [Synth 8-6014] Unused sequential element Radix22TwdlMapping_dvldReg1_reg was removed.  [D:/AGH_Files/Eng_Proj/Matlab_float_model/fixed_model/hdl_prj/hdlsrc/hdl_model_fixed/TWDLROM_3_1.v:108]
WARNING: [Synth 8-6014] Unused sequential element Radix22TwdlMapping_dvldReg2_reg was removed.  [D:/AGH_Files/Eng_Proj/Matlab_float_model/fixed_model/hdl_prj/hdlsrc/hdl_model_fixed/TWDLROM_3_1.v:109]
WARNING: [Synth 8-6014] Unused sequential element SDFController_multjState_reg was removed.  [D:/AGH_Files/Eng_Proj/Matlab_float_model/fixed_model/hdl_prj/hdlsrc/hdl_model_fixed/RADIX22FFT_CTRL1_3.v:73]
WARNING: [Synth 8-6014] Unused sequential element SDFController_multiply_J_reg_reg was removed.  [D:/AGH_Files/Eng_Proj/Matlab_float_model/fixed_model/hdl_prj/hdlsrc/hdl_model_fixed/RADIX22FFT_CTRL1_3.v:75]
WARNING: [Synth 8-6014] Unused sequential element Radix22TwdlMapping_dvldReg1_reg was removed.  [D:/AGH_Files/Eng_Proj/Matlab_float_model/fixed_model/hdl_prj/hdlsrc/hdl_model_fixed/TWDLROM_5_1.v:108]
WARNING: [Synth 8-6014] Unused sequential element Radix22TwdlMapping_dvldReg2_reg was removed.  [D:/AGH_Files/Eng_Proj/Matlab_float_model/fixed_model/hdl_prj/hdlsrc/hdl_model_fixed/TWDLROM_5_1.v:109]
WARNING: [Synth 8-6014] Unused sequential element SDFController_multjState_reg was removed.  [D:/AGH_Files/Eng_Proj/Matlab_float_model/fixed_model/hdl_prj/hdlsrc/hdl_model_fixed/RADIX22FFT_CTRL1_5.v:73]
WARNING: [Synth 8-6014] Unused sequential element SDFController_multiply_J_reg_reg was removed.  [D:/AGH_Files/Eng_Proj/Matlab_float_model/fixed_model/hdl_prj/hdlsrc/hdl_model_fixed/RADIX22FFT_CTRL1_5.v:75]
WARNING: [Synth 8-6014] Unused sequential element Radix22TwdlMapping_dvldReg1_reg was removed.  [D:/AGH_Files/Eng_Proj/Matlab_float_model/fixed_model/hdl_prj/hdlsrc/hdl_model_fixed/TWDLROM_7_1.v:108]
WARNING: [Synth 8-6014] Unused sequential element Radix22TwdlMapping_dvldReg2_reg was removed.  [D:/AGH_Files/Eng_Proj/Matlab_float_model/fixed_model/hdl_prj/hdlsrc/hdl_model_fixed/TWDLROM_7_1.v:109]
WARNING: [Synth 8-6014] Unused sequential element SDFController_multjState_reg was removed.  [D:/AGH_Files/Eng_Proj/Matlab_float_model/fixed_model/hdl_prj/hdlsrc/hdl_model_fixed/RADIX22FFT_CTRL1_7.v:73]
WARNING: [Synth 8-6014] Unused sequential element SDFController_multiply_J_reg_reg was removed.  [D:/AGH_Files/Eng_Proj/Matlab_float_model/fixed_model/hdl_prj/hdlsrc/hdl_model_fixed/RADIX22FFT_CTRL1_7.v:75]
WARNING: [Synth 8-6014] Unused sequential element Radix22TwdlMapping_dvldReg1_reg was removed.  [D:/AGH_Files/Eng_Proj/Matlab_float_model/fixed_model/hdl_prj/hdlsrc/hdl_model_fixed/TWDLROM_9_1.v:108]
WARNING: [Synth 8-6014] Unused sequential element Radix22TwdlMapping_dvldReg2_reg was removed.  [D:/AGH_Files/Eng_Proj/Matlab_float_model/fixed_model/hdl_prj/hdlsrc/hdl_model_fixed/TWDLROM_9_1.v:109]
WARNING: [Synth 8-6014] Unused sequential element SDFController_multjState_reg was removed.  [D:/AGH_Files/Eng_Proj/Matlab_float_model/fixed_model/hdl_prj/hdlsrc/hdl_model_fixed/RADIX22FFT_CTRL1_9.v:73]
WARNING: [Synth 8-6014] Unused sequential element SDFController_multiply_J_reg_reg was removed.  [D:/AGH_Files/Eng_Proj/Matlab_float_model/fixed_model/hdl_prj/hdlsrc/hdl_model_fixed/RADIX22FFT_CTRL1_9.v:75]
WARNING: [Synth 8-6014] Unused sequential element Radix22TwdlMapping_dvldReg1_reg was removed.  [D:/AGH_Files/Eng_Proj/Matlab_float_model/fixed_model/hdl_prj/hdlsrc/hdl_model_fixed/TWDLROM_11_1.v:108]
WARNING: [Synth 8-6014] Unused sequential element Radix22TwdlMapping_dvldReg2_reg was removed.  [D:/AGH_Files/Eng_Proj/Matlab_float_model/fixed_model/hdl_prj/hdlsrc/hdl_model_fixed/TWDLROM_11_1.v:109]
WARNING: [Synth 8-6014] Unused sequential element SDFController_multjState_reg was removed.  [D:/AGH_Files/Eng_Proj/Matlab_float_model/fixed_model/hdl_prj/hdlsrc/hdl_model_fixed/RADIX22FFT_CTRL1_1_block.v:66]
WARNING: [Synth 8-6014] Unused sequential element rdStateMachineBitNatural_startOutReg_reg was removed.  [D:/AGH_Files/Eng_Proj/Matlab_float_model/fixed_model/hdl_prj/hdlsrc/hdl_model_fixed/RADIX2FFT_bitNatural.v:202]
WARNING: [Synth 8-6014] Unused sequential element rdStateMachineBitNatural_endOutReg1_reg was removed.  [D:/AGH_Files/Eng_Proj/Matlab_float_model/fixed_model/hdl_prj/hdlsrc/hdl_model_fixed/RADIX2FFT_bitNatural.v:203]
WARNING: [Synth 8-6014] Unused sequential element rdStateMachineBitNatural_endOutReg2_reg was removed.  [D:/AGH_Files/Eng_Proj/Matlab_float_model/fixed_model/hdl_prj/hdlsrc/hdl_model_fixed/RADIX2FFT_bitNatural.v:204]
WARNING: [Synth 8-6014] Unused sequential element yReg_reg[23] was removed.  [D:/AGH_Files/Eng_Proj/Matlab_float_model/fixed_model/hdl_prj/hdlsrc/hdl_model_fixed/cordicSquareRootHDL.v:442]
WARNING: [Synth 8-6014] Unused sequential element yReg_reg[24] was removed.  [D:/AGH_Files/Eng_Proj/Matlab_float_model/fixed_model/hdl_prj/hdlsrc/hdl_model_fixed/cordicSquareRootHDL.v:442]
WARNING: [Synth 8-6014] Unused sequential element yReg_reg[21] was removed.  [D:/AGH_Files/Eng_Proj/Matlab_float_model/fixed_model/hdl_prj/hdlsrc/hdl_model_fixed/cordicSquareRootHDL_block.v:375]
WARNING: [Synth 8-6014] Unused sequential element yReg_reg[22] was removed.  [D:/AGH_Files/Eng_Proj/Matlab_float_model/fixed_model/hdl_prj/hdlsrc/hdl_model_fixed/cordicSquareRootHDL_block.v:375]
WARNING: [Synth 8-6014] Unused sequential element validIn_1_reg was removed.  [D:/AGH_Files/Eng_Proj/Matlab_float_model/fixed_model/hdl_prj/hdlsrc/hdl_model_fixed/positiveRealNormalizer.v:114]
WARNING: [Synth 8-6014] Unused sequential element validReg_reg was removed.  [D:/AGH_Files/Eng_Proj/Matlab_float_model/fixed_model/hdl_prj/hdlsrc/hdl_model_fixed/positiveRealNormalizer.v:129]
WARNING: [Synth 8-6014] Unused sequential element xReg_reg[15] was removed.  [D:/AGH_Files/Eng_Proj/Matlab_float_model/fixed_model/hdl_prj/hdlsrc/hdl_model_fixed/normalizedCORDICDivide.v:189]
WARNING: [Synth 8-6014] Unused sequential element xReg_reg[16] was removed.  [D:/AGH_Files/Eng_Proj/Matlab_float_model/fixed_model/hdl_prj/hdlsrc/hdl_model_fixed/normalizedCORDICDivide.v:189]
WARNING: [Synth 8-6014] Unused sequential element xReg_reg[17] was removed.  [D:/AGH_Files/Eng_Proj/Matlab_float_model/fixed_model/hdl_prj/hdlsrc/hdl_model_fixed/normalizedCORDICDivide.v:189]
WARNING: [Synth 8-6014] Unused sequential element yReg_reg[16] was removed.  [D:/AGH_Files/Eng_Proj/Matlab_float_model/fixed_model/hdl_prj/hdlsrc/hdl_model_fixed/normalizedCORDICDivide.v:190]
WARNING: [Synth 8-6014] Unused sequential element yReg_reg[17] was removed.  [D:/AGH_Files/Eng_Proj/Matlab_float_model/fixed_model/hdl_prj/hdlsrc/hdl_model_fixed/normalizedCORDICDivide.v:190]
WARNING: [Synth 8-6014] Unused sequential element yReg_reg[15] was removed.  [D:/AGH_Files/Eng_Proj/Matlab_float_model/fixed_model/hdl_prj/hdlsrc/hdl_model_fixed/cordicSquareRootHDL_block1.v:317]
WARNING: [Synth 8-6014] Unused sequential element yReg_reg[16] was removed.  [D:/AGH_Files/Eng_Proj/Matlab_float_model/fixed_model/hdl_prj/hdlsrc/hdl_model_fixed/cordicSquareRootHDL_block1.v:317]
WARNING: [Synth 8-3848] Net dut_din_ready in module/entity mwfil_chiftop does not have driver. [D:/AGH_Files/Eng_Proj/Matlab_float_model/fixed_model/hdl_prj/fil_prj/filsrc/mwfil_chiftop.vhd:70]
WARNING: [Synth 8-3848] Net dut_dout_valid in module/entity mwfil_chiftop does not have driver. [D:/AGH_Files/Eng_Proj/Matlab_float_model/fixed_model/hdl_prj/fil_prj/filsrc/mwfil_chiftop.vhd:71]
WARNING: [Synth 8-7129] Port Xref[15] in module Cast_to_Union_of_Types_block2 is either unconnected or has no load
WARNING: [Synth 8-7129] Port Xref[14] in module Cast_to_Union_of_Types_block2 is either unconnected or has no load
WARNING: [Synth 8-7129] Port Xref[13] in module Cast_to_Union_of_Types_block2 is either unconnected or has no load
WARNING: [Synth 8-7129] Port Xref[12] in module Cast_to_Union_of_Types_block2 is either unconnected or has no load
WARNING: [Synth 8-7129] Port Xref[11] in module Cast_to_Union_of_Types_block2 is either unconnected or has no load
WARNING: [Synth 8-7129] Port Xref[10] in module Cast_to_Union_of_Types_block2 is either unconnected or has no load
WARNING: [Synth 8-7129] Port Xref[9] in module Cast_to_Union_of_Types_block2 is either unconnected or has no load
WARNING: [Synth 8-7129] Port Xref[8] in module Cast_to_Union_of_Types_block2 is either unconnected or has no load
WARNING: [Synth 8-7129] Port Xref[7] in module Cast_to_Union_of_Types_block2 is either unconnected or has no load
WARNING: [Synth 8-7129] Port Xref[6] in module Cast_to_Union_of_Types_block2 is either unconnected or has no load
WARNING: [Synth 8-7129] Port Xref[5] in module Cast_to_Union_of_Types_block2 is either unconnected or has no load
WARNING: [Synth 8-7129] Port Xref[4] in module Cast_to_Union_of_Types_block2 is either unconnected or has no load
WARNING: [Synth 8-7129] Port Xref[3] in module Cast_to_Union_of_Types_block2 is either unconnected or has no load
WARNING: [Synth 8-7129] Port Xref[2] in module Cast_to_Union_of_Types_block2 is either unconnected or has no load
WARNING: [Synth 8-7129] Port Xref[1] in module Cast_to_Union_of_Types_block2 is either unconnected or has no load
WARNING: [Synth 8-7129] Port Xref[0] in module Cast_to_Union_of_Types_block2 is either unconnected or has no load
WARNING: [Synth 8-7129] Port u_u[16] in module Reshape_to_original_size is either unconnected or has no load
WARNING: [Synth 8-7129] Port u_u[15] in module Reshape_to_original_size is either unconnected or has no load
WARNING: [Synth 8-7129] Port u_u[14] in module Reshape_to_original_size is either unconnected or has no load
WARNING: [Synth 8-7129] Port u_u[13] in module Reshape_to_original_size is either unconnected or has no load
WARNING: [Synth 8-7129] Port u_u[12] in module Reshape_to_original_size is either unconnected or has no load
WARNING: [Synth 8-7129] Port u_u[11] in module Reshape_to_original_size is either unconnected or has no load
WARNING: [Synth 8-7129] Port u_u[10] in module Reshape_to_original_size is either unconnected or has no load
WARNING: [Synth 8-7129] Port u_u[9] in module Reshape_to_original_size is either unconnected or has no load
WARNING: [Synth 8-7129] Port u_u[8] in module Reshape_to_original_size is either unconnected or has no load
WARNING: [Synth 8-7129] Port u_u[7] in module Reshape_to_original_size is either unconnected or has no load
WARNING: [Synth 8-7129] Port u_u[6] in module Reshape_to_original_size is either unconnected or has no load
WARNING: [Synth 8-7129] Port u_u[5] in module Reshape_to_original_size is either unconnected or has no load
WARNING: [Synth 8-7129] Port u_u[4] in module Reshape_to_original_size is either unconnected or has no load
WARNING: [Synth 8-7129] Port u_u[3] in module Reshape_to_original_size is either unconnected or has no load
WARNING: [Synth 8-7129] Port u_u[2] in module Reshape_to_original_size is either unconnected or has no load
WARNING: [Synth 8-7129] Port u_u[1] in module Reshape_to_original_size is either unconnected or has no load
WARNING: [Synth 8-7129] Port u_u[0] in module Reshape_to_original_size is either unconnected or has no load
WARNING: [Synth 8-7129] Port leftShift[31] in module Variable_Left_Shift is either unconnected or has no load
WARNING: [Synth 8-7129] Port leftShift[30] in module Variable_Left_Shift is either unconnected or has no load
WARNING: [Synth 8-7129] Port leftShift[29] in module Variable_Left_Shift is either unconnected or has no load
WARNING: [Synth 8-7129] Port leftShift[28] in module Variable_Left_Shift is either unconnected or has no load
WARNING: [Synth 8-7129] Port leftShift[27] in module Variable_Left_Shift is either unconnected or has no load
WARNING: [Synth 8-7129] Port leftShift[26] in module Variable_Left_Shift is either unconnected or has no load
WARNING: [Synth 8-7129] Port leftShift[25] in module Variable_Left_Shift is either unconnected or has no load
WARNING: [Synth 8-7129] Port leftShift[24] in module Variable_Left_Shift is either unconnected or has no load
WARNING: [Synth 8-7129] Port leftShift[23] in module Variable_Left_Shift is either unconnected or has no load
WARNING: [Synth 8-7129] Port leftShift[22] in module Variable_Left_Shift is either unconnected or has no load
WARNING: [Synth 8-7129] Port leftShift[21] in module Variable_Left_Shift is either unconnected or has no load
WARNING: [Synth 8-7129] Port leftShift[20] in module Variable_Left_Shift is either unconnected or has no load
WARNING: [Synth 8-7129] Port leftShift[19] in module Variable_Left_Shift is either unconnected or has no load
WARNING: [Synth 8-7129] Port leftShift[18] in module Variable_Left_Shift is either unconnected or has no load
WARNING: [Synth 8-7129] Port leftShift[17] in module Variable_Left_Shift is either unconnected or has no load
WARNING: [Synth 8-7129] Port leftShift[16] in module Variable_Left_Shift is either unconnected or has no load
WARNING: [Synth 8-7129] Port leftShift[15] in module Variable_Left_Shift is either unconnected or has no load
WARNING: [Synth 8-7129] Port leftShift[14] in module Variable_Left_Shift is either unconnected or has no load
WARNING: [Synth 8-7129] Port leftShift[13] in module Variable_Left_Shift is either unconnected or has no load
WARNING: [Synth 8-7129] Port leftShift[12] in module Variable_Left_Shift is either unconnected or has no load
WARNING: [Synth 8-7129] Port leftShift[11] in module Variable_Left_Shift is either unconnected or has no load
WARNING: [Synth 8-7129] Port leftShift[10] in module Variable_Left_Shift is either unconnected or has no load
WARNING: [Synth 8-7129] Port leftShift[9] in module Variable_Left_Shift is either unconnected or has no load
WARNING: [Synth 8-7129] Port leftShift[8] in module Variable_Left_Shift is either unconnected or has no load
WARNING: [Synth 8-7129] Port rightShift[31] in module Variable_Right_Shift is either unconnected or has no load
WARNING: [Synth 8-7129] Port rightShift[30] in module Variable_Right_Shift is either unconnected or has no load
WARNING: [Synth 8-7129] Port rightShift[29] in module Variable_Right_Shift is either unconnected or has no load
WARNING: [Synth 8-7129] Port rightShift[28] in module Variable_Right_Shift is either unconnected or has no load
WARNING: [Synth 8-7129] Port rightShift[27] in module Variable_Right_Shift is either unconnected or has no load
WARNING: [Synth 8-7129] Port rightShift[26] in module Variable_Right_Shift is either unconnected or has no load
WARNING: [Synth 8-7129] Port rightShift[25] in module Variable_Right_Shift is either unconnected or has no load
WARNING: [Synth 8-7129] Port rightShift[24] in module Variable_Right_Shift is either unconnected or has no load
WARNING: [Synth 8-7129] Port rightShift[23] in module Variable_Right_Shift is either unconnected or has no load
WARNING: [Synth 8-7129] Port rightShift[22] in module Variable_Right_Shift is either unconnected or has no load
WARNING: [Synth 8-7129] Port rightShift[21] in module Variable_Right_Shift is either unconnected or has no load
WARNING: [Synth 8-7129] Port rightShift[20] in module Variable_Right_Shift is either unconnected or has no load
WARNING: [Synth 8-7129] Port rightShift[19] in module Variable_Right_Shift is either unconnected or has no load
WARNING: [Synth 8-7129] Port rightShift[18] in module Variable_Right_Shift is either unconnected or has no load
WARNING: [Synth 8-7129] Port rightShift[17] in module Variable_Right_Shift is either unconnected or has no load
WARNING: [Synth 8-7129] Port rightShift[16] in module Variable_Right_Shift is either unconnected or has no load
WARNING: [Synth 8-7129] Port rightShift[15] in module Variable_Right_Shift is either unconnected or has no load
WARNING: [Synth 8-7129] Port rightShift[14] in module Variable_Right_Shift is either unconnected or has no load
WARNING: [Synth 8-7129] Port rightShift[13] in module Variable_Right_Shift is either unconnected or has no load
WARNING: [Synth 8-7129] Port rightShift[12] in module Variable_Right_Shift is either unconnected or has no load
WARNING: [Synth 8-7129] Port rightShift[11] in module Variable_Right_Shift is either unconnected or has no load
WARNING: [Synth 8-7129] Port rightShift[10] in module Variable_Right_Shift is either unconnected or has no load
WARNING: [Synth 8-7129] Port rightShift[9] in module Variable_Right_Shift is either unconnected or has no load
WARNING: [Synth 8-7129] Port rightShift[8] in module Variable_Right_Shift is either unconnected or has no load
WARNING: [Synth 8-7129] Port Xref[17] in module Cast_to_Union_of_Types_block1 is either unconnected or has no load
WARNING: [Synth 8-7129] Port Xref[16] in module Cast_to_Union_of_Types_block1 is either unconnected or has no load
WARNING: [Synth 8-7129] Port Xref[15] in module Cast_to_Union_of_Types_block1 is either unconnected or has no load
WARNING: [Synth 8-7129] Port Xref[14] in module Cast_to_Union_of_Types_block1 is either unconnected or has no load
WARNING: [Synth 8-7129] Port Xref[13] in module Cast_to_Union_of_Types_block1 is either unconnected or has no load
WARNING: [Synth 8-7129] Port Xref[12] in module Cast_to_Union_of_Types_block1 is either unconnected or has no load
WARNING: [Synth 8-7129] Port Xref[11] in module Cast_to_Union_of_Types_block1 is either unconnected or has no load
WARNING: [Synth 8-7129] Port Xref[10] in module Cast_to_Union_of_Types_block1 is either unconnected or has no load
WARNING: [Synth 8-7129] Port Xref[9] in module Cast_to_Union_of_Types_block1 is either unconnected or has no load
WARNING: [Synth 8-7129] Port Xref[8] in module Cast_to_Union_of_Types_block1 is either unconnected or has no load
WARNING: [Synth 8-7129] Port Xref[7] in module Cast_to_Union_of_Types_block1 is either unconnected or has no load
WARNING: [Synth 8-7129] Port Xref[6] in module Cast_to_Union_of_Types_block1 is either unconnected or has no load
WARNING: [Synth 8-7129] Port Xref[5] in module Cast_to_Union_of_Types_block1 is either unconnected or has no load
WARNING: [Synth 8-7129] Port Xref[4] in module Cast_to_Union_of_Types_block1 is either unconnected or has no load
WARNING: [Synth 8-7129] Port Xref[3] in module Cast_to_Union_of_Types_block1 is either unconnected or has no load
WARNING: [Synth 8-7129] Port Xref[2] in module Cast_to_Union_of_Types_block1 is either unconnected or has no load
WARNING: [Synth 8-7129] Port Xref[1] in module Cast_to_Union_of_Types_block1 is either unconnected or has no load
WARNING: [Synth 8-7129] Port Xref[0] in module Cast_to_Union_of_Types_block1 is either unconnected or has no load
WARNING: [Synth 8-7129] Port validIn in module positiveRealNormalizer is either unconnected or has no load
INFO: [Common 17-14] Message 'Synth 8-7129' appears 100 times and further instances of the messages will be disabled. Use the Tcl command set_msg_config to change the current settings.
---------------------------------------------------------------------------------
Finished RTL Elaboration : Time (s): cpu = 00:00:06 ; elapsed = 00:00:13 . Memory (MB): peak = 1694.312 ; gain = 727.293
---------------------------------------------------------------------------------
---------------------------------------------------------------------------------
Start Handling Custom Attributes
---------------------------------------------------------------------------------
---------------------------------------------------------------------------------
Finished Handling Custom Attributes : Time (s): cpu = 00:00:06 ; elapsed = 00:00:13 . Memory (MB): peak = 1694.312 ; gain = 727.293
---------------------------------------------------------------------------------
---------------------------------------------------------------------------------
Finished RTL Optimization Phase 1 : Time (s): cpu = 00:00:06 ; elapsed = 00:00:13 . Memory (MB): peak = 1694.312 ; gain = 727.293
---------------------------------------------------------------------------------
Netlist sorting complete. Time (s): cpu = 00:00:01 ; elapsed = 00:00:00.439 . Memory (MB): peak = 1694.973 ; gain = 0.000
INFO: [Project 1-570] Preparing netlist for logic optimization

Processing XDC Constraints
Initializing timing engine
Parsing XDC File [d:/AGH_Files/Eng_Proj/Matlab_float_model/fixed_model/hdl_prj/fil_prj/fpgaproj/Subsystem1_fil.gen/sources_1/ip/jtag_mac_fifo/jtag_mac_fifo/jtag_mac_fifo_in_context.xdc] for cell 'u_jtag_mac/u_pre_chif_fifo/u_jtag_mac_fifo'
Finished Parsing XDC File [d:/AGH_Files/Eng_Proj/Matlab_float_model/fixed_model/hdl_prj/fil_prj/fpgaproj/Subsystem1_fil.gen/sources_1/ip/jtag_mac_fifo/jtag_mac_fifo/jtag_mac_fifo_in_context.xdc] for cell 'u_jtag_mac/u_pre_chif_fifo/u_jtag_mac_fifo'
Parsing XDC File [d:/AGH_Files/Eng_Proj/Matlab_float_model/fixed_model/hdl_prj/fil_prj/fpgaproj/Subsystem1_fil.gen/sources_1/ip/jtag_mac_fifo/jtag_mac_fifo/jtag_mac_fifo_in_context.xdc] for cell 'u_jtag_mac/u_post_chif_fifo/u_jtag_mac_fifo'
Finished Parsing XDC File [d:/AGH_Files/Eng_Proj/Matlab_float_model/fixed_model/hdl_prj/fil_prj/fpgaproj/Subsystem1_fil.gen/sources_1/ip/jtag_mac_fifo/jtag_mac_fifo/jtag_mac_fifo_in_context.xdc] for cell 'u_jtag_mac/u_post_chif_fifo/u_jtag_mac_fifo'
Parsing XDC File [d:/AGH_Files/Eng_Proj/Matlab_float_model/fixed_model/hdl_prj/fil_prj/fpgaproj/Subsystem1_fil.gen/sources_1/ip/clk_wiz_0/clk_wiz_0/clk_wiz_0_in_context.xdc] for cell 'u_clk_wiz_0'
Finished Parsing XDC File [d:/AGH_Files/Eng_Proj/Matlab_float_model/fixed_model/hdl_prj/fil_prj/fpgaproj/Subsystem1_fil.gen/sources_1/ip/clk_wiz_0/clk_wiz_0/clk_wiz_0_in_context.xdc] for cell 'u_clk_wiz_0'
Parsing XDC File [d:/AGH_Files/Eng_Proj/Matlab_float_model/fixed_model/hdl_prj/fil_prj/fpgaproj/Subsystem1_fil.gen/sources_1/ip/simcycle_fifo/simcycle_fifo/simcycle_fifo_in_context.xdc] for cell 'u_jtag_mac/u_simcycle_fifo/u_simcycle_fifo'
Finished Parsing XDC File [d:/AGH_Files/Eng_Proj/Matlab_float_model/fixed_model/hdl_prj/fil_prj/fpgaproj/Subsystem1_fil.gen/sources_1/ip/simcycle_fifo/simcycle_fifo/simcycle_fifo_in_context.xdc] for cell 'u_jtag_mac/u_simcycle_fifo/u_simcycle_fifo'
Parsing XDC File [D:/AGH_Files/Eng_Proj/Matlab_float_model/fixed_model/hdl_prj/fil_prj/filsrc/Subsystem1_fil.xdc]
WARNING: [Constraints 18-619] A clock with name 'sysclk' already exists, overwriting the previous clock with the same name. [D:/AGH_Files/Eng_Proj/Matlab_float_model/fixed_model/hdl_prj/fil_prj/filsrc/Subsystem1_fil.xdc:1]
WARNING: [Vivado 12-2489] -period contains time 15.151515 which will be rounded to 15.152 to ensure it is an integer multiple of 1 picosecond [D:/AGH_Files/Eng_Proj/Matlab_float_model/fixed_model/hdl_prj/fil_prj/filsrc/Subsystem1_fil.xdc:6]
WARNING: [Vivado 12-2489] -waveform contains time 7.575758 which will be rounded to 7.576 to ensure it is an integer multiple of 1 picosecond [D:/AGH_Files/Eng_Proj/Matlab_float_model/fixed_model/hdl_prj/fil_prj/filsrc/Subsystem1_fil.xdc:6]
WARNING: [Vivado 12-627] No clocks matched 'clk_out1_clk_wiz_0'. [D:/AGH_Files/Eng_Proj/Matlab_float_model/fixed_model/hdl_prj/fil_prj/filsrc/Subsystem1_fil.xdc:7]
INFO: [Vivado 12-626] No clocks found. Please use 'create_clock' or 'create_generated_clock' command to create clocks. [D:/AGH_Files/Eng_Proj/Matlab_float_model/fixed_model/hdl_prj/fil_prj/filsrc/Subsystem1_fil.xdc:7]
CRITICAL WARNING: [Vivado 12-4739] set_clock_groups:No valid object(s) found for '-group [get_clocks clk_out1_clk_wiz_0]'. [D:/AGH_Files/Eng_Proj/Matlab_float_model/fixed_model/hdl_prj/fil_prj/filsrc/Subsystem1_fil.xdc:7]
Resolution: Check if the specified object(s) exists in the current design. If it does, ensure that the correct design hierarchy was specified for the object. If you are working with clocks, make sure create_clock was used to create the clock object before it is referenced.
CRITICAL WARNING: [Vivado 12-4739] set_clock_groups:No valid object(s) found for '-group '. [D:/AGH_Files/Eng_Proj/Matlab_float_model/fixed_model/hdl_prj/fil_prj/filsrc/Subsystem1_fil.xdc:7]
Resolution: Check if the specified object(s) exists in the current design. If it does, ensure that the correct design hierarchy was specified for the object. If you are working with clocks, make sure create_clock was used to create the clock object before it is referenced.
Finished Parsing XDC File [D:/AGH_Files/Eng_Proj/Matlab_float_model/fixed_model/hdl_prj/fil_prj/filsrc/Subsystem1_fil.xdc]
WARNING: [Project 1-498] One or more constraints failed evaluation while reading constraint file [D:/AGH_Files/Eng_Proj/Matlab_float_model/fixed_model/hdl_prj/fil_prj/filsrc/Subsystem1_fil.xdc] and the design contains unresolved black boxes. These constraints will be read post-synthesis (as long as their source constraint file is marked as used_in_implementation) and should be applied correctly then. You should review the constraints listed in the file [.Xil/Subsystem1_fil_propImpl.xdc] and check the run log file to verify that these constraints were correctly applied.
INFO: [Project 1-236] Implementation specific constraints were found while reading constraint file [D:/AGH_Files/Eng_Proj/Matlab_float_model/fixed_model/hdl_prj/fil_prj/filsrc/Subsystem1_fil.xdc]. These constraints will be ignored for synthesis but will be used in implementation. Impacted constraints are listed in the file [.Xil/Subsystem1_fil_propImpl.xdc].
Resolution: To avoid this warning, move constraints listed in [.Xil/Subsystem1_fil_propImpl.xdc] to another XDC file and exclude this new file from synthesis with the used_in_synthesis property (File Properties dialog in GUI) and re-run elaboration/synthesis.
Completed Processing XDC Constraints

Netlist sorting complete. Time (s): cpu = 00:00:00 ; elapsed = 00:00:00.007 . Memory (MB): peak = 1810.070 ; gain = 0.000
INFO: [Project 1-111] Unisim Transformation Summary:
No Unisim elements were transformed.

Constraint Validation Runtime : Time (s): cpu = 00:00:00 ; elapsed = 00:00:00.131 . Memory (MB): peak = 1810.070 ; gain = 0.000
---------------------------------------------------------------------------------
Finished Constraint Validation : Time (s): cpu = 00:00:14 ; elapsed = 00:00:27 . Memory (MB): peak = 1810.070 ; gain = 843.051
---------------------------------------------------------------------------------
---------------------------------------------------------------------------------
Start Loading Part and Timing Information
---------------------------------------------------------------------------------
Loading part: xc7z010clg400-1
---------------------------------------------------------------------------------
Finished Loading Part and Timing Information : Time (s): cpu = 00:00:14 ; elapsed = 00:00:27 . Memory (MB): peak = 1810.070 ; gain = 843.051
---------------------------------------------------------------------------------
---------------------------------------------------------------------------------
Start Applying 'set_property' XDC Constraints
---------------------------------------------------------------------------------
Applied set_property IO_BUFFER_TYPE = NONE for sysclk. (constraint file  d:/AGH_Files/Eng_Proj/Matlab_float_model/fixed_model/hdl_prj/fil_prj/fpgaproj/Subsystem1_fil.gen/sources_1/ip/clk_wiz_0/clk_wiz_0/clk_wiz_0_in_context.xdc, line 3).
Applied set_property CLOCK_BUFFER_TYPE = NONE for sysclk. (constraint file  d:/AGH_Files/Eng_Proj/Matlab_float_model/fixed_model/hdl_prj/fil_prj/fpgaproj/Subsystem1_fil.gen/sources_1/ip/clk_wiz_0/clk_wiz_0/clk_wiz_0_in_context.xdc, line 4).
Applied set_property KEEP_HIERARCHY = SOFT for u_jtag_mac/u_pre_chif_fifo/u_jtag_mac_fifo. (constraint file  auto generated constraint).
Applied set_property KEEP_HIERARCHY = SOFT for u_jtag_mac/u_post_chif_fifo/u_jtag_mac_fifo. (constraint file  auto generated constraint).
Applied set_property KEEP_HIERARCHY = SOFT for u_clk_wiz_0. (constraint file  auto generated constraint).
Applied set_property KEEP_HIERARCHY = SOFT for u_jtag_mac/u_simcycle_fifo/u_simcycle_fifo. (constraint file  auto generated constraint).
---------------------------------------------------------------------------------
Finished applying 'set_property' XDC Constraints : Time (s): cpu = 00:00:14 ; elapsed = 00:00:27 . Memory (MB): peak = 1810.070 ; gain = 843.051
---------------------------------------------------------------------------------
INFO: [Synth 8-802] inferred FSM for state register 'cs_reg' in module 'jtag_mac'
INFO: [Synth 8-802] inferred FSM for state register 'SDFController_wrState_reg' in module 'RADIX22FFT_CTRL1_1'
INFO: [Synth 8-802] inferred FSM for state register 'SDFController_rdState_reg' in module 'RADIX22FFT_CTRL1_1'
INFO: [Synth 8-802] inferred FSM for state register 'SDFCummutator_wrState_reg' in module 'SDFCommutator1'
INFO: [Synth 8-802] inferred FSM for state register 'SDFCummutator_mem_btf_switch_reg' in module 'SDFCommutator1'
INFO: [Synth 8-802] inferred FSM for state register 'SDFCummutator_XState_reg' in module 'SDFCommutator1'
INFO: [Synth 8-802] inferred FSM for state register 'SDFController_wrState_reg' in module 'RADIX22FFT_CTRL1_2'
INFO: [Synth 8-802] inferred FSM for state register 'SDFController_rdState_reg' in module 'RADIX22FFT_CTRL1_2'
INFO: [Synth 8-802] inferred FSM for state register 'SDFCummutator_wrState_reg' in module 'SDFCommutator2'
INFO: [Synth 8-802] inferred FSM for state register 'SDFCummutator_mem_btf_switch_reg' in module 'SDFCommutator2'
INFO: [Synth 8-802] inferred FSM for state register 'SDFCummutator_XState_reg' in module 'SDFCommutator2'
INFO: [Synth 8-802] inferred FSM for state register 'SDFController_wrState_reg' in module 'RADIX22FFT_CTRL1_3'
INFO: [Synth 8-802] inferred FSM for state register 'SDFController_rdState_reg' in module 'RADIX22FFT_CTRL1_3'
INFO: [Synth 8-802] inferred FSM for state register 'SDFCummutator_wrState_reg' in module 'SDFCommutator3'
INFO: [Synth 8-802] inferred FSM for state register 'SDFCummutator_mem_btf_switch_reg' in module 'SDFCommutator3'
INFO: [Synth 8-802] inferred FSM for state register 'SDFCummutator_XState_reg' in module 'SDFCommutator3'
INFO: [Synth 8-802] inferred FSM for state register 'SDFController_wrState_reg' in module 'RADIX22FFT_CTRL1_4'
INFO: [Synth 8-802] inferred FSM for state register 'SDFController_rdState_reg' in module 'RADIX22FFT_CTRL1_4'
INFO: [Synth 8-802] inferred FSM for state register 'SDFCummutator_wrState_reg' in module 'SDFCommutator4'
INFO: [Synth 8-802] inferred FSM for state register 'SDFCummutator_mem_btf_switch_reg' in module 'SDFCommutator4'
INFO: [Synth 8-802] inferred FSM for state register 'SDFCummutator_XState_reg' in module 'SDFCommutator4'
INFO: [Synth 8-802] inferred FSM for state register 'SDFController_wrState_reg' in module 'RADIX22FFT_CTRL1_5'
INFO: [Synth 8-802] inferred FSM for state register 'SDFController_rdState_reg' in module 'RADIX22FFT_CTRL1_5'
INFO: [Synth 8-802] inferred FSM for state register 'SDFCummutator_wrState_reg' in module 'SDFCommutator5'
INFO: [Synth 8-802] inferred FSM for state register 'SDFCummutator_mem_btf_switch_reg' in module 'SDFCommutator5'
INFO: [Synth 8-802] inferred FSM for state register 'SDFCummutator_XState_reg' in module 'SDFCommutator5'
INFO: [Synth 8-802] inferred FSM for state register 'SDFController_wrState_reg' in module 'RADIX22FFT_CTRL1_6'
INFO: [Synth 8-802] inferred FSM for state register 'SDFController_rdState_reg' in module 'RADIX22FFT_CTRL1_6'
INFO: [Synth 8-802] inferred FSM for state register 'SDFCummutator_wrState_reg' in module 'SDFCommutator6'
INFO: [Synth 8-802] inferred FSM for state register 'SDFCummutator_mem_btf_switch_reg' in module 'SDFCommutator6'
INFO: [Synth 8-802] inferred FSM for state register 'SDFCummutator_XState_reg' in module 'SDFCommutator6'
INFO: [Synth 8-802] inferred FSM for state register 'SDFController_wrState_reg' in module 'RADIX22FFT_CTRL1_7'
INFO: [Synth 8-802] inferred FSM for state register 'SDFController_rdState_reg' in module 'RADIX22FFT_CTRL1_7'
INFO: [Synth 8-802] inferred FSM for state register 'SDFCummutator_wrState_reg' in module 'SDFCommutator7'
INFO: [Synth 8-802] inferred FSM for state register 'SDFCummutator_mem_btf_switch_reg' in module 'SDFCommutator7'
INFO: [Synth 8-802] inferred FSM for state register 'SDFCummutator_XState_reg' in module 'SDFCommutator7'
INFO: [Synth 8-802] inferred FSM for state register 'SDFController_wrState_reg' in module 'RADIX22FFT_CTRL1_8'
INFO: [Synth 8-802] inferred FSM for state register 'SDFController_rdState_reg' in module 'RADIX22FFT_CTRL1_8'
INFO: [Synth 8-802] inferred FSM for state register 'SDFCummutator_wrState_reg' in module 'SDFCommutator8'
INFO: [Synth 8-802] inferred FSM for state register 'SDFCummutator_XState_reg' in module 'SDFCommutator8'
INFO: [Synth 8-802] inferred FSM for state register 'SDFController_wrState_reg' in module 'RADIX22FFT_CTRL1_9'
INFO: [Synth 8-802] inferred FSM for state register 'SDFController_rdState_reg' in module 'RADIX22FFT_CTRL1_9'
INFO: [Synth 8-802] inferred FSM for state register 'SDFCummutator_wrState_reg' in module 'SDFCommutator9'
INFO: [Synth 8-802] inferred FSM for state register 'SDFCummutator_XState_reg' in module 'SDFCommutator9'
INFO: [Synth 8-802] inferred FSM for state register 'SDFController_wrState_reg' in module 'RADIX22FFT_CTRL1_10'
INFO: [Synth 8-802] inferred FSM for state register 'SDFController_rdState_reg' in module 'RADIX22FFT_CTRL1_10'
INFO: [Synth 8-802] inferred FSM for state register 'SDFCummutator_wrState_reg' in module 'SDFCommutator10'
INFO: [Synth 8-802] inferred FSM for state register 'SDFCummutator_XState_reg' in module 'SDFCommutator10'
INFO: [Synth 8-802] inferred FSM for state register 'SDFController_wrState_reg' in module 'RADIX22FFT_CTRL1_1_block'
INFO: [Synth 8-802] inferred FSM for state register 'SDFController_rdState_reg' in module 'RADIX22FFT_CTRL1_1_block'
INFO: [Synth 8-802] inferred FSM for state register 'SDFCummutator_wrState_reg' in module 'SDFCommutator11'
INFO: [Synth 8-802] inferred FSM for state register 'SDFCummutator_XState_reg' in module 'SDFCommutator11'
INFO: [Synth 8-802] inferred FSM for state register 'wrStateMachineBitNatural_wrState_reg' in module 'RADIX2FFT_bitNatural'
INFO: [Synth 8-802] inferred FSM for state register 'rdStateMachineBitNatural_rdState_reg' in module 'RADIX2FFT_bitNatural'
---------------------------------------------------------------------------------------------------
                   State |                     New Encoding |                Previous Encoding 
---------------------------------------------------------------------------------------------------
                    idle |                  000000000000001 |                  000000000000000
                 get_cmd |                  000000000000010 |                  000000000000010
              get_wr_len |                  000001000000000 |                  000000000000100
                 get_sim |                  000000000010000 |                  000000000001000
                      wr |                  000000000100000 |                  000000000010000
              get_rd_len |                  001000000000000 |                  000000001000000
                get_skip |                  000010000000000 |                  000000010000000
                exe_skip |                  000000001000000 |                  000000100000000
                rdbk_len |                  000000010000000 |                  000001000000000
                rdbk_dat |                  100000000000000 |                  000010000000000
                user_rst |                  010000000000000 |                  000000000000001
            ver_get_skip |                  000100000000000 |                  000100000000000
            ver_exe_skip |                  000000100000000 |                  001000000000000
            ver_rdbk_len |                  000000000000100 |                  010000000000000
            ver_rdbk_dat |                  000000000001000 |                  100000000000000
---------------------------------------------------------------------------------------------------
INFO: [Synth 8-3354] encoded FSM with state register 'cs_reg' using encoding 'one-hot' in module 'jtag_mac'
---------------------------------------------------------------------------------------------------
                   State |                     New Encoding |                Previous Encoding 
---------------------------------------------------------------------------------------------------
                  iSTATE |                               00 |                               00
                 iSTATE1 |                               01 |                               01
                 iSTATE0 |                               10 |                               10
---------------------------------------------------------------------------------------------------
INFO: [Synth 8-3354] encoded FSM with state register 'SDFController_wrState_reg' using encoding 'sequential' in module 'RADIX22FFT_CTRL1_1'
---------------------------------------------------------------------------------------------------
                   State |                     New Encoding |                Previous Encoding 
---------------------------------------------------------------------------------------------------
                 iSTATE0 |                               00 |                               00
                 iSTATE1 |                               01 |                               01
                  iSTATE |                               10 |                               10
---------------------------------------------------------------------------------------------------
INFO: [Synth 8-3354] encoded FSM with state register 'SDFController_rdState_reg' using encoding 'sequential' in module 'RADIX22FFT_CTRL1_1'
---------------------------------------------------------------------------------------------------
                   State |                     New Encoding |                Previous Encoding 
---------------------------------------------------------------------------------------------------
                 iSTATE0 |                              000 |                              000
                 iSTATE1 |                              001 |                              001
                 iSTATE2 |                              010 |                              100
                 iSTATE3 |                              011 |                              010
                  iSTATE |                              100 |                              011
---------------------------------------------------------------------------------------------------
INFO: [Synth 8-3354] encoded FSM with state register 'SDFCummutator_wrState_reg' using encoding 'sequential' in module 'SDFCommutator1'
---------------------------------------------------------------------------------------------------
                   State |                     New Encoding |                Previous Encoding 
---------------------------------------------------------------------------------------------------
                  iSTATE |                               00 |                               00
                 iSTATE1 |                               01 |                               01
                 iSTATE0 |                               10 |                               10
---------------------------------------------------------------------------------------------------
INFO: [Synth 8-3354] encoded FSM with state register 'SDFCummutator_mem_btf_switch_reg' using encoding 'sequential' in module 'SDFCommutator1'
---------------------------------------------------------------------------------------------------
                   State |                     New Encoding |                Previous Encoding 
---------------------------------------------------------------------------------------------------
                 iSTATE1 |                              000 |                              000
                 iSTATE2 |                              001 |                              001
                 iSTATE3 |                              010 |                              010
                  iSTATE |                              011 |                              011
                 iSTATE0 |                              100 |                              100
---------------------------------------------------------------------------------------------------
INFO: [Synth 8-3354] encoded FSM with state register 'SDFCummutator_XState_reg' using encoding 'sequential' in module 'SDFCommutator1'
---------------------------------------------------------------------------------------------------
                   State |                     New Encoding |                Previous Encoding 
---------------------------------------------------------------------------------------------------
                  iSTATE |                               00 |                               00
                 iSTATE1 |                               01 |                               01
                 iSTATE0 |                               10 |                               10
---------------------------------------------------------------------------------------------------
INFO: [Synth 8-3354] encoded FSM with state register 'SDFController_wrState_reg' using encoding 'sequential' in module 'RADIX22FFT_CTRL1_2'
---------------------------------------------------------------------------------------------------
                   State |                     New Encoding |                Previous Encoding 
---------------------------------------------------------------------------------------------------
                 iSTATE0 |                              001 |                               00
                 iSTATE1 |                              010 |                               01
                  iSTATE |                              100 |                               10
---------------------------------------------------------------------------------------------------
INFO: [Synth 8-3354] encoded FSM with state register 'SDFController_rdState_reg' using encoding 'one-hot' in module 'RADIX22FFT_CTRL1_2'
---------------------------------------------------------------------------------------------------
                   State |                     New Encoding |                Previous Encoding 
---------------------------------------------------------------------------------------------------
                 iSTATE0 |                              000 |                              000
                 iSTATE1 |                              001 |                              001
                 iSTATE2 |                              010 |                              100
                 iSTATE3 |                              011 |                              010
                  iSTATE |                              100 |                              011
---------------------------------------------------------------------------------------------------
INFO: [Synth 8-3354] encoded FSM with state register 'SDFCummutator_wrState_reg' using encoding 'sequential' in module 'SDFCommutator2'
---------------------------------------------------------------------------------------------------
                   State |                     New Encoding |                Previous Encoding 
---------------------------------------------------------------------------------------------------
                  iSTATE |                               00 |                               00
                 iSTATE1 |                               01 |                               01
                 iSTATE0 |                               10 |                               10
---------------------------------------------------------------------------------------------------
INFO: [Synth 8-3354] encoded FSM with state register 'SDFCummutator_mem_btf_switch_reg' using encoding 'sequential' in module 'SDFCommutator2'
---------------------------------------------------------------------------------------------------
                   State |                     New Encoding |                Previous Encoding 
---------------------------------------------------------------------------------------------------
                 iSTATE1 |                              000 |                              000
                 iSTATE2 |                              001 |                              001
                 iSTATE3 |                              010 |                              010
                  iSTATE |                              011 |                              011
                 iSTATE0 |                              100 |                              100
---------------------------------------------------------------------------------------------------
INFO: [Synth 8-3354] encoded FSM with state register 'SDFCummutator_XState_reg' using encoding 'sequential' in module 'SDFCommutator2'
---------------------------------------------------------------------------------------------------
                   State |                     New Encoding |                Previous Encoding 
---------------------------------------------------------------------------------------------------
                  iSTATE |                              001 |                               00
                 iSTATE1 |                              010 |                               01
                 iSTATE0 |                              100 |                               10
---------------------------------------------------------------------------------------------------
INFO: [Synth 8-3354] encoded FSM with state register 'SDFController_wrState_reg' using encoding 'one-hot' in module 'RADIX22FFT_CTRL1_3'
---------------------------------------------------------------------------------------------------
                   State |                     New Encoding |                Previous Encoding 
---------------------------------------------------------------------------------------------------
                 iSTATE0 |                               00 |                               00
                 iSTATE1 |                               01 |                               01
                  iSTATE |                               10 |                               10
---------------------------------------------------------------------------------------------------
INFO: [Synth 8-3354] encoded FSM with state register 'SDFController_rdState_reg' using encoding 'sequential' in module 'RADIX22FFT_CTRL1_3'
---------------------------------------------------------------------------------------------------
                   State |                     New Encoding |                Previous Encoding 
---------------------------------------------------------------------------------------------------
                 iSTATE0 |                              000 |                              000
                 iSTATE1 |                              001 |                              001
                 iSTATE2 |                              010 |                              100
                 iSTATE3 |                              011 |                              010
                  iSTATE |                              100 |                              011
---------------------------------------------------------------------------------------------------
INFO: [Synth 8-3354] encoded FSM with state register 'SDFCummutator_wrState_reg' using encoding 'sequential' in module 'SDFCommutator3'
---------------------------------------------------------------------------------------------------
                   State |                     New Encoding |                Previous Encoding 
---------------------------------------------------------------------------------------------------
                  iSTATE |                               00 |                               00
                 iSTATE1 |                               01 |                               01
                 iSTATE0 |                               10 |                               10
---------------------------------------------------------------------------------------------------
INFO: [Synth 8-3354] encoded FSM with state register 'SDFCummutator_mem_btf_switch_reg' using encoding 'sequential' in module 'SDFCommutator3'
---------------------------------------------------------------------------------------------------
                   State |                     New Encoding |                Previous Encoding 
---------------------------------------------------------------------------------------------------
                 iSTATE1 |                              000 |                              000
                 iSTATE2 |                              001 |                              001
                 iSTATE3 |                              010 |                              010
                  iSTATE |                              011 |                              011
                 iSTATE0 |                              100 |                              100
---------------------------------------------------------------------------------------------------
INFO: [Synth 8-3354] encoded FSM with state register 'SDFCummutator_XState_reg' using encoding 'sequential' in module 'SDFCommutator3'
---------------------------------------------------------------------------------------------------
                   State |                     New Encoding |                Previous Encoding 
---------------------------------------------------------------------------------------------------
                  iSTATE |                               00 |                               00
                 iSTATE1 |                               01 |                               01
                 iSTATE0 |                               10 |                               10
---------------------------------------------------------------------------------------------------
INFO: [Synth 8-3354] encoded FSM with state register 'SDFController_wrState_reg' using encoding 'sequential' in module 'RADIX22FFT_CTRL1_4'
---------------------------------------------------------------------------------------------------
                   State |                     New Encoding |                Previous Encoding 
---------------------------------------------------------------------------------------------------
                 iSTATE0 |                              001 |                               00
                 iSTATE1 |                              010 |                               01
                  iSTATE |                              100 |                               10
---------------------------------------------------------------------------------------------------
INFO: [Synth 8-3354] encoded FSM with state register 'SDFController_rdState_reg' using encoding 'one-hot' in module 'RADIX22FFT_CTRL1_4'
---------------------------------------------------------------------------------------------------
                   State |                     New Encoding |                Previous Encoding 
---------------------------------------------------------------------------------------------------
                 iSTATE0 |                              000 |                              000
                 iSTATE1 |                              001 |                              001
                 iSTATE2 |                              010 |                              100
                 iSTATE3 |                              011 |                              010
                  iSTATE |                              100 |                              011
---------------------------------------------------------------------------------------------------
INFO: [Synth 8-3354] encoded FSM with state register 'SDFCummutator_wrState_reg' using encoding 'sequential' in module 'SDFCommutator4'
---------------------------------------------------------------------------------------------------
                   State |                     New Encoding |                Previous Encoding 
---------------------------------------------------------------------------------------------------
                  iSTATE |                               00 |                               00
                 iSTATE1 |                               01 |                               01
                 iSTATE0 |                               10 |                               10
---------------------------------------------------------------------------------------------------
INFO: [Synth 8-3354] encoded FSM with state register 'SDFCummutator_mem_btf_switch_reg' using encoding 'sequential' in module 'SDFCommutator4'
---------------------------------------------------------------------------------------------------
                   State |                     New Encoding |                Previous Encoding 
---------------------------------------------------------------------------------------------------
                 iSTATE1 |                              000 |                              000
                 iSTATE2 |                              001 |                              001
                 iSTATE3 |                              010 |                              010
                  iSTATE |                              011 |                              011
                 iSTATE0 |                              100 |                              100
---------------------------------------------------------------------------------------------------
INFO: [Synth 8-3354] encoded FSM with state register 'SDFCummutator_XState_reg' using encoding 'sequential' in module 'SDFCommutator4'
---------------------------------------------------------------------------------------------------
                   State |                     New Encoding |                Previous Encoding 
---------------------------------------------------------------------------------------------------
                  iSTATE |                               00 |                               00
                 iSTATE1 |                               01 |                               01
                 iSTATE0 |                               10 |                               10
---------------------------------------------------------------------------------------------------
INFO: [Synth 8-3354] encoded FSM with state register 'SDFController_wrState_reg' using encoding 'sequential' in module 'RADIX22FFT_CTRL1_5'
---------------------------------------------------------------------------------------------------
                   State |                     New Encoding |                Previous Encoding 
---------------------------------------------------------------------------------------------------
                 iSTATE0 |                               00 |                               00
                 iSTATE1 |                               01 |                               01
                  iSTATE |                               10 |                               10
---------------------------------------------------------------------------------------------------
INFO: [Synth 8-3354] encoded FSM with state register 'SDFController_rdState_reg' using encoding 'sequential' in module 'RADIX22FFT_CTRL1_5'
---------------------------------------------------------------------------------------------------
                   State |                     New Encoding |                Previous Encoding 
---------------------------------------------------------------------------------------------------
                 iSTATE0 |                              000 |                              000
                 iSTATE1 |                              001 |                              001
                 iSTATE2 |                              010 |                              100
                 iSTATE3 |                              011 |                              010
                  iSTATE |                              100 |                              011
---------------------------------------------------------------------------------------------------
INFO: [Synth 8-3354] encoded FSM with state register 'SDFCummutator_wrState_reg' using encoding 'sequential' in module 'SDFCommutator5'
---------------------------------------------------------------------------------------------------
                   State |                     New Encoding |                Previous Encoding 
---------------------------------------------------------------------------------------------------
                  iSTATE |                               00 |                               00
                 iSTATE1 |                               01 |                               01
                 iSTATE0 |                               10 |                               10
---------------------------------------------------------------------------------------------------
INFO: [Synth 8-3354] encoded FSM with state register 'SDFCummutator_mem_btf_switch_reg' using encoding 'sequential' in module 'SDFCommutator5'
---------------------------------------------------------------------------------------------------
                   State |                     New Encoding |                Previous Encoding 
---------------------------------------------------------------------------------------------------
                 iSTATE1 |                              000 |                              000
                 iSTATE2 |                              001 |                              001
                 iSTATE3 |                              010 |                              010
                  iSTATE |                              011 |                              011
                 iSTATE0 |                              100 |                              100
---------------------------------------------------------------------------------------------------
INFO: [Synth 8-3354] encoded FSM with state register 'SDFCummutator_XState_reg' using encoding 'sequential' in module 'SDFCommutator5'
---------------------------------------------------------------------------------------------------
                   State |                     New Encoding |                Previous Encoding 
---------------------------------------------------------------------------------------------------
                  iSTATE |                               00 |                               00
                 iSTATE1 |                               01 |                               01
                 iSTATE0 |                               10 |                               10
---------------------------------------------------------------------------------------------------
INFO: [Synth 8-3354] encoded FSM with state register 'SDFController_wrState_reg' using encoding 'sequential' in module 'RADIX22FFT_CTRL1_6'
---------------------------------------------------------------------------------------------------
                   State |                     New Encoding |                Previous Encoding 
---------------------------------------------------------------------------------------------------
                 iSTATE0 |                              001 |                               00
                 iSTATE1 |                              010 |                               01
                  iSTATE |                              100 |                               10
---------------------------------------------------------------------------------------------------
INFO: [Synth 8-3354] encoded FSM with state register 'SDFController_rdState_reg' using encoding 'one-hot' in module 'RADIX22FFT_CTRL1_6'
---------------------------------------------------------------------------------------------------
                   State |                     New Encoding |                Previous Encoding 
---------------------------------------------------------------------------------------------------
                 iSTATE0 |                              000 |                              000
                 iSTATE1 |                              001 |                              001
                 iSTATE2 |                              010 |                              100
                 iSTATE3 |                              011 |                              010
                  iSTATE |                              100 |                              011
---------------------------------------------------------------------------------------------------
INFO: [Synth 8-3354] encoded FSM with state register 'SDFCummutator_wrState_reg' using encoding 'sequential' in module 'SDFCommutator6'
---------------------------------------------------------------------------------------------------
                   State |                     New Encoding |                Previous Encoding 
---------------------------------------------------------------------------------------------------
                  iSTATE |                               00 |                               00
                 iSTATE1 |                               01 |                               01
                 iSTATE0 |                               10 |                               10
---------------------------------------------------------------------------------------------------
INFO: [Synth 8-3354] encoded FSM with state register 'SDFCummutator_mem_btf_switch_reg' using encoding 'sequential' in module 'SDFCommutator6'
---------------------------------------------------------------------------------------------------
                   State |                     New Encoding |                Previous Encoding 
---------------------------------------------------------------------------------------------------
                 iSTATE1 |                              000 |                              000
                 iSTATE2 |                              001 |                              001
                 iSTATE3 |                              010 |                              010
                  iSTATE |                              011 |                              011
                 iSTATE0 |                              100 |                              100
---------------------------------------------------------------------------------------------------
INFO: [Synth 8-3354] encoded FSM with state register 'SDFCummutator_XState_reg' using encoding 'sequential' in module 'SDFCommutator6'
---------------------------------------------------------------------------------------------------
                   State |                     New Encoding |                Previous Encoding 
---------------------------------------------------------------------------------------------------
                  iSTATE |                               00 |                               00
                 iSTATE1 |                               01 |                               01
                 iSTATE0 |                               10 |                               10
---------------------------------------------------------------------------------------------------
INFO: [Synth 8-3354] encoded FSM with state register 'SDFController_wrState_reg' using encoding 'sequential' in module 'RADIX22FFT_CTRL1_7'
---------------------------------------------------------------------------------------------------
                   State |                     New Encoding |                Previous Encoding 
---------------------------------------------------------------------------------------------------
                 iSTATE0 |                               00 |                               00
                 iSTATE1 |                               01 |                               01
                  iSTATE |                               10 |                               10
---------------------------------------------------------------------------------------------------
INFO: [Synth 8-3354] encoded FSM with state register 'SDFController_rdState_reg' using encoding 'sequential' in module 'RADIX22FFT_CTRL1_7'
---------------------------------------------------------------------------------------------------
                   State |                     New Encoding |                Previous Encoding 
---------------------------------------------------------------------------------------------------
                 iSTATE0 |                              000 |                              000
                 iSTATE1 |                              001 |                              001
                 iSTATE2 |                              010 |                              100
                 iSTATE3 |                              011 |                              010
                  iSTATE |                              100 |                              011
---------------------------------------------------------------------------------------------------
INFO: [Synth 8-3354] encoded FSM with state register 'SDFCummutator_wrState_reg' using encoding 'sequential' in module 'SDFCommutator7'
---------------------------------------------------------------------------------------------------
                   State |                     New Encoding |                Previous Encoding 
---------------------------------------------------------------------------------------------------
                  iSTATE |                               00 |                               00
                 iSTATE1 |                               01 |                               01
                 iSTATE0 |                               10 |                               10
---------------------------------------------------------------------------------------------------
INFO: [Synth 8-3354] encoded FSM with state register 'SDFCummutator_mem_btf_switch_reg' using encoding 'sequential' in module 'SDFCommutator7'
---------------------------------------------------------------------------------------------------
                   State |                     New Encoding |                Previous Encoding 
---------------------------------------------------------------------------------------------------
                 iSTATE1 |                              000 |                              000
                 iSTATE2 |                              001 |                              001
                 iSTATE3 |                              010 |                              010
                  iSTATE |                              011 |                              011
                 iSTATE0 |                              100 |                              100
---------------------------------------------------------------------------------------------------
INFO: [Synth 8-3354] encoded FSM with state register 'SDFCummutator_XState_reg' using encoding 'sequential' in module 'SDFCommutator7'
---------------------------------------------------------------------------------------------------
                   State |                     New Encoding |                Previous Encoding 
---------------------------------------------------------------------------------------------------
                  iSTATE |                               00 |                               00
                 iSTATE1 |                               01 |                               01
                 iSTATE0 |                               10 |                               10
---------------------------------------------------------------------------------------------------
INFO: [Synth 8-3354] encoded FSM with state register 'SDFController_wrState_reg' using encoding 'sequential' in module 'RADIX22FFT_CTRL1_8'
---------------------------------------------------------------------------------------------------
                   State |                     New Encoding |                Previous Encoding 
---------------------------------------------------------------------------------------------------
                 iSTATE0 |                              001 |                               00
                 iSTATE1 |                              010 |                               01
                  iSTATE |                              100 |                               10
---------------------------------------------------------------------------------------------------
INFO: [Synth 8-3354] encoded FSM with state register 'SDFController_rdState_reg' using encoding 'one-hot' in module 'RADIX22FFT_CTRL1_8'
---------------------------------------------------------------------------------------------------
                   State |                     New Encoding |                Previous Encoding 
---------------------------------------------------------------------------------------------------
                 iSTATE0 |                               00 |                              000
                 iSTATE1 |                               01 |                              001
                  iSTATE |                               10 |                              011
---------------------------------------------------------------------------------------------------
INFO: [Synth 8-3354] encoded FSM with state register 'SDFCummutator_wrState_reg' using encoding 'sequential' in module 'SDFCommutator8'
---------------------------------------------------------------------------------------------------
                   State |                     New Encoding |                Previous Encoding 
---------------------------------------------------------------------------------------------------
                 iSTATE0 |                               00 |                              000
                 iSTATE1 |                               01 |                              010
                  iSTATE |                               10 |                              100
---------------------------------------------------------------------------------------------------
INFO: [Synth 8-3354] encoded FSM with state register 'SDFCummutator_XState_reg' using encoding 'sequential' in module 'SDFCommutator8'
---------------------------------------------------------------------------------------------------
                   State |                     New Encoding |                Previous Encoding 
---------------------------------------------------------------------------------------------------
                  iSTATE |                               00 |                               00
                 iSTATE1 |                               01 |                               01
                 iSTATE0 |                               10 |                               10
---------------------------------------------------------------------------------------------------
INFO: [Synth 8-3354] encoded FSM with state register 'SDFController_wrState_reg' using encoding 'sequential' in module 'RADIX22FFT_CTRL1_9'
---------------------------------------------------------------------------------------------------
                   State |                     New Encoding |                Previous Encoding 
---------------------------------------------------------------------------------------------------
                 iSTATE0 |                               00 |                               00
                 iSTATE1 |                               01 |                               01
                  iSTATE |                               10 |                               10
---------------------------------------------------------------------------------------------------
INFO: [Synth 8-3354] encoded FSM with state register 'SDFController_rdState_reg' using encoding 'sequential' in module 'RADIX22FFT_CTRL1_9'
---------------------------------------------------------------------------------------------------
                   State |                     New Encoding |                Previous Encoding 
---------------------------------------------------------------------------------------------------
                 iSTATE0 |                               00 |                              000
                 iSTATE1 |                               01 |                              001
                  iSTATE |                               10 |                              011
---------------------------------------------------------------------------------------------------
INFO: [Synth 8-3354] encoded FSM with state register 'SDFCummutator_wrState_reg' using encoding 'sequential' in module 'SDFCommutator9'
---------------------------------------------------------------------------------------------------
                   State |                     New Encoding |                Previous Encoding 
---------------------------------------------------------------------------------------------------
                 iSTATE0 |                               00 |                              000
                 iSTATE1 |                               01 |                              010
                  iSTATE |                               10 |                              100
---------------------------------------------------------------------------------------------------
INFO: [Synth 8-3354] encoded FSM with state register 'SDFCummutator_XState_reg' using encoding 'sequential' in module 'SDFCommutator9'
---------------------------------------------------------------------------------------------------
                   State |                     New Encoding |                Previous Encoding 
---------------------------------------------------------------------------------------------------
                 iSTATE1 |                               00 |                               00
                  iSTATE |                               01 |                               01
                 iSTATE0 |                               10 |                               10
---------------------------------------------------------------------------------------------------
INFO: [Synth 8-3354] encoded FSM with state register 'SDFController_wrState_reg' using encoding 'sequential' in module 'RADIX22FFT_CTRL1_10'
---------------------------------------------------------------------------------------------------
                   State |                     New Encoding |                Previous Encoding 
---------------------------------------------------------------------------------------------------
                 iSTATE0 |                              001 |                               00
                 iSTATE1 |                              010 |                               01
                  iSTATE |                              100 |                               10
---------------------------------------------------------------------------------------------------
INFO: [Synth 8-3354] encoded FSM with state register 'SDFController_rdState_reg' using encoding 'one-hot' in module 'RADIX22FFT_CTRL1_10'
---------------------------------------------------------------------------------------------------
                   State |                     New Encoding |                Previous Encoding 
---------------------------------------------------------------------------------------------------
                 iSTATE0 |                               00 |                              000
                 iSTATE1 |                               01 |                              001
                  iSTATE |                               10 |                              011
---------------------------------------------------------------------------------------------------
INFO: [Synth 8-3354] encoded FSM with state register 'SDFCummutator_wrState_reg' using encoding 'sequential' in module 'SDFCommutator10'
---------------------------------------------------------------------------------------------------
                   State |                     New Encoding |                Previous Encoding 
---------------------------------------------------------------------------------------------------
                 iSTATE0 |                               00 |                              000
                 iSTATE1 |                               01 |                              010
                  iSTATE |                               10 |                              100
---------------------------------------------------------------------------------------------------
INFO: [Synth 8-3354] encoded FSM with state register 'SDFCummutator_XState_reg' using encoding 'sequential' in module 'SDFCommutator10'
---------------------------------------------------------------------------------------------------
                   State |                     New Encoding |                Previous Encoding 
---------------------------------------------------------------------------------------------------
                  iSTATE |                               00 |                               00
                 iSTATE1 |                               01 |                               11
                 iSTATE0 |                               10 |                               10
---------------------------------------------------------------------------------------------------
INFO: [Synth 8-3354] encoded FSM with state register 'SDFController_wrState_reg' using encoding 'sequential' in module 'RADIX22FFT_CTRL1_1_block'
---------------------------------------------------------------------------------------------------
                   State |                     New Encoding |                Previous Encoding 
---------------------------------------------------------------------------------------------------
                  iSTATE |                                0 |                               00
                 iSTATE0 |                                1 |                               01
---------------------------------------------------------------------------------------------------
INFO: [Synth 8-3354] encoded FSM with state register 'SDFController_rdState_reg' using encoding 'sequential' in module 'RADIX22FFT_CTRL1_1_block'
---------------------------------------------------------------------------------------------------
                   State |                     New Encoding |                Previous Encoding 
---------------------------------------------------------------------------------------------------
                 iSTATE0 |                               00 |                              000
                 iSTATE1 |                               01 |                              001
                  iSTATE |                               10 |                              011
---------------------------------------------------------------------------------------------------
INFO: [Synth 8-3354] encoded FSM with state register 'SDFCummutator_wrState_reg' using encoding 'sequential' in module 'SDFCommutator11'
---------------------------------------------------------------------------------------------------
                   State |                     New Encoding |                Previous Encoding 
---------------------------------------------------------------------------------------------------
                 iSTATE0 |                              001 |                              000
                 iSTATE1 |                              010 |                              010
                  iSTATE |                              100 |                              100
---------------------------------------------------------------------------------------------------
INFO: [Synth 8-3354] encoded FSM with state register 'SDFCummutator_XState_reg' using encoding 'one-hot' in module 'SDFCommutator11'
---------------------------------------------------------------------------------------------------
                   State |                     New Encoding |                Previous Encoding 
---------------------------------------------------------------------------------------------------
                  iSTATE |                               00 |                               00
                 iSTATE1 |                               01 |                               01
                 iSTATE0 |                               10 |                               10
---------------------------------------------------------------------------------------------------
INFO: [Synth 8-3354] encoded FSM with state register 'wrStateMachineBitNatural_wrState_reg' using encoding 'sequential' in module 'RADIX2FFT_bitNatural'
---------------------------------------------------------------------------------------------------
                   State |                     New Encoding |                Previous Encoding 
---------------------------------------------------------------------------------------------------
                 iSTATE2 |                             0001 |                               00
                  iSTATE |                             0010 |                               01
                 iSTATE0 |                             0100 |                               10
                 iSTATE1 |                             1000 |                               11
---------------------------------------------------------------------------------------------------
INFO: [Synth 8-3354] encoded FSM with state register 'rdStateMachineBitNatural_rdState_reg' using encoding 'one-hot' in module 'RADIX2FFT_bitNatural'
---------------------------------------------------------------------------------
Finished RTL Optimization Phase 2 : Time (s): cpu = 00:00:19 ; elapsed = 00:00:34 . Memory (MB): peak = 1810.070 ; gain = 843.051
---------------------------------------------------------------------------------
---------------------------------------------------------------------------------
Start RTL Component Statistics 
---------------------------------------------------------------------------------
Detailed RTL Component Info : 
+---Adders : 
	  10 Input   46 Bit       Adders := 1     
	   9 Input   42 Bit       Adders := 1     
	   3 Input   36 Bit       Adders := 1     
	   2 Input   36 Bit       Adders := 1     
	   3 Input   34 Bit       Adders := 2     
	   2 Input   34 Bit       Adders := 1     
	   2 Input   33 Bit       Adders := 1     
	   2 Input   32 Bit       Adders := 8     
	   3 Input   32 Bit       Adders := 1     
	   3 Input   30 Bit       Adders := 1     
	   2 Input   30 Bit       Adders := 1     
	   8 Input   30 Bit       Adders := 1     
	   3 Input   28 Bit       Adders := 1     
	   2 Input   28 Bit       Adders := 1     
	   2 Input   24 Bit       Adders := 6     
	   3 Input   24 Bit       Adders := 49    
	   2 Input   23 Bit       Adders := 1     
	   3 Input   23 Bit       Adders := 3     
	   2 Input   22 Bit       Adders := 5     
	   3 Input   22 Bit       Adders := 45    
	   2 Input   21 Bit       Adders := 1     
	   3 Input   21 Bit       Adders := 3     
	   2 Input   20 Bit       Adders := 2     
	   3 Input   20 Bit       Adders := 2     
	   2 Input   19 Bit       Adders := 1     
	   3 Input   19 Bit       Adders := 3     
	   2 Input   18 Bit       Adders := 5     
	   3 Input   18 Bit       Adders := 2     
	   2 Input   17 Bit       Adders := 18    
	   3 Input   17 Bit       Adders := 18    
	   2 Input   16 Bit       Adders := 11    
	   3 Input   16 Bit       Adders := 33    
	   2 Input   15 Bit       Adders := 1     
	   3 Input   15 Bit       Adders := 3     
	   2 Input   14 Bit       Adders := 2     
	   3 Input   14 Bit       Adders := 2     
	   2 Input   12 Bit       Adders := 1     
	   2 Input   11 Bit       Adders := 7     
	   2 Input   10 Bit       Adders := 6     
	   2 Input    9 Bit       Adders := 9     
	   2 Input    8 Bit       Adders := 10    
	   2 Input    7 Bit       Adders := 4     
	   2 Input    6 Bit       Adders := 6     
	   2 Input    5 Bit       Adders := 5     
	   2 Input    4 Bit       Adders := 13    
	   3 Input    4 Bit       Adders := 2     
	   2 Input    3 Bit       Adders := 27    
	   2 Input    2 Bit       Adders := 9     
	   2 Input    1 Bit       Adders := 3     
+---Registers : 
	             2048 Bit    Registers := 1     
	               96 Bit    Registers := 3     
	               49 Bit    Registers := 3     
	               36 Bit    Registers := 2     
	               35 Bit    Registers := 4     
	               34 Bit    Registers := 27    
	               33 Bit    Registers := 5     
	               32 Bit    Registers := 84    
	               31 Bit    Registers := 4     
	               30 Bit    Registers := 5     
	               29 Bit    Registers := 4     
	               28 Bit    Registers := 2     
	               27 Bit    Registers := 4     
	               24 Bit    Registers := 67    
	               23 Bit    Registers := 53    
	               22 Bit    Registers := 92    
	               21 Bit    Registers := 26    
	               20 Bit    Registers := 30    
	               19 Bit    Registers := 26    
	               18 Bit    Registers := 43    
	               17 Bit    Registers := 103   
	               16 Bit    Registers := 97    
	               15 Bit    Registers := 29    
	               14 Bit    Registers := 30    
	               13 Bit    Registers := 25    
	               12 Bit    Registers := 70    
	               11 Bit    Registers := 7     
	               10 Bit    Registers := 6     
	                9 Bit    Registers := 10    
	                8 Bit    Registers := 18    
	                7 Bit    Registers := 4     
	                6 Bit    Registers := 8     
	                5 Bit    Registers := 35    
	                4 Bit    Registers := 26    
	                3 Bit    Registers := 55    
	                2 Bit    Registers := 34    
	                1 Bit    Registers := 317   
+---RAMs : 
	              46K Bit	(2048 X 23 bit)          RAMs := 2     
	              13K Bit	(1024 X 13 bit)          RAMs := 1     
	               7K Bit	(512 X 14 bit)          RAMs := 2     
	               3K Bit	(256 X 15 bit)          RAMs := 2     
	               2K Bit	(128 X 16 bit)          RAMs := 2     
	               1K Bit	(16 X 96 bit)          RAMs := 1     
	               1K Bit	(64 X 17 bit)          RAMs := 2     
	              576 Bit	(32 X 18 bit)          RAMs := 2     
	              512 Bit	(16 X 32 bit)          RAMs := 1     
	              392 Bit	(8 X 49 bit)          RAMs := 1     
	              304 Bit	(16 X 19 bit)          RAMs := 2     
	              256 Bit	(16 X 16 bit)          RAMs := 1     
	              184 Bit	(8 X 23 bit)          RAMs := 2     
	              176 Bit	(8 X 22 bit)          RAMs := 2     
	              168 Bit	(8 X 21 bit)          RAMs := 2     
	              160 Bit	(8 X 20 bit)          RAMs := 4     
	              152 Bit	(8 X 19 bit)          RAMs := 2     
	              144 Bit	(8 X 18 bit)          RAMs := 2     
	              136 Bit	(8 X 17 bit)          RAMs := 2     
	              128 Bit	(8 X 16 bit)          RAMs := 2     
	              120 Bit	(8 X 15 bit)          RAMs := 2     
	              112 Bit	(8 X 14 bit)          RAMs := 2     
	              104 Bit	(8 X 13 bit)          RAMs := 2     
	               96 Bit	(4 X 24 bit)          RAMs := 1     
	               84 Bit	(4 X 21 bit)          RAMs := 2     
	               32 Bit	(16 X 2 bit)          RAMs := 1     
	               16 Bit	(8 X 2 bit)          RAMs := 1     
+---ROMs : 
	                    ROMs := 10    
+---Muxes : 
	   2 Input   96 Bit        Muxes := 8     
	   2 Input   34 Bit        Muxes := 4     
	   2 Input   32 Bit        Muxes := 11    
	   3 Input   32 Bit        Muxes := 1     
	   2 Input   24 Bit        Muxes := 56    
	   2 Input   23 Bit        Muxes := 28    
	   3 Input   23 Bit        Muxes := 2     
	   2 Input   22 Bit        Muxes := 57    
	   3 Input   22 Bit        Muxes := 2     
	   2 Input   21 Bit        Muxes := 10    
	   3 Input   21 Bit        Muxes := 2     
	   2 Input   20 Bit        Muxes := 6     
	   3 Input   20 Bit        Muxes := 2     
	   2 Input   19 Bit        Muxes := 16    
	   5 Input   19 Bit        Muxes := 4     
	   3 Input   19 Bit        Muxes := 2     
	   2 Input   18 Bit        Muxes := 16    
	   5 Input   18 Bit        Muxes := 4     
	   3 Input   18 Bit        Muxes := 2     
	   2 Input   17 Bit        Muxes := 51    
	   5 Input   17 Bit        Muxes := 4     
	   3 Input   17 Bit        Muxes := 2     
	   2 Input   16 Bit        Muxes := 57    
	   5 Input   16 Bit        Muxes := 4     
	   3 Input   16 Bit        Muxes := 5     
	   2 Input   15 Bit        Muxes := 13    
	   5 Input   15 Bit        Muxes := 4     
	   3 Input   15 Bit        Muxes := 2     
	  15 Input   15 Bit        Muxes := 6     
	  38 Input   15 Bit        Muxes := 1     
	   5 Input   14 Bit        Muxes := 4     
	   3 Input   14 Bit        Muxes := 2     
	   2 Input   14 Bit        Muxes := 20    
	   5 Input   13 Bit        Muxes := 3     
	   3 Input   13 Bit        Muxes := 3     
	   2 Input   13 Bit        Muxes := 9     
	   2 Input   12 Bit        Muxes := 45    
	   5 Input   12 Bit        Muxes := 6     
	   7 Input   11 Bit        Muxes := 5     
	   2 Input   11 Bit        Muxes := 20    
	   4 Input   11 Bit        Muxes := 11    
	   3 Input   11 Bit        Muxes := 1     
	   3 Input   10 Bit        Muxes := 3     
	   5 Input   10 Bit        Muxes := 1     
	   2 Input   10 Bit        Muxes := 17    
	   3 Input    9 Bit        Muxes := 3     
	   5 Input    9 Bit        Muxes := 1     
	   2 Input    9 Bit        Muxes := 1     
	   2 Input    8 Bit        Muxes := 3     
	   3 Input    8 Bit        Muxes := 3     
	   5 Input    8 Bit        Muxes := 1     
	   3 Input    7 Bit        Muxes := 3     
	   5 Input    7 Bit        Muxes := 1     
	   3 Input    6 Bit        Muxes := 3     
	   5 Input    6 Bit        Muxes := 1     
	   3 Input    5 Bit        Muxes := 4     
	   2 Input    5 Bit        Muxes := 11    
	   5 Input    5 Bit        Muxes := 1     
	   2 Input    4 Bit        Muxes := 10    
	   4 Input    4 Bit        Muxes := 3     
	   3 Input    4 Bit        Muxes := 3     
	   5 Input    4 Bit        Muxes := 1     
	   4 Input    3 Bit        Muxes := 2     
	   5 Input    3 Bit        Muxes := 28    
	   2 Input    3 Bit        Muxes := 139   
	   3 Input    3 Bit        Muxes := 16    
	   8 Input    2 Bit        Muxes := 4     
	   4 Input    2 Bit        Muxes := 6     
	   3 Input    2 Bit        Muxes := 33    
	   2 Input    2 Bit        Muxes := 114   
	   2 Input    1 Bit        Muxes := 284   
	   3 Input    1 Bit        Muxes := 128   
	   5 Input    1 Bit        Muxes := 98    
	   4 Input    1 Bit        Muxes := 12    
---------------------------------------------------------------------------------
Finished RTL Component Statistics 
---------------------------------------------------------------------------------
---------------------------------------------------------------------------------
Start Part Resource Summary
---------------------------------------------------------------------------------
Part Resources:
DSPs: 80 (col length:40)
BRAMs: 120 (col length: RAMB18 40 RAMB36 20)
---------------------------------------------------------------------------------
Finished Part Resource Summary
---------------------------------------------------------------------------------
---------------------------------------------------------------------------------
Start Cross Boundary and Area Optimization
---------------------------------------------------------------------------------
WARNING: [Synth 8-7080] Parallel synthesis criteria is not met
DSP Report: Generating DSP Multiply_Accumulate_add_add_temp, operation Mode is: C+(A*B)'.
DSP Report: register Multiply_Accumulate_multiply_out_1_reg is absorbed into DSP Multiply_Accumulate_add_add_temp.
DSP Report: operator Multiply_Accumulate_multiply_out is absorbed into DSP Multiply_Accumulate_add_add_temp.
DSP Report: operator Multiply_Accumulate_add_add_temp is absorbed into DSP Multiply_Accumulate_add_add_temp.
WARNING: [Synth 8-6014] Unused sequential element Absolute_of_Complex_1_1/CORDIC_Square_Root_HDL_Optim_1/ShiftRegisterRAM_1/ram_reg was removed. 
DSP Report: Generating DSP Absolute_of_Complex_1_1/Multiply_Add1_out1_1_reg, operation Mode is: (C'+(A2*B2)')'.
DSP Report: register Absolute_of_Complex_1_1/In1_1_2_reg is absorbed into DSP Absolute_of_Complex_1_1/Multiply_Add1_out1_1_reg.
DSP Report: register Absolute_of_Complex_1_1/In1_1_2_reg is absorbed into DSP Absolute_of_Complex_1_1/Multiply_Add1_out1_1_reg.
DSP Report: register Absolute_of_Complex_1_1/Multiply_Add1_out1_1_reg is absorbed into DSP Absolute_of_Complex_1_1/Multiply_Add1_out1_1_reg.
DSP Report: register Absolute_of_Complex_1_1/Multiply_Add1_out1_1_reg is absorbed into DSP Absolute_of_Complex_1_1/Multiply_Add1_out1_1_reg.
DSP Report: register Absolute_of_Complex_1_1/mulOutput_3_reg is absorbed into DSP Absolute_of_Complex_1_1/Multiply_Add1_out1_1_reg.
DSP Report: operator Absolute_of_Complex_1_1/Multiply_Add1_out1 is absorbed into DSP Absolute_of_Complex_1_1/Multiply_Add1_out1_1_reg.
DSP Report: operator Absolute_of_Complex_1_1/mulOutput_2 is absorbed into DSP Absolute_of_Complex_1_1/Multiply_Add1_out1_1_reg.
DSP Report: Generating DSP Absolute_of_Complex_1_1/Multiply_Add_out1_1_reg, operation Mode is: (C'+(A2*B2)')'.
DSP Report: register Absolute_of_Complex_1_1/In1_0_2_reg is absorbed into DSP Absolute_of_Complex_1_1/Multiply_Add_out1_1_reg.
DSP Report: register Absolute_of_Complex_1_1/In1_0_2_reg is absorbed into DSP Absolute_of_Complex_1_1/Multiply_Add_out1_1_reg.
DSP Report: register Absolute_of_Complex_1_1/Multiply_Add1_out1_1_reg is absorbed into DSP Absolute_of_Complex_1_1/Multiply_Add_out1_1_reg.
DSP Report: register Absolute_of_Complex_1_1/Multiply_Add_out1_1_reg is absorbed into DSP Absolute_of_Complex_1_1/Multiply_Add_out1_1_reg.
DSP Report: register Absolute_of_Complex_1_1/mulOutput_1_reg is absorbed into DSP Absolute_of_Complex_1_1/Multiply_Add_out1_1_reg.
DSP Report: operator Absolute_of_Complex_1_1/Multiply_Add_out1 is absorbed into DSP Absolute_of_Complex_1_1/Multiply_Add_out1_1_reg.
DSP Report: operator Absolute_of_Complex_1_1/mulOutput is absorbed into DSP Absolute_of_Complex_1_1/Multiply_Add_out1_1_reg.
DSP Report: Generating DSP prod2_re_reg, operation Mode is: (A2*B2)'.
DSP Report: register Complex4Multiply_twiddle_im_pipe1_reg is absorbed into DSP prod2_re_reg.
DSP Report: register Complex4Multiply_din1_im_pipe1_reg is absorbed into DSP prod2_re_reg.
DSP Report: register prod2_re_reg is absorbed into DSP prod2_re_reg.
DSP Report: register Complex4Multiply_mult2_re_pipe1_reg is absorbed into DSP prod2_re_reg.
DSP Report: operator Complex4Multiply_mult2_re_pipe10 is absorbed into DSP prod2_re_reg.
DSP Report: Generating DSP prod1_re_reg, operation Mode is: (A2*B2)'.
DSP Report: register Complex4Multiply_twiddle_re_pipe1_reg is absorbed into DSP prod1_re_reg.
DSP Report: register Complex4Multiply_din1_re_pipe1_reg is absorbed into DSP prod1_re_reg.
DSP Report: register prod1_re_reg is absorbed into DSP prod1_re_reg.
DSP Report: register Complex4Multiply_mult1_re_pipe1_reg is absorbed into DSP prod1_re_reg.
DSP Report: operator Complex4Multiply_mult1_re_pipe10 is absorbed into DSP prod1_re_reg.
DSP Report: Generating DSP prod2_im_reg, operation Mode is: (A2*B2)'.
DSP Report: register Complex4Multiply_twiddle_re_pipe1_reg is absorbed into DSP prod2_im_reg.
DSP Report: register Complex4Multiply_din1_im_pipe1_reg is absorbed into DSP prod2_im_reg.
DSP Report: register prod2_im_reg is absorbed into DSP prod2_im_reg.
DSP Report: register Complex4Multiply_mult2_im_pipe1_reg is absorbed into DSP prod2_im_reg.
DSP Report: operator Complex4Multiply_mult2_im_pipe10 is absorbed into DSP prod2_im_reg.
DSP Report: Generating DSP prod1_im_reg, operation Mode is: (A2*B2)'.
DSP Report: register Complex4Multiply_twiddle_im_pipe1_reg is absorbed into DSP prod1_im_reg.
DSP Report: register Complex4Multiply_din1_re_pipe1_reg is absorbed into DSP prod1_im_reg.
DSP Report: register prod1_im_reg is absorbed into DSP prod1_im_reg.
DSP Report: register Complex4Multiply_mult1_im_pipe1_reg is absorbed into DSP prod1_im_reg.
DSP Report: operator Complex4Multiply_mult1_im_pipe10 is absorbed into DSP prod1_im_reg.
DSP Report: Generating DSP MUL4_1/prod2_re_reg, operation Mode is: (A2*B2)'.
DSP Report: register MUL4_1/Complex4Multiply_twiddle_im_pipe1_reg is absorbed into DSP MUL4_1/prod2_re_reg.
DSP Report: register MUL4_1/Complex4Multiply_din1_im_pipe1_reg is absorbed into DSP MUL4_1/prod2_re_reg.
DSP Report: register MUL4_1/prod2_re_reg is absorbed into DSP MUL4_1/prod2_re_reg.
DSP Report: register MUL4_1/Complex4Multiply_mult2_re_pipe1_reg is absorbed into DSP MUL4_1/prod2_re_reg.
DSP Report: operator MUL4_1/Complex4Multiply_mult2_re_pipe10 is absorbed into DSP MUL4_1/prod2_re_reg.
DSP Report: Generating DSP MUL4_1/prod1_re_reg, operation Mode is: (A2*B2)'.
DSP Report: register MUL4_1/Complex4Multiply_twiddle_re_pipe1_reg is absorbed into DSP MUL4_1/prod1_re_reg.
DSP Report: register MUL4_1/Complex4Multiply_din1_re_pipe1_reg is absorbed into DSP MUL4_1/prod1_re_reg.
DSP Report: register MUL4_1/prod1_re_reg is absorbed into DSP MUL4_1/prod1_re_reg.
DSP Report: register MUL4_1/Complex4Multiply_mult1_re_pipe1_reg is absorbed into DSP MUL4_1/prod1_re_reg.
DSP Report: operator MUL4_1/Complex4Multiply_mult1_re_pipe10 is absorbed into DSP MUL4_1/prod1_re_reg.
DSP Report: Generating DSP MUL4_1/prod2_im_reg, operation Mode is: (A2*B2)'.
DSP Report: register MUL4_1/Complex4Multiply_twiddle_re_pipe1_reg is absorbed into DSP MUL4_1/prod2_im_reg.
DSP Report: register MUL4_1/Complex4Multiply_din1_im_pipe1_reg is absorbed into DSP MUL4_1/prod2_im_reg.
DSP Report: register MUL4_1/prod2_im_reg is absorbed into DSP MUL4_1/prod2_im_reg.
DSP Report: register MUL4_1/Complex4Multiply_mult2_im_pipe1_reg is absorbed into DSP MUL4_1/prod2_im_reg.
DSP Report: operator MUL4_1/Complex4Multiply_mult2_im_pipe10 is absorbed into DSP MUL4_1/prod2_im_reg.
DSP Report: Generating DSP MUL4_1/prod1_im_reg, operation Mode is: (A2*B2)'.
DSP Report: register MUL4_1/Complex4Multiply_twiddle_im_pipe1_reg is absorbed into DSP MUL4_1/prod1_im_reg.
DSP Report: register MUL4_1/Complex4Multiply_din1_re_pipe1_reg is absorbed into DSP MUL4_1/prod1_im_reg.
DSP Report: register MUL4_1/prod1_im_reg is absorbed into DSP MUL4_1/prod1_im_reg.
DSP Report: register MUL4_1/Complex4Multiply_mult1_im_pipe1_reg is absorbed into DSP MUL4_1/prod1_im_reg.
DSP Report: operator MUL4_1/Complex4Multiply_mult1_im_pipe10 is absorbed into DSP MUL4_1/prod1_im_reg.
DSP Report: Generating DSP MUL4_2/prod2_re_reg, operation Mode is: (A2*B2)'.
DSP Report: register MUL4_2/Complex4Multiply_twiddle_im_pipe1_reg is absorbed into DSP MUL4_2/prod2_re_reg.
DSP Report: register MUL4_2/Complex4Multiply_din1_im_pipe1_reg is absorbed into DSP MUL4_2/prod2_re_reg.
DSP Report: register MUL4_2/prod2_re_reg is absorbed into DSP MUL4_2/prod2_re_reg.
DSP Report: register MUL4_2/Complex4Multiply_mult2_re_pipe1_reg is absorbed into DSP MUL4_2/prod2_re_reg.
DSP Report: operator MUL4_2/Complex4Multiply_mult2_re_pipe10 is absorbed into DSP MUL4_2/prod2_re_reg.
DSP Report: Generating DSP MUL4_2/prod1_re_reg, operation Mode is: (A2*B2)'.
DSP Report: register MUL4_2/Complex4Multiply_twiddle_re_pipe1_reg is absorbed into DSP MUL4_2/prod1_re_reg.
DSP Report: register MUL4_2/Complex4Multiply_din1_re_pipe1_reg is absorbed into DSP MUL4_2/prod1_re_reg.
DSP Report: register MUL4_2/prod1_re_reg is absorbed into DSP MUL4_2/prod1_re_reg.
DSP Report: register MUL4_2/Complex4Multiply_mult1_re_pipe1_reg is absorbed into DSP MUL4_2/prod1_re_reg.
DSP Report: operator MUL4_2/Complex4Multiply_mult1_re_pipe10 is absorbed into DSP MUL4_2/prod1_re_reg.
DSP Report: Generating DSP MUL4_2/prod2_im_reg, operation Mode is: (A2*B2)'.
DSP Report: register MUL4_2/Complex4Multiply_twiddle_re_pipe1_reg is absorbed into DSP MUL4_2/prod2_im_reg.
DSP Report: register MUL4_2/Complex4Multiply_din1_im_pipe1_reg is absorbed into DSP MUL4_2/prod2_im_reg.
DSP Report: register MUL4_2/prod2_im_reg is absorbed into DSP MUL4_2/prod2_im_reg.
DSP Report: register MUL4_2/Complex4Multiply_mult2_im_pipe1_reg is absorbed into DSP MUL4_2/prod2_im_reg.
DSP Report: operator MUL4_2/Complex4Multiply_mult2_im_pipe10 is absorbed into DSP MUL4_2/prod2_im_reg.
DSP Report: Generating DSP MUL4_2/prod1_im_reg, operation Mode is: (A2*B2)'.
DSP Report: register MUL4_2/Complex4Multiply_twiddle_im_pipe1_reg is absorbed into DSP MUL4_2/prod1_im_reg.
DSP Report: register MUL4_2/Complex4Multiply_din1_re_pipe1_reg is absorbed into DSP MUL4_2/prod1_im_reg.
DSP Report: register MUL4_2/prod1_im_reg is absorbed into DSP MUL4_2/prod1_im_reg.
DSP Report: register MUL4_2/Complex4Multiply_mult1_im_pipe1_reg is absorbed into DSP MUL4_2/prod1_im_reg.
DSP Report: operator MUL4_2/Complex4Multiply_mult1_im_pipe10 is absorbed into DSP MUL4_2/prod1_im_reg.
DSP Report: Generating DSP MUL4_3/prod2_re_reg, operation Mode is: (A2*B2)'.
DSP Report: register MUL4_3/Complex4Multiply_twiddle_im_pipe1_reg is absorbed into DSP MUL4_3/prod2_re_reg.
DSP Report: register MUL4_3/Complex4Multiply_din1_im_pipe1_reg is absorbed into DSP MUL4_3/prod2_re_reg.
DSP Report: register MUL4_3/prod2_re_reg is absorbed into DSP MUL4_3/prod2_re_reg.
DSP Report: register MUL4_3/Complex4Multiply_mult2_re_pipe1_reg is absorbed into DSP MUL4_3/prod2_re_reg.
DSP Report: operator MUL4_3/Complex4Multiply_mult2_re_pipe10 is absorbed into DSP MUL4_3/prod2_re_reg.
DSP Report: Generating DSP MUL4_3/prod1_re_reg, operation Mode is: (A2*B2)'.
DSP Report: register MUL4_3/Complex4Multiply_twiddle_re_pipe1_reg is absorbed into DSP MUL4_3/prod1_re_reg.
DSP Report: register MUL4_3/Complex4Multiply_din1_re_pipe1_reg is absorbed into DSP MUL4_3/prod1_re_reg.
DSP Report: register MUL4_3/prod1_re_reg is absorbed into DSP MUL4_3/prod1_re_reg.
DSP Report: register MUL4_3/Complex4Multiply_mult1_re_pipe1_reg is absorbed into DSP MUL4_3/prod1_re_reg.
DSP Report: operator MUL4_3/Complex4Multiply_mult1_re_pipe10 is absorbed into DSP MUL4_3/prod1_re_reg.
DSP Report: Generating DSP MUL4_3/prod2_im_reg, operation Mode is: (A2*B2)'.
DSP Report: register MUL4_3/Complex4Multiply_twiddle_re_pipe1_reg is absorbed into DSP MUL4_3/prod2_im_reg.
DSP Report: register MUL4_3/Complex4Multiply_din1_im_pipe1_reg is absorbed into DSP MUL4_3/prod2_im_reg.
DSP Report: register MUL4_3/prod2_im_reg is absorbed into DSP MUL4_3/prod2_im_reg.
DSP Report: register MUL4_3/Complex4Multiply_mult2_im_pipe1_reg is absorbed into DSP MUL4_3/prod2_im_reg.
DSP Report: operator MUL4_3/Complex4Multiply_mult2_im_pipe10 is absorbed into DSP MUL4_3/prod2_im_reg.
DSP Report: Generating DSP MUL4_3/prod1_im_reg, operation Mode is: (A2*B2)'.
DSP Report: register MUL4_3/Complex4Multiply_twiddle_im_pipe1_reg is absorbed into DSP MUL4_3/prod1_im_reg.
DSP Report: register MUL4_3/Complex4Multiply_din1_re_pipe1_reg is absorbed into DSP MUL4_3/prod1_im_reg.
DSP Report: register MUL4_3/prod1_im_reg is absorbed into DSP MUL4_3/prod1_im_reg.
DSP Report: register MUL4_3/Complex4Multiply_mult1_im_pipe1_reg is absorbed into DSP MUL4_3/prod1_im_reg.
DSP Report: operator MUL4_3/Complex4Multiply_mult1_im_pipe10 is absorbed into DSP MUL4_3/prod1_im_reg.
DSP Report: Generating DSP MUL4_4/prod2_re_reg, operation Mode is: (A2*B2)'.
DSP Report: register MUL4_4/Complex4Multiply_twiddle_im_pipe1_reg is absorbed into DSP MUL4_4/prod2_re_reg.
DSP Report: register MUL4_4/Complex4Multiply_din1_im_pipe1_reg is absorbed into DSP MUL4_4/prod2_re_reg.
DSP Report: register MUL4_4/prod2_re_reg is absorbed into DSP MUL4_4/prod2_re_reg.
DSP Report: register MUL4_4/Complex4Multiply_mult2_re_pipe1_reg is absorbed into DSP MUL4_4/prod2_re_reg.
DSP Report: operator MUL4_4/Complex4Multiply_mult2_re_pipe10 is absorbed into DSP MUL4_4/prod2_re_reg.
DSP Report: Generating DSP MUL4_4/prod1_re_reg, operation Mode is: (A2*B2)'.
DSP Report: register MUL4_4/Complex4Multiply_twiddle_re_pipe1_reg is absorbed into DSP MUL4_4/prod1_re_reg.
DSP Report: register MUL4_4/Complex4Multiply_din1_re_pipe1_reg is absorbed into DSP MUL4_4/prod1_re_reg.
DSP Report: register MUL4_4/prod1_re_reg is absorbed into DSP MUL4_4/prod1_re_reg.
DSP Report: register MUL4_4/Complex4Multiply_mult1_re_pipe1_reg is absorbed into DSP MUL4_4/prod1_re_reg.
DSP Report: operator MUL4_4/Complex4Multiply_mult1_re_pipe10 is absorbed into DSP MUL4_4/prod1_re_reg.
DSP Report: Generating DSP MUL4_4/prod2_im_reg, operation Mode is: (A2*B2)'.
DSP Report: register MUL4_4/Complex4Multiply_twiddle_re_pipe1_reg is absorbed into DSP MUL4_4/prod2_im_reg.
DSP Report: register MUL4_4/Complex4Multiply_din1_im_pipe1_reg is absorbed into DSP MUL4_4/prod2_im_reg.
DSP Report: register MUL4_4/prod2_im_reg is absorbed into DSP MUL4_4/prod2_im_reg.
DSP Report: register MUL4_4/Complex4Multiply_mult2_im_pipe1_reg is absorbed into DSP MUL4_4/prod2_im_reg.
DSP Report: operator MUL4_4/Complex4Multiply_mult2_im_pipe10 is absorbed into DSP MUL4_4/prod2_im_reg.
DSP Report: Generating DSP MUL4_4/prod1_im_reg, operation Mode is: (A2*B2)'.
DSP Report: register MUL4_4/Complex4Multiply_twiddle_im_pipe1_reg is absorbed into DSP MUL4_4/prod1_im_reg.
DSP Report: register MUL4_4/Complex4Multiply_din1_re_pipe1_reg is absorbed into DSP MUL4_4/prod1_im_reg.
DSP Report: register MUL4_4/prod1_im_reg is absorbed into DSP MUL4_4/prod1_im_reg.
DSP Report: register MUL4_4/Complex4Multiply_mult1_im_pipe1_reg is absorbed into DSP MUL4_4/prod1_im_reg.
DSP Report: operator MUL4_4/Complex4Multiply_mult1_im_pipe10 is absorbed into DSP MUL4_4/prod1_im_reg.
DSP Report: Generating DSP myRMS_1_1/Multiply_Add_out1_1_reg, operation Mode is: (C'+(A2*B2)')'.
DSP Report: register myRMS_1_1/data_2_reg is absorbed into DSP myRMS_1_1/Multiply_Add_out1_1_reg.
DSP Report: register myRMS_1_1/data_2_reg is absorbed into DSP myRMS_1_1/Multiply_Add_out1_1_reg.
DSP Report: register myRMS_1_1/Multiply_Add_out1_1_reg is absorbed into DSP myRMS_1_1/Multiply_Add_out1_1_reg.
DSP Report: register myRMS_1_1/Multiply_Add_out1_1_reg is absorbed into DSP myRMS_1_1/Multiply_Add_out1_1_reg.
DSP Report: register myRMS_1_1/mulOutput_1_reg is absorbed into DSP myRMS_1_1/Multiply_Add_out1_1_reg.
DSP Report: operator myRMS_1_1/Multiply_Add_out1 is absorbed into DSP myRMS_1_1/Multiply_Add_out1_1_reg.
DSP Report: operator myRMS_1_1/mulOutput is absorbed into DSP myRMS_1_1/Multiply_Add_out1_1_reg.
DSP Report: Generating DSP myRMS_1_1/Multiply_Accumulate_add_add_temp, operation Mode is: C+(A*B2)'.
DSP Report: register myRMS_1_1/Constant_out1_2_reg is absorbed into DSP myRMS_1_1/Multiply_Accumulate_add_add_temp.
DSP Report: register myRMS_1_1/Multiply_Accumulate_multiply_out_1_reg is absorbed into DSP myRMS_1_1/Multiply_Accumulate_add_add_temp.
DSP Report: operator myRMS_1_1/Multiply_Accumulate_multiply_out is absorbed into DSP myRMS_1_1/Multiply_Accumulate_add_add_temp.
DSP Report: operator myRMS_1_1/Multiply_Accumulate_add_add_temp is absorbed into DSP myRMS_1_1/Multiply_Accumulate_add_add_temp.
WARNING: [Synth 8-3332] Sequential element (CTRLRX2_1/FSM_sequential_SDFController_rdState_reg) is unused and will be removed from module FFT.
---------------------------------------------------------------------------------
Finished Cross Boundary and Area Optimization : Time (s): cpu = 00:00:42 ; elapsed = 00:01:20 . Memory (MB): peak = 1810.070 ; gain = 843.051
---------------------------------------------------------------------------------
 Sort Area is Subsystem1__GCB1 myRMS_1_1/Multiply_Accumulate_add_add_temp_1f : 0 0 : 2110 2110 : Used 1 time 100
 Sort Area is Subsystem_Reference__GB0 Multiply_Accumulate_add_add_temp_0 : 0 0 : 2056 2056 : Used 1 time 100
 Sort Area is Subsystem_Reference__GB1 Absolute_of_Complex_1_1/Multiply_Add1_out1_1_reg_4 : 0 0 : 1225 1225 : Used 1 time 100
 Sort Area is Subsystem_Reference__GB1 Absolute_of_Complex_1_1/Multiply_Add_out1_1_reg_2 : 0 0 : 1225 1225 : Used 1 time 100
 Sort Area is Subsystem1__GCB1 myRMS_1_1/Multiply_Add_out1_1_reg_1e : 0 0 : 1225 1225 : Used 1 time 100
 Sort Area is Subsystem1__GCB0 MUL4_4/prod1_im_reg_1c : 0 0 : 1930 1930 : Used 1 time 0
 Sort Area is Subsystem1__GCB0 MUL4_4/prod1_re_reg_19 : 0 0 : 1930 1930 : Used 1 time 0
 Sort Area is Subsystem1__GCB0 MUL4_4/prod2_im_reg_1d : 0 0 : 1930 1930 : Used 1 time 0
 Sort Area is Subsystem1__GCB0 MUL4_4/prod2_re_reg_1b : 0 0 : 1930 1930 : Used 1 time 0
 Sort Area is Subsystem1__GCB0 MUL4_3/prod1_im_reg_17 : 0 0 : 1784 1784 : Used 1 time 0
 Sort Area is Subsystem1__GCB0 MUL4_3/prod1_re_reg_14 : 0 0 : 1784 1784 : Used 1 time 0
 Sort Area is Subsystem1__GCB0 MUL4_3/prod2_im_reg_18 : 0 0 : 1784 1784 : Used 1 time 0
 Sort Area is Subsystem1__GCB0 MUL4_3/prod2_re_reg_16 : 0 0 : 1784 1784 : Used 1 time 0
 Sort Area is Subsystem1__GCB0 MUL4_2/prod1_im_reg_12 : 0 0 : 1638 1638 : Used 1 time 0
 Sort Area is Subsystem1__GCB0 MUL4_2/prod1_re_reg_f : 0 0 : 1638 1638 : Used 1 time 0
 Sort Area is Subsystem1__GCB0 MUL4_2/prod2_im_reg_13 : 0 0 : 1638 1638 : Used 1 time 0
 Sort Area is Subsystem1__GCB0 MUL4_2/prod2_re_reg_11 : 0 0 : 1638 1638 : Used 1 time 0
 Sort Area is Subsystem1__GCB0 MUL4_1/prod1_im_reg_d : 0 0 : 1492 1492 : Used 1 time 0
 Sort Area is Subsystem1__GCB0 MUL4_1/prod1_re_reg_a : 0 0 : 1492 1492 : Used 1 time 0
 Sort Area is Subsystem1__GCB0 MUL4_1/prod2_im_reg_e : 0 0 : 1492 1492 : Used 1 time 0
 Sort Area is Subsystem1__GCB0 MUL4_1/prod2_re_reg_c : 0 0 : 1492 1492 : Used 1 time 0
 Sort Area is Subsystem1__GCB0 prod1_im_reg_8 : 0 0 : 1346 1346 : Used 1 time 0
 Sort Area is Subsystem1__GCB0 prod1_re_reg_5 : 0 0 : 1346 1346 : Used 1 time 0
 Sort Area is Subsystem1__GCB0 prod2_im_reg_9 : 0 0 : 1346 1346 : Used 1 time 0
 Sort Area is Subsystem1__GCB0 prod2_re_reg_7 : 0 0 : 1346 1346 : Used 1 time 0
---------------------------------------------------------------------------------
Start ROM, RAM, DSP, Shift Register and Retiming Reporting
---------------------------------------------------------------------------------

ROM: Preliminary Mapping Report
+-------------+----------------------------------------+---------------+----------------+
|Module Name  | RTL Object                             | Depth x Width | Implemented As | 
+-------------+----------------------------------------+---------------+----------------+
|TWDLROM_3_1  | Radix22TwdlMapping_twdlAddrMap_reg     | 256x12        | Block RAM      | 
|TWDLROM_3_1  | Radix22TwdlMapping_twdlAddrMap_reg_rep | 256x11        | Block RAM      | 
|TWDLROM_5_1  | Radix22TwdlMapping_twdlAddrMap_reg     | 256x12        | Block RAM      | 
|TWDLROM_5_1  | Radix22TwdlMapping_twdlAddrMap_reg_rep | 256x11        | Block RAM      | 
|TWDLROM_7_1  | Radix22TwdlMapping_twdlAddrMap_reg     | 256x12        | Block RAM      | 
|TWDLROM_7_1  | Radix22TwdlMapping_twdlAddrMap_reg_rep | 256x11        | Block RAM      | 
|TWDLROM_9_1  | Radix22TwdlMapping_twdlAddrMap_reg     | 256x12        | Block RAM      | 
|TWDLROM_9_1  | Radix22TwdlMapping_twdlAddrMap_reg_rep | 256x11        | Block RAM      | 
|TWDLROM_11_1 | Radix22TwdlMapping_twdlAddrMap_reg     | 256x12        | Block RAM      | 
|TWDLROM_11_1 | Radix22TwdlMapping_twdlAddrMap_reg_rep | 256x11        | Block RAM      | 
+-------------+----------------------------------------+---------------+----------------+


Block RAM: Preliminary Mapping Report (see note below)
+---------------------------------------------+--------------------------------------+------------------------+---+---+------------------------+---+---+------------------+--------+--------+
|Module Name                                  | RTL Object                           | PORT A (Depth x Width) | W | R | PORT B (Depth x Width) | W | R | Ports driving FF | RAMB18 | RAMB36 | 
+---------------------------------------------+--------------------------------------+------------------------+---+---+------------------------+---+---+------------------+--------+--------+
|\u_mwfil_chiftop/u_mwfil_chifcore            | DUT2CHIF.u_d2bfifo/u_dpscram/mem_reg | 16 x 96(READ_FIRST)    | W |   | 16 x 96(WRITE_FIRST)   |   | R | Port A and B     | 1      | 1      | 
|u_Subsystem1i_3/FFT_1_1/SDF1_1_1_1           | dataMEM_re_0_1_generic_1/ram_reg     | 1 K x 13(READ_FIRST)   | W |   | 1 K x 13(WRITE_FIRST)  |   | R | Port A and B     | 1      | 0      | 
|u_Subsystem1i_3/FFT_1_1/SDF2_2_1_1           | dataMEM_im_0_2_1/ram_reg             | 512 x 14(READ_FIRST)   | W |   | 512 x 14(WRITE_FIRST)  |   | R | Port A and B     | 1      | 0      | 
|u_Subsystem1i_3/FFT_1_1/SDF2_2_1_1           | dataMEM_re_0_2_1/ram_reg             | 512 x 14(READ_FIRST)   | W |   | 512 x 14(WRITE_FIRST)  |   | R | Port A and B     | 1      | 0      | 
|u_Subsystem1i_3/FFT_1_1/SDF1_3_1_1           | dataMEM_im_0_3_1/ram_reg             | 256 x 15(READ_FIRST)   | W |   | 256 x 15(WRITE_FIRST)  |   | R | Port A and B     | 1      | 0      | 
|u_Subsystem1i_3/FFT_1_1/SDF1_3_1_1           | dataMEM_re_0_3_1/ram_reg             | 256 x 15(READ_FIRST)   | W |   | 256 x 15(WRITE_FIRST)  |   | R | Port A and B     | 1      | 0      | 
|u_Subsystem1i_3/FFT_1_1/SDF2_4_1_1           | dataMEM_im_0_4_1/ram_reg             | 128 x 16(READ_FIRST)   | W |   | 128 x 16(WRITE_FIRST)  |   | R | Port A and B     | 1      | 0      | 
|u_Subsystem1i_3/FFT_1_1/SDF2_4_1_1           | dataMEM_re_0_4_1/ram_reg             | 128 x 16(READ_FIRST)   | W |   | 128 x 16(WRITE_FIRST)  |   | R | Port A and B     | 1      | 0      | 
|u_Subsystem1i_3/FFT_1_1/SDF1_5_1_1           | dataMEM_im_0_5_1/ram_reg             | 64 x 17(READ_FIRST)    | W |   | 64 x 17(WRITE_FIRST)   |   | R | Port A and B     | 1      | 0      | 
|u_Subsystem1i_3/FFT_1_1/SDF1_5_1_1           | dataMEM_re_0_5_1/ram_reg             | 64 x 17(READ_FIRST)    | W |   | 64 x 17(WRITE_FIRST)   |   | R | Port A and B     | 1      | 0      | 
|u_Subsystem1i_3/FFT_1_1/NaturalOrder_Stage_1 | dataMEM_im_1_1/ram_reg               | 2 K x 23(READ_FIRST)   | W |   | 2 K x 23(WRITE_FIRST)  |   | R | Port A and B     | 1      | 1      | 
|u_Subsystem1i_3/FFT_1_1/NaturalOrder_Stage_1 | dataMEM_re_1_1/ram_reg               | 2 K x 23(READ_FIRST)   | W |   | 2 K x 23(WRITE_FIRST)  |   | R | Port A and B     | 1      | 1      | 
+---------------------------------------------+--------------------------------------+------------------------+---+---+------------------------+---+---+------------------+--------+--------+

Note: The table above is a preliminary report that shows the Block RAMs at the current stage of the synthesis flow. Some Block RAMs may be reimplemented as non Block RAM primitives later in the synthesis flow. Multiple instantiated Block RAMs are reported only once. 

Distributed RAM: Preliminary Mapping Report (see note below)
+------------------------------------+------------------------------------------------+-----------+----------------------+----------------+
|Module Name                         | RTL Object                                     | Inference | Size (Depth x Width) | Primitives     | 
+------------------------------------+------------------------------------------------+-----------+----------------------+----------------+
|\u_mwfil_chiftop/u_mwfil_chifcore   | CHIF2DUT.u_b2dfifo/u_dpscram/mem_reg           | Implied   | 16 x 32              | RAM32M x 6     | 
|Subsystem1_fil                      | Sample_and_Hold_1_1/ShiftRegisterRAM_1/ram_reg | Implied   | 8 x 2                | RAM16X1D x 2   | 
|Subsystem1_fil                      | ShiftRegisterRAM_2/ram_reg                     | Implied   | 16 x 16              | RAM32M x 3     | 
|u_Subsystem1i_3/FFT_1_1/SDF1_1_1_1  | SDFCOMMUTATOR_1_1/dataXMEM_re_0_1_1/ram_reg    | Implied   | 8 x 13               | RAM32M x 3     | 
|u_Subsystem1i_3/FFT_1_1/SDF2_2_1_1  | SDFCOMMUTATOR_2_1/dataXMEM_re_0_2_1/ram_reg    | Implied   | 8 x 14               | RAM32M x 3     | 
|u_Subsystem1i_3/FFT_1_1/SDF2_2_1_1  | SDFCOMMUTATOR_2_1/dataXMEM_im_0_2_1/ram_reg    | Implied   | 8 x 14               | RAM32M x 3     | 
|u_Subsystem1i_3/FFT_1_1/SDF1_3_1_1  | SDFCOMMUTATOR_3_1/dataXMEM_re_0_3_1/ram_reg    | Implied   | 8 x 15               | RAM32M x 3     | 
|u_Subsystem1i_3/FFT_1_1/SDF1_3_1_1  | SDFCOMMUTATOR_3_1/dataXMEM_im_0_3_1/ram_reg    | Implied   | 8 x 15               | RAM32M x 3     | 
|u_Subsystem1i_3/FFT_1_1/SDF2_4_1_1  | SDFCOMMUTATOR_4_1/dataXMEM_re_0_4_1/ram_reg    | Implied   | 8 x 16               | RAM32M x 3     | 
|u_Subsystem1i_3/FFT_1_1/SDF2_4_1_1  | SDFCOMMUTATOR_4_1/dataXMEM_im_0_4_1/ram_reg    | Implied   | 8 x 16               | RAM32M x 3     | 
|u_Subsystem1i_3/FFT_1_1/SDF1_5_1_1  | SDFCOMMUTATOR_5_1/dataXMEM_re_0_5_1/ram_reg    | Implied   | 8 x 17               | RAM32M x 3     | 
|u_Subsystem1i_3/FFT_1_1/SDF1_5_1_1  | SDFCOMMUTATOR_5_1/dataXMEM_im_0_5_1/ram_reg    | Implied   | 8 x 17               | RAM32M x 3     | 
|u_Subsystem1i_3/FFT_1_1/SDF2_6_1_1  | dataMEM_re_0_6_1/ram_reg                       | Implied   | 32 x 18              | RAM32M x 3     | 
|u_Subsystem1i_3/FFT_1_1/SDF2_6_1_1  | SDFCOMMUTATOR_6_1/dataXMEM_re_0_6_1/ram_reg    | Implied   | 8 x 18               | RAM32M x 3     | 
|u_Subsystem1i_3/FFT_1_1/SDF2_6_1_1  | dataMEM_im_0_6_1/ram_reg                       | Implied   | 32 x 18              | RAM32M x 3     | 
|u_Subsystem1i_3/FFT_1_1/SDF2_6_1_1  | SDFCOMMUTATOR_6_1/dataXMEM_im_0_6_1/ram_reg    | Implied   | 8 x 18               | RAM32M x 3     | 
|u_Subsystem1i_3/FFT_1_1/SDF1_7_1_1  | dataMEM_re_0_7_1/ram_reg                       | Implied   | 16 x 19              | RAM32M x 4     | 
|u_Subsystem1i_3/FFT_1_1/SDF1_7_1_1  | SDFCOMMUTATOR_7_1/dataXMEM_re_0_7_1/ram_reg    | Implied   | 8 x 19               | RAM32M x 4     | 
|u_Subsystem1i_3/FFT_1_1/SDF1_7_1_1  | dataMEM_im_0_7_1/ram_reg                       | Implied   | 16 x 19              | RAM32M x 4     | 
|u_Subsystem1i_3/FFT_1_1/SDF1_7_1_1  | SDFCOMMUTATOR_7_1/dataXMEM_im_0_7_1/ram_reg    | Implied   | 8 x 19               | RAM32M x 4     | 
|u_Subsystem1i_3/FFT_1_1/SDF2_8_1_1  | dataMEM_re_0_8_1/ram_reg                       | Implied   | 8 x 20               | RAM32M x 4     | 
|u_Subsystem1i_3/FFT_1_1/SDF2_8_1_1  | SDFCOMMUTATOR_8_1/dataXMEM_re_0_8_1/ram_reg    | Implied   | 8 x 20               | RAM32M x 4     | 
|u_Subsystem1i_3/FFT_1_1/SDF2_8_1_1  | dataMEM_im_0_8_1/ram_reg                       | Implied   | 8 x 20               | RAM32M x 4     | 
|u_Subsystem1i_3/FFT_1_1/SDF2_8_1_1  | SDFCOMMUTATOR_8_1/dataXMEM_im_0_8_1/ram_reg    | Implied   | 8 x 20               | RAM32M x 4     | 
|u_Subsystem1i_3/FFT_1_1/SDF1_9_1_1  | dataMEM_re_0_9_1/ram_reg                       | Implied   | 4 x 21               | RAM32M x 4     | 
|u_Subsystem1i_3/FFT_1_1/SDF1_9_1_1  | SDFCOMMUTATOR_9_1/dataXMEM_re_0_9_1/ram_reg    | Implied   | 8 x 21               | RAM32M x 4     | 
|u_Subsystem1i_3/FFT_1_1/SDF1_9_1_1  | dataMEM_im_0_9_1/ram_reg                       | Implied   | 4 x 21               | RAM32M x 4     | 
|u_Subsystem1i_3/FFT_1_1/SDF1_9_1_1  | SDFCOMMUTATOR_9_1/dataXMEM_im_0_9_1/ram_reg    | Implied   | 8 x 21               | RAM32M x 4     | 
|u_Subsystem1i_3/FFT_1_1/SDF2_10_1_1 | SDFCOMMUTATOR_10_1/dataXMEM_re_0_10_1/ram_reg  | Implied   | 8 x 22               | RAM32M x 4     | 
|u_Subsystem1i_3/FFT_1_1/SDF2_10_1_1 | SDFCOMMUTATOR_10_1/dataXMEM_im_0_10_1/ram_reg  | Implied   | 8 x 22               | RAM32M x 4     | 
|u_Subsystem1i_3/FFT_1_1/RADIX2_1    | SDFCOMMUTATOR_11_1/dataXMEM_re_0_11_1/ram_reg  | Implied   | 8 x 23               | RAM16X1S x 23  | 
|u_Subsystem1i_3/FFT_1_1/RADIX2_1    | SDFCOMMUTATOR_11_1/dataXMEM_im_0_11_1/ram_reg  | Implied   | 8 x 23               | RAM16X1S x 23  | 
|Subsystem1_fil                      | ShiftRegisterRAM_generic_1_1/ram_reg           | Implied   | 16 x 2               | RAM16X1D x 2   | 
|Subsystem1_fil                      | ShiftRegisterRAM_generic_2/ram_reg             | Implied   | 8 x 49               | RAM32M x 9     | 
+------------------------------------+------------------------------------------------+-----------+----------------------+----------------+

Note: The table above is a preliminary report that shows the Distributed RAMs at the current stage of the synthesis flow. Some Distributed RAMs may be reimplemented as non Distributed RAM primitives later in the synthesis flow. Multiple instantiated RAMs are reported only once.

DSP: Preliminary Mapping Report (see note below. The ' indicates corresponding REG is set)
+------------------------+----------------+--------+--------+--------+--------+--------+------+------+------+------+-------+------+------+
|Module Name             | DSP Mapping    | A Size | B Size | C Size | D Size | P Size | AREG | BREG | CREG | DREG | ADREG | MREG | PREG | 
+------------------------+----------------+--------+--------+--------+--------+--------+------+------+------+------+-------+------+------+
|Subsystem_Reference     | C+(A*B)'       | 16     | 16     | 30     | -      | 30     | 0    | 0    | 0    | -    | -     | 1    | 0    | 
|Absolute_of_Complex     | (C'+(A2*B2)')' | 12     | 12     | 23     | -      | 25     | 1    | 1    | 1    | -    | -     | 1    | 1    | 
|Absolute_of_Complex     | (C'+(A2*B2)')' | 12     | 12     | 23     | -      | 25     | 1    | 1    | 1    | -    | -     | 1    | 1    | 
|Complex4Multiply        | (A2*B2)'       | 15     | 12     | -      | -      | 27     | 1    | 1    | -    | -    | -     | 1    | 1    | 
|Complex4Multiply        | (A2*B2)'       | 15     | 12     | -      | -      | 27     | 1    | 1    | -    | -    | -     | 1    | 1    | 
|Complex4Multiply        | (A2*B2)'       | 15     | 12     | -      | -      | 27     | 1    | 1    | -    | -    | -     | 1    | 1    | 
|Complex4Multiply        | (A2*B2)'       | 15     | 12     | -      | -      | 27     | 1    | 1    | -    | -    | -     | 1    | 1    | 
|Complex4Multiply_block  | (A2*B2)'       | 17     | 12     | -      | -      | 29     | 1    | 1    | -    | -    | -     | 1    | 1    | 
|Complex4Multiply_block  | (A2*B2)'       | 17     | 12     | -      | -      | 29     | 1    | 1    | -    | -    | -     | 1    | 1    | 
|Complex4Multiply_block  | (A2*B2)'       | 17     | 12     | -      | -      | 29     | 1    | 1    | -    | -    | -     | 1    | 1    | 
|Complex4Multiply_block  | (A2*B2)'       | 17     | 12     | -      | -      | 29     | 1    | 1    | -    | -    | -     | 1    | 1    | 
|Complex4Multiply_block1 | (A2*B2)'       | 19     | 12     | -      | -      | 31     | 1    | 1    | -    | -    | -     | 1    | 1    | 
|Complex4Multiply_block1 | (A2*B2)'       | 19     | 12     | -      | -      | 31     | 1    | 1    | -    | -    | -     | 1    | 1    | 
|Complex4Multiply_block1 | (A2*B2)'       | 19     | 12     | -      | -      | 31     | 1    | 1    | -    | -    | -     | 1    | 1    | 
|Complex4Multiply_block1 | (A2*B2)'       | 19     | 12     | -      | -      | 31     | 1    | 1    | -    | -    | -     | 1    | 1    | 
|Complex4Multiply_block2 | (A2*B2)'       | 21     | 12     | -      | -      | 33     | 1    | 1    | -    | -    | -     | 1    | 1    | 
|Complex4Multiply_block2 | (A2*B2)'       | 21     | 12     | -      | -      | 33     | 1    | 1    | -    | -    | -     | 1    | 1    | 
|Complex4Multiply_block2 | (A2*B2)'       | 21     | 12     | -      | -      | 33     | 1    | 1    | -    | -    | -     | 1    | 1    | 
|Complex4Multiply_block2 | (A2*B2)'       | 21     | 12     | -      | -      | 33     | 1    | 1    | -    | -    | -     | 1    | 1    | 
|Complex4Multiply_block3 | (A2*B2)'       | 23     | 12     | -      | -      | 35     | 1    | 1    | -    | -    | -     | 1    | 1    | 
|Complex4Multiply_block3 | (A2*B2)'       | 23     | 12     | -      | -      | 35     | 1    | 1    | -    | -    | -     | 1    | 1    | 
|Complex4Multiply_block3 | (A2*B2)'       | 23     | 12     | -      | -      | 35     | 1    | 1    | -    | -    | -     | 1    | 1    | 
|Complex4Multiply_block3 | (A2*B2)'       | 23     | 12     | -      | -      | 35     | 1    | 1    | -    | -    | -     | 1    | 1    | 
|myRMS                   | (C'+(A2*B2)')' | 12     | 12     | 23     | -      | 25     | 1    | 1    | 1    | -    | -     | 1    | 1    | 
|myRMS                   | C+(A*B2)'      | 16     | 16     | 39     | -      | 39     | 0    | 1    | 0    | -    | -     | 1    | 0    | 
+------------------------+----------------+--------+--------+--------+--------+--------+------+------+------+------+-------+------+------+

Note: The table above is a preliminary report that shows the DSPs inferred at the current stage of the synthesis flow. Some DSP may be reimplemented as non DSP primitives later in the synthesis flow. Multiple instantiated DSPs are reported only once.
---------------------------------------------------------------------------------
Finished ROM, RAM, DSP, Shift Register and Retiming Reporting
---------------------------------------------------------------------------------
---------------------------------------------------------------------------------
Start Applying XDC Timing Constraints
---------------------------------------------------------------------------------
WARNING: [Synth 8-565] redefining clock 'sysclk'
---------------------------------------------------------------------------------
Finished Applying XDC Timing Constraints : Time (s): cpu = 00:00:46 ; elapsed = 00:01:31 . Memory (MB): peak = 1810.070 ; gain = 843.051
---------------------------------------------------------------------------------
---------------------------------------------------------------------------------
Start Timing Optimization
---------------------------------------------------------------------------------
---------------------------------------------------------------------------------
Finished Timing Optimization : Time (s): cpu = 00:01:01 ; elapsed = 00:02:10 . Memory (MB): peak = 1869.457 ; gain = 902.438
---------------------------------------------------------------------------------
---------------------------------------------------------------------------------
Start ROM, RAM, DSP, Shift Register and Retiming Reporting
---------------------------------------------------------------------------------

Block RAM: Final Mapping Report
+---------------------------------------------+--------------------------------------+------------------------+---+---+------------------------+---+---+------------------+--------+--------+
|Module Name                                  | RTL Object                           | PORT A (Depth x Width) | W | R | PORT B (Depth x Width) | W | R | Ports driving FF | RAMB18 | RAMB36 | 
+---------------------------------------------+--------------------------------------+------------------------+---+---+------------------------+---+---+------------------+--------+--------+
|\u_mwfil_chiftop/u_mwfil_chifcore            | DUT2CHIF.u_d2bfifo/u_dpscram/mem_reg | 16 x 96(READ_FIRST)    | W |   | 16 x 96(WRITE_FIRST)   |   | R | Port A and B     | 1      | 1      | 
|u_Subsystem1i_3/FFT_1_1/SDF1_1_1_1           | dataMEM_re_0_1_generic_1/ram_reg     | 1 K x 13(READ_FIRST)   | W |   | 1 K x 13(WRITE_FIRST)  |   | R | Port A and B     | 1      | 0      | 
|u_Subsystem1i_3/FFT_1_1/SDF2_2_1_1           | dataMEM_im_0_2_1/ram_reg             | 512 x 14(READ_FIRST)   | W |   | 512 x 14(WRITE_FIRST)  |   | R | Port A and B     | 1      | 0      | 
|u_Subsystem1i_3/FFT_1_1/SDF2_2_1_1           | dataMEM_re_0_2_1/ram_reg             | 512 x 14(READ_FIRST)   | W |   | 512 x 14(WRITE_FIRST)  |   | R | Port A and B     | 1      | 0      | 
|u_Subsystem1i_3/FFT_1_1/SDF1_3_1_1           | dataMEM_im_0_3_1/ram_reg             | 256 x 15(READ_FIRST)   | W |   | 256 x 15(WRITE_FIRST)  |   | R | Port A and B     | 1      | 0      | 
|u_Subsystem1i_3/FFT_1_1/SDF1_3_1_1           | dataMEM_re_0_3_1/ram_reg             | 256 x 15(READ_FIRST)   | W |   | 256 x 15(WRITE_FIRST)  |   | R | Port A and B     | 1      | 0      | 
|u_Subsystem1i_3/FFT_1_1/SDF2_4_1_1           | dataMEM_im_0_4_1/ram_reg             | 128 x 16(READ_FIRST)   | W |   | 128 x 16(WRITE_FIRST)  |   | R | Port A and B     | 1      | 0      | 
|u_Subsystem1i_3/FFT_1_1/SDF2_4_1_1           | dataMEM_re_0_4_1/ram_reg             | 128 x 16(READ_FIRST)   | W |   | 128 x 16(WRITE_FIRST)  |   | R | Port A and B     | 1      | 0      | 
|u_Subsystem1i_3/FFT_1_1/SDF1_5_1_1           | dataMEM_im_0_5_1/ram_reg             | 64 x 17(READ_FIRST)    | W |   | 64 x 17(WRITE_FIRST)   |   | R | Port A and B     | 1      | 0      | 
|u_Subsystem1i_3/FFT_1_1/SDF1_5_1_1           | dataMEM_re_0_5_1/ram_reg             | 64 x 17(READ_FIRST)    | W |   | 64 x 17(WRITE_FIRST)   |   | R | Port A and B     | 1      | 0      | 
|u_Subsystem1i_3/FFT_1_1/NaturalOrder_Stage_1 | dataMEM_im_1_1/ram_reg               | 2 K x 23(READ_FIRST)   | W |   | 2 K x 23(WRITE_FIRST)  |   | R | Port A and B     | 1      | 1      | 
|u_Subsystem1i_3/FFT_1_1/NaturalOrder_Stage_1 | dataMEM_re_1_1/ram_reg               | 2 K x 23(READ_FIRST)   | W |   | 2 K x 23(WRITE_FIRST)  |   | R | Port A and B     | 1      | 1      | 
+---------------------------------------------+--------------------------------------+------------------------+---+---+------------------------+---+---+------------------+--------+--------+


Distributed RAM: Final Mapping Report
+------------------------------------+------------------------------------------------+-----------+----------------------+----------------+
|Module Name                         | RTL Object                                     | Inference | Size (Depth x Width) | Primitives     | 
+------------------------------------+------------------------------------------------+-----------+----------------------+----------------+
|\u_mwfil_chiftop/u_mwfil_chifcore   | CHIF2DUT.u_b2dfifo/u_dpscram/mem_reg           | Implied   | 16 x 32              | RAM32M x 6     | 
|Subsystem1_fil                      | ShiftRegisterRAM_generic_1_1/ram_reg           | Implied   | 16 x 2               | RAM16X1D x 2   | 
|Subsystem1_fil                      | ShiftRegisterRAM_generic_2/ram_reg             | Implied   | 8 x 49               | RAM32M x 9     | 
|u_Subsystem1i_3/FFT_1_1/SDF1_1_1_1  | SDFCOMMUTATOR_1_1/dataXMEM_re_0_1_1/ram_reg    | Implied   | 8 x 13               | RAM32M x 3     | 
|u_Subsystem1i_3/FFT_1_1/SDF2_2_1_1  | SDFCOMMUTATOR_2_1/dataXMEM_re_0_2_1/ram_reg    | Implied   | 8 x 14               | RAM32M x 3     | 
|u_Subsystem1i_3/FFT_1_1/SDF2_2_1_1  | SDFCOMMUTATOR_2_1/dataXMEM_im_0_2_1/ram_reg    | Implied   | 8 x 14               | RAM32M x 3     | 
|u_Subsystem1i_3/FFT_1_1/SDF1_3_1_1  | SDFCOMMUTATOR_3_1/dataXMEM_re_0_3_1/ram_reg    | Implied   | 8 x 15               | RAM32M x 3     | 
|u_Subsystem1i_3/FFT_1_1/SDF1_3_1_1  | SDFCOMMUTATOR_3_1/dataXMEM_im_0_3_1/ram_reg    | Implied   | 8 x 15               | RAM32M x 3     | 
|u_Subsystem1i_3/FFT_1_1/SDF2_4_1_1  | SDFCOMMUTATOR_4_1/dataXMEM_re_0_4_1/ram_reg    | Implied   | 8 x 16               | RAM32M x 3     | 
|u_Subsystem1i_3/FFT_1_1/SDF2_4_1_1  | SDFCOMMUTATOR_4_1/dataXMEM_im_0_4_1/ram_reg    | Implied   | 8 x 16               | RAM32M x 3     | 
|u_Subsystem1i_3/FFT_1_1/SDF1_5_1_1  | SDFCOMMUTATOR_5_1/dataXMEM_re_0_5_1/ram_reg    | Implied   | 8 x 17               | RAM32M x 3     | 
|u_Subsystem1i_3/FFT_1_1/SDF1_5_1_1  | SDFCOMMUTATOR_5_1/dataXMEM_im_0_5_1/ram_reg    | Implied   | 8 x 17               | RAM32M x 3     | 
|u_Subsystem1i_3/FFT_1_1/SDF2_6_1_1  | dataMEM_re_0_6_1/ram_reg                       | Implied   | 32 x 18              | RAM32M x 3     | 
|u_Subsystem1i_3/FFT_1_1/SDF2_6_1_1  | SDFCOMMUTATOR_6_1/dataXMEM_re_0_6_1/ram_reg    | Implied   | 8 x 18               | RAM32M x 3     | 
|u_Subsystem1i_3/FFT_1_1/SDF2_6_1_1  | dataMEM_im_0_6_1/ram_reg                       | Implied   | 32 x 18              | RAM32M x 3     | 
|u_Subsystem1i_3/FFT_1_1/SDF2_6_1_1  | SDFCOMMUTATOR_6_1/dataXMEM_im_0_6_1/ram_reg    | Implied   | 8 x 18               | RAM32M x 3     | 
|u_Subsystem1i_3/FFT_1_1/SDF1_7_1_1  | dataMEM_re_0_7_1/ram_reg                       | Implied   | 16 x 19              | RAM32M x 4     | 
|u_Subsystem1i_3/FFT_1_1/SDF1_7_1_1  | SDFCOMMUTATOR_7_1/dataXMEM_re_0_7_1/ram_reg    | Implied   | 8 x 19               | RAM32M x 4     | 
|u_Subsystem1i_3/FFT_1_1/SDF1_7_1_1  | dataMEM_im_0_7_1/ram_reg                       | Implied   | 16 x 19              | RAM32M x 4     | 
|u_Subsystem1i_3/FFT_1_1/SDF1_7_1_1  | SDFCOMMUTATOR_7_1/dataXMEM_im_0_7_1/ram_reg    | Implied   | 8 x 19               | RAM32M x 4     | 
|u_Subsystem1i_3/FFT_1_1/SDF2_8_1_1  | dataMEM_re_0_8_1/ram_reg                       | Implied   | 8 x 20               | RAM32M x 4     | 
|u_Subsystem1i_3/FFT_1_1/SDF2_8_1_1  | SDFCOMMUTATOR_8_1/dataXMEM_re_0_8_1/ram_reg    | Implied   | 8 x 20               | RAM32M x 4     | 
|u_Subsystem1i_3/FFT_1_1/SDF2_8_1_1  | dataMEM_im_0_8_1/ram_reg                       | Implied   | 8 x 20               | RAM32M x 4     | 
|u_Subsystem1i_3/FFT_1_1/SDF2_8_1_1  | SDFCOMMUTATOR_8_1/dataXMEM_im_0_8_1/ram_reg    | Implied   | 8 x 20               | RAM32M x 4     | 
|u_Subsystem1i_3/FFT_1_1/SDF1_9_1_1  | dataMEM_re_0_9_1/ram_reg                       | Implied   | 4 x 21               | RAM32M x 4     | 
|u_Subsystem1i_3/FFT_1_1/SDF1_9_1_1  | SDFCOMMUTATOR_9_1/dataXMEM_re_0_9_1/ram_reg    | Implied   | 8 x 21               | RAM32M x 4     | 
|u_Subsystem1i_3/FFT_1_1/SDF1_9_1_1  | dataMEM_im_0_9_1/ram_reg                       | Implied   | 4 x 21               | RAM32M x 4     | 
|u_Subsystem1i_3/FFT_1_1/SDF1_9_1_1  | SDFCOMMUTATOR_9_1/dataXMEM_im_0_9_1/ram_reg    | Implied   | 8 x 21               | RAM32M x 4     | 
|u_Subsystem1i_3/FFT_1_1/SDF2_10_1_1 | SDFCOMMUTATOR_10_1/dataXMEM_re_0_10_1/ram_reg  | Implied   | 8 x 22               | RAM32M x 4     | 
|u_Subsystem1i_3/FFT_1_1/SDF2_10_1_1 | SDFCOMMUTATOR_10_1/dataXMEM_im_0_10_1/ram_reg  | Implied   | 8 x 22               | RAM32M x 4     | 
|u_Subsystem1i_3/FFT_1_1/RADIX2_1    | SDFCOMMUTATOR_11_1/dataXMEM_re_0_11_1/ram_reg  | Implied   | 8 x 23               | RAM16X1S x 23  | 
|u_Subsystem1i_3/FFT_1_1/RADIX2_1    | SDFCOMMUTATOR_11_1/dataXMEM_im_0_11_1/ram_reg  | Implied   | 8 x 23               | RAM16X1S x 23  | 
|Subsystem1_fil                      | Sample_and_Hold_1_1/ShiftRegisterRAM_1/ram_reg | Implied   | 8 x 2                | RAM16X1D x 2   | 
|Subsystem1_fil                      | ShiftRegisterRAM_2/ram_reg                     | Implied   | 16 x 16              | RAM32M x 3     | 
+------------------------------------+------------------------------------------------+-----------+----------------------+----------------+

---------------------------------------------------------------------------------
Finished ROM, RAM, DSP, Shift Register and Retiming Reporting
---------------------------------------------------------------------------------
---------------------------------------------------------------------------------
Start Technology Mapping
---------------------------------------------------------------------------------
INFO: [Synth 8-7052] The timing for the instance u_mwfil_chiftop/u_mwfil_chifcore/DUT2CHIF.u_d2bfifo/u_dpscram/mem_reg_0 (implemented as a Block RAM) might be sub-optimal as no optional output register could be merged into the ram block. Providing additional output register may help in improving timing.
INFO: [Synth 8-7052] The timing for the instance u_mwfil_chiftop/u_mwfil_chifcore/DUT2CHIF.u_d2bfifo/u_dpscram/mem_reg_1 (implemented as a Block RAM) might be sub-optimal as no optional output register could be merged into the ram block. Providing additional output register may help in improving timing.
---------------------------------------------------------------------------------
Finished Technology Mapping : Time (s): cpu = 00:01:05 ; elapsed = 00:02:22 . Memory (MB): peak = 1923.395 ; gain = 956.375
---------------------------------------------------------------------------------
---------------------------------------------------------------------------------
Start IO Insertion
---------------------------------------------------------------------------------
---------------------------------------------------------------------------------
Start Flattening Before IO Insertion
---------------------------------------------------------------------------------
---------------------------------------------------------------------------------
Finished Flattening Before IO Insertion
---------------------------------------------------------------------------------
---------------------------------------------------------------------------------
Start Final Netlist Cleanup
---------------------------------------------------------------------------------
---------------------------------------------------------------------------------
Finished Final Netlist Cleanup
---------------------------------------------------------------------------------
---------------------------------------------------------------------------------
Finished IO Insertion : Time (s): cpu = 00:01:08 ; elapsed = 00:02:28 . Memory (MB): peak = 1923.395 ; gain = 956.375
---------------------------------------------------------------------------------
---------------------------------------------------------------------------------
Start Renaming Generated Instances
---------------------------------------------------------------------------------
---------------------------------------------------------------------------------
Finished Renaming Generated Instances : Time (s): cpu = 00:01:08 ; elapsed = 00:02:28 . Memory (MB): peak = 1923.395 ; gain = 956.375
---------------------------------------------------------------------------------
---------------------------------------------------------------------------------
Start Rebuilding User Hierarchy
---------------------------------------------------------------------------------
---------------------------------------------------------------------------------
Finished Rebuilding User Hierarchy : Time (s): cpu = 00:01:10 ; elapsed = 00:02:33 . Memory (MB): peak = 1923.395 ; gain = 956.375
---------------------------------------------------------------------------------
---------------------------------------------------------------------------------
Start Renaming Generated Ports
---------------------------------------------------------------------------------
---------------------------------------------------------------------------------
Finished Renaming Generated Ports : Time (s): cpu = 00:01:10 ; elapsed = 00:02:33 . Memory (MB): peak = 1923.395 ; gain = 956.375
---------------------------------------------------------------------------------
---------------------------------------------------------------------------------
Start Handling Custom Attributes
---------------------------------------------------------------------------------
---------------------------------------------------------------------------------
Finished Handling Custom Attributes : Time (s): cpu = 00:01:10 ; elapsed = 00:02:33 . Memory (MB): peak = 1923.777 ; gain = 956.758
---------------------------------------------------------------------------------
---------------------------------------------------------------------------------
Start Renaming Generated Nets
---------------------------------------------------------------------------------
---------------------------------------------------------------------------------
Finished Renaming Generated Nets : Time (s): cpu = 00:01:10 ; elapsed = 00:02:33 . Memory (MB): peak = 1923.777 ; gain = 956.758
---------------------------------------------------------------------------------
---------------------------------------------------------------------------------
Start ROM, RAM, DSP, Shift Register and Retiming Reporting
---------------------------------------------------------------------------------

Static Shift Register Report:
+---------------+-------------------------------------------------------------------------------------------------------------------------------------------------------------------------------------------------------+--------+-------+--------------+--------------------+-------------------+--------+---------+
|Module Name    | RTL Name                                                                                                                                                                                              | Length | Width | Reset Signal | Pull out first Reg | Pull out last Reg | SRL16E | SRLC32E | 
+---------------+-------------------------------------------------------------------------------------------------------------------------------------------------------------------------------------------------------+--------+-------+--------------+--------------------+-------------------+--------+---------+
|Subsystem1_fil | u_mwfil_chiftop/u_dut/u_Subsystem1/myRMS_1_1/CORDIC_Square_Root_HDL_Optim_2/Synchronous_Subsystem_2/cordicSquareRootHDL_2/eRegNorm_reg[4][3]                                                          | 4      | 1     | YES          | NO                 | YES               | 1      | 0       | 
|Subsystem1_fil | u_mwfil_chiftop/u_dut/u_Subsystem1/myRMS_1_1/CORDIC_Square_Root_HDL_Optim_2/Synchronous_Subsystem_2/cordicSquareRootHDL_2/eOutReg_reg[31]                                                             | 18     | 4     | YES          | NO                 | YES               | 4      | 0       | 
|Subsystem1_fil | u_mwfil_chiftop/u_dut/u_Subsystem1/myRMS_1_1/delayMatch2_reg_reg[3]                                                                                                                                   | 2048   | 1     | YES          | NO                 | YES               | 0      | 64      | 
|Subsystem1_fil | u_mwfil_chiftop/u_dut/u_Subsystem1/myRMS_1_1/CORDIC_Square_Root_HDL_Optim_2/Synchronous_Subsystem_2/cordicSquareRootHDL_2/delayMatch1_reg_reg[3]                                                      | 4      | 1     | YES          | NO                 | YES               | 1      | 0       | 
|Subsystem1_fil | u_mwfil_chiftop/u_dut/u_Subsystem1/Subsystem_Reference_1_1/CORDIC_Square_Root_HDL_Optim_1/Synchronous_Subsystem_1/cordicSquareRootHDL_1/delayMatch1_reg_reg[4]                                        | 5      | 1     | YES          | NO                 | YES               | 1      | 0       | 
|Subsystem1_fil | u_mwfil_chiftop/u_dut/u_Subsystem1/Subsystem_Reference_1_1/CORDIC_Square_Root_HDL_Optim_1/Synchronous_Subsystem_1/cordicSquareRootHDL_1/delayMatch_reg_reg[3]                                         | 4      | 1     | YES          | NO                 | YES               | 1      | 0       | 
|Subsystem1_fil | u_mwfil_chiftop/u_dut/u_Subsystem1/Subsystem_Reference_1_1/Real_Divide_HDL_Optimized_1_1/ForEach_Real_Divide_instance/Divide_real_numerator_by_den_1/normalizedCORDICDivide_1_1/delayMatch_reg_reg[4] | 5      | 1     | YES          | NO                 | YES               | 1      | 0       | 
|Subsystem1_fil | u_mwfil_chiftop/u_dut/u_Subsystem1/Subsystem_Reference_1_1/Delay_rsvd_reg_reg[5]                                                                                                                      | 6      | 1     | YES          | NO                 | YES               | 1      | 0       | 
|Subsystem1_fil | u_mwfil_chiftop/u_dut/u_Subsystem1/rd_6_reg_reg[3]                                                                                                                                                    | 4      | 1     | YES          | NO                 | YES               | 1      | 0       | 
|Subsystem1_fil | u_mwfil_chiftop/u_dut/u_Subsystem1/rd_9_reg_reg[3]                                                                                                                                                    | 4      | 1     | YES          | NO                 | YES               | 1      | 0       | 
|Subsystem1_fil | u_mwfil_chiftop/u_dut/u_Subsystem1/Subsystem_Reference_1_1/Real_Divide_HDL_Optimized_1_1/ForEach_Real_Divide_instance/delayMatch_reg_reg[7]                                                           | 8      | 1     | YES          | NO                 | YES               | 1      | 0       | 
|Subsystem1_fil | u_mwfil_chiftop/u_dut/u_Subsystem1/Subsystem_Reference_1_1/Sample_and_Hold_1_1/rd_1_reg_reg[8]                                                                                                        | 9      | 1     | YES          | NO                 | YES               | 1      | 0       | 
|Subsystem1_fil | u_mwfil_chiftop/u_dut/u_Subsystem1/Subsystem_Reference_1_1/CORDIC_Square_Root_HDL_Optim_1/Synchronous_Subsystem_1/cordicSquareRootHDL_1/eRegNorm_reg[5][4]                                            | 5      | 1     | YES          | NO                 | YES               | 1      | 0       | 
|Subsystem1_fil | u_mwfil_chiftop/u_dut/u_Subsystem1/Subsystem_Reference_1_1/CORDIC_Square_Root_HDL_Optim_1/Synchronous_Subsystem_1/cordicSquareRootHDL_1/eRegNorm_reg[5][3]                                            | 4      | 1     | YES          | NO                 | YES               | 1      | 0       | 
|Subsystem1_fil | u_mwfil_chiftop/u_dut/u_Subsystem1/Subsystem_Reference_1_1/CORDIC_Square_Root_HDL_Optim_1/Synchronous_Subsystem_1/cordicSquareRootHDL_1/eOutReg_reg[31]                                               | 24     | 5     | YES          | NO                 | YES               | 0      | 5       | 
|Subsystem1_fil | u_mwfil_chiftop/u_dut/u_Subsystem1/Subsystem_Reference_1_1/Real_Divide_HDL_Optimized_1_1/ForEach_Real_Divide_instance/Normalize_numerator_1_1/positiveRealNormalizer_1_1/tReg_reg[5][4]               | 5      | 1     | YES          | NO                 | YES               | 1      | 0       | 
|Subsystem1_fil | u_mwfil_chiftop/u_dut/u_Subsystem1/Subsystem_Reference_1_1/Real_Divide_HDL_Optimized_1_1/ForEach_Real_Divide_instance/Normalize_numerator_1_1/positiveRealNormalizer_1_1/tReg_reg[5][3]               | 4      | 1     | YES          | NO                 | YES               | 1      | 0       | 
|Subsystem1_fil | u_mwfil_chiftop/u_dut/u_Subsystem1/Subsystem_Reference_1_1/Real_Divide_HDL_Optimized_1_1/ForEach_Real_Divide_instance/Normalize_numerator_1_1/positiveRealNormalizer_1_1/isNegativeReg_reg[5]         | 6      | 1     | YES          | NO                 | YES               | 1      | 0       | 
|Subsystem1_fil | u_mwfil_chiftop/u_dut/u_Subsystem1/Subsystem_Reference_1_1/Real_Divide_HDL_Optimized_1_1/ForEach_Real_Divide_instance/Normalize_denominator_1_1/positiveRealNormalizer_1/tReg_reg[5][4]               | 5      | 1     | YES          | NO                 | YES               | 1      | 0       | 
|Subsystem1_fil | u_mwfil_chiftop/u_dut/u_Subsystem1/Subsystem_Reference_1_1/Real_Divide_HDL_Optimized_1_1/ForEach_Real_Divide_instance/Normalize_denominator_1_1/positiveRealNormalizer_1/tReg_reg[5][3]               | 4      | 1     | YES          | NO                 | YES               | 1      | 0       | 
|Subsystem1_fil | u_mwfil_chiftop/u_dut/u_Subsystem1/Subsystem_Reference_1_1/Real_Divide_HDL_Optimized_1_1/ForEach_Real_Divide_instance/Normalize_denominator_1_1/positiveRealNormalizer_1/isNegativeReg_reg[5]         | 6      | 1     | YES          | NO                 | YES               | 1      | 0       | 
|Subsystem1_fil | u_mwfil_chiftop/u_dut/u_Subsystem1/Subsystem_Reference_1_1/Real_Divide_HDL_Optimized_1_1/ForEach_Real_Divide_instance/Normalize_denominator_1_1/positiveRealNormalizer_1/validReg_reg[5]              | 6      | 1     | YES          | NO                 | YES               | 1      | 0       | 
|Subsystem1_fil | u_mwfil_chiftop/u_dut/u_Subsystem1/Subsystem_Reference_1_1/Real_Divide_HDL_Optimized_1_1/ForEach_Real_Divide_instance/Divide_real_numerator_by_den_1/normalizedCORDICDivide_1_1/isNegativeReg_reg[17] | 18     | 1     | YES          | NO                 | YES               | 1      | 0       | 
|Subsystem1_fil | u_mwfil_chiftop/u_dut/u_Subsystem1/Subsystem_Reference_1_1/Real_Divide_HDL_Optimized_1_1/ForEach_Real_Divide_instance/Divide_real_numerator_by_den_1/normalizedCORDICDivide_1_1/isNumZeroReg_reg[17]  | 18     | 1     | YES          | NO                 | YES               | 1      | 0       | 
|Subsystem1_fil | u_mwfil_chiftop/u_dut/u_Subsystem1/Subsystem_Reference_1_1/Real_Divide_HDL_Optimized_1_1/ForEach_Real_Divide_instance/Divide_real_numerator_by_den_1/normalizedCORDICDivide_1_1/tReg_reg[17][33]      | 18     | 10    | YES          | NO                 | YES               | 10     | 0       | 
|Subsystem1_fil | u_mwfil_chiftop/u_dut/u_Subsystem1/Subsystem_Reference_1_1/Real_Divide_HDL_Optimized_1_1/ForEach_Real_Divide_instance/Divide_real_numerator_by_den_1/normalizedCORDICDivide_1_1/isDenZeroReg_reg[17]  | 18     | 1     | YES          | NO                 | YES               | 1      | 0       | 
|Subsystem1_fil | u_mwfil_chiftop/u_dut/u_Subsystem1/Subsystem_Reference_1_1/Real_Divide_HDL_Optimized_1_1/ForEach_Real_Divide_instance/Divide_real_numerator_by_den_1/normalizedCORDICDivide_1_1/validReg_reg[17]      | 18     | 1     | YES          | NO                 | YES               | 1      | 0       | 
|Subsystem1_fil | u_mwfil_chiftop/u_dut/u_Subsystem1/Subsystem_Reference_1_1/Absolute_of_Complex_1_1/CORDIC_Square_Root_HDL_Optim_1/Synchronous_Subsystem_1_1/cordicSquareRootHDL_1_1/eRegNorm_reg[5][4]                | 5      | 1     | YES          | NO                 | YES               | 1      | 0       | 
|Subsystem1_fil | u_mwfil_chiftop/u_dut/u_Subsystem1/Subsystem_Reference_1_1/Absolute_of_Complex_1_1/CORDIC_Square_Root_HDL_Optim_1/Synchronous_Subsystem_1_1/cordicSquareRootHDL_1_1/eRegNorm_reg[5][3]                | 4      | 1     | YES          | NO                 | YES               | 1      | 0       | 
|Subsystem1_fil | u_mwfil_chiftop/u_dut/u_Subsystem1/Subsystem_Reference_1_1/Absolute_of_Complex_1_1/CORDIC_Square_Root_HDL_Optim_1/Synchronous_Subsystem_1_1/cordicSquareRootHDL_1_1/eOutReg_reg[31]                   | 26     | 5     | YES          | NO                 | YES               | 0      | 5       | 
+---------------+-------------------------------------------------------------------------------------------------------------------------------------------------------------------------------------------------------+--------+-------+--------------+--------------------+-------------------+--------+---------+

---------------------------------------------------------------------------------
Finished ROM, RAM, DSP, Shift Register and Retiming Reporting
---------------------------------------------------------------------------------
---------------------------------------------------------------------------------
Start Writing Synthesis Report
---------------------------------------------------------------------------------

DSP Final Report (the ' indicates corresponding REG is set)
+------------------------+------------------+--------+--------+--------+--------+--------+------+------+------+------+-------+------+------+
|Module Name             | DSP Mapping      | A Size | B Size | C Size | D Size | P Size | AREG | BREG | CREG | DREG | ADREG | MREG | PREG | 
+------------------------+------------------+--------+--------+--------+--------+--------+------+------+------+------+-------+------+------+
|Complex4Multiply_block3 | ((A'*B')')'      | 30     | 18     | -      | -      | 35     | 1    | 1    | -    | -    | -     | 1    | 1    | 
|Complex4Multiply_block3 | ((A'*B')')'      | 30     | 18     | -      | -      | 35     | 1    | 1    | -    | -    | -     | 1    | 1    | 
|Complex4Multiply_block3 | ((A'*B')')'      | 30     | 18     | -      | -      | 35     | 1    | 1    | -    | -    | -     | 1    | 1    | 
|Complex4Multiply_block3 | ((A'*B')')'      | 30     | 18     | -      | -      | 35     | 1    | 1    | -    | -    | -     | 1    | 1    | 
|Complex4Multiply        | ((A'*B')')'      | 30     | 18     | -      | -      | 27     | 1    | 1    | -    | -    | -     | 1    | 1    | 
|Complex4Multiply        | ((A'*B')')'      | 30     | 18     | -      | -      | 27     | 1    | 1    | -    | -    | -     | 1    | 1    | 
|Complex4Multiply        | ((A'*B')')'      | 30     | 18     | -      | -      | 27     | 1    | 1    | -    | -    | -     | 1    | 1    | 
|Complex4Multiply        | ((A'*B')')'      | 30     | 18     | -      | -      | 27     | 1    | 1    | -    | -    | -     | 1    | 1    | 
|Complex4Multiply_block  | ((A'*B')')'      | 30     | 18     | -      | -      | 29     | 1    | 1    | -    | -    | -     | 1    | 1    | 
|Complex4Multiply_block  | ((A'*B')')'      | 30     | 18     | -      | -      | 29     | 1    | 1    | -    | -    | -     | 1    | 1    | 
|Complex4Multiply_block  | ((A'*B')')'      | 30     | 18     | -      | -      | 29     | 1    | 1    | -    | -    | -     | 1    | 1    | 
|Complex4Multiply_block  | ((A'*B')')'      | 30     | 18     | -      | -      | 29     | 1    | 1    | -    | -    | -     | 1    | 1    | 
|Complex4Multiply_block1 | ((A'*B')')'      | 30     | 18     | -      | -      | 31     | 1    | 1    | -    | -    | -     | 1    | 1    | 
|Complex4Multiply_block1 | ((A'*B')')'      | 30     | 18     | -      | -      | 31     | 1    | 1    | -    | -    | -     | 1    | 1    | 
|Complex4Multiply_block1 | ((A'*B')')'      | 30     | 18     | -      | -      | 31     | 1    | 1    | -    | -    | -     | 1    | 1    | 
|Complex4Multiply_block1 | ((A'*B')')'      | 30     | 18     | -      | -      | 31     | 1    | 1    | -    | -    | -     | 1    | 1    | 
|Complex4Multiply_block2 | ((A'*B')')'      | 30     | 18     | -      | -      | 33     | 1    | 1    | -    | -    | -     | 1    | 1    | 
|Complex4Multiply_block2 | ((A'*B')')'      | 30     | 18     | -      | -      | 33     | 1    | 1    | -    | -    | -     | 1    | 1    | 
|Complex4Multiply_block2 | ((A'*B')')'      | 30     | 18     | -      | -      | 33     | 1    | 1    | -    | -    | -     | 1    | 1    | 
|Complex4Multiply_block2 | ((A'*B')')'      | 30     | 18     | -      | -      | 33     | 1    | 1    | -    | -    | -     | 1    | 1    | 
|Subsystem_Reference     | (C+(A*B)')'      | 30     | 18     | 48     | -      | 30     | 0    | 0    | 0    | -    | -     | 1    | 1    | 
|Absolute_of_Complex     | (C'+(A'*B')')'   | 30     | 18     | 0      | -      | 25     | 1    | 1    | 1    | -    | -     | 1    | 1    | 
|Absolute_of_Complex     | (C'+(A'*B')')'   | 30     | 18     | 0      | -      | 25     | 1    | 1    | 1    | -    | -     | 1    | 1    | 
|myRMS                   | (C'+(A''*B'')')' | 30     | 18     | 0      | -      | 25     | 2    | 2    | 2    | -    | -     | 1    | 1    | 
|myRMS                   | (C+(A*B'')')'    | 16     | 16     | 39     | -      | 39     | 0    | 2    | 2    | -    | -     | 1    | 1    | 
+------------------------+------------------+--------+--------+--------+--------+--------+------+------+------+------+-------+------+------+


Report BlackBoxes: 
+------+--------------+----------+
|      |BlackBox name |Instances |
+------+--------------+----------+
|1     |clk_wiz_0     |         1|
|2     |jtag_mac_fifo |         2|
|3     |simcycle_fifo |         1|
+------+--------------+----------+

Report Cell Usage: 
+------+---------------------+------+
|      |Cell                 |Count |
+------+---------------------+------+
|1     |clk_wiz_0_bbox       |     1|
|2     |jtag_mac_fifo_bbox   |     1|
|3     |jtag_mac_fifo_bbox_2 |     1|
|4     |simcycle_fifo_bbox   |     1|
|5     |BSCANE2              |     1|
|6     |BUFG                 |     1|
|7     |CARRY4               |  1316|
|8     |DSP48E1              |    25|
|12    |LUT1                 |   348|
|13    |LUT2                 |  2008|
|14    |LUT3                 |  2626|
|15    |LUT4                 |  3175|
|16    |LUT5                 |  1125|
|17    |LUT6                 |  1389|
|18    |MUXF7                |     1|
|19    |RAM16X1D             |     4|
|20    |RAM16X1S             |    46|
|21    |RAM32M               |   104|
|22    |RAM32X1D             |     2|
|23    |RAMB18E1             |    18|
|30    |RAMB36E1             |     3|
|32    |SRL16E               |    39|
|33    |SRLC32E              |    74|
|34    |FDRE                 | 14885|
|35    |FDSE                 |    23|
|36    |IBUF                 |     1|
+------+---------------------+------+
---------------------------------------------------------------------------------
Finished Writing Synthesis Report : Time (s): cpu = 00:01:10 ; elapsed = 00:02:33 . Memory (MB): peak = 1923.777 ; gain = 956.758
---------------------------------------------------------------------------------
Synthesis finished with 0 errors, 0 critical warnings and 4 warnings.
Synthesis Optimization Runtime : Time (s): cpu = 00:00:59 ; elapsed = 00:02:27 . Memory (MB): peak = 1923.777 ; gain = 841.000
Synthesis Optimization Complete : Time (s): cpu = 00:01:10 ; elapsed = 00:02:34 . Memory (MB): peak = 1923.777 ; gain = 956.758
INFO: [Project 1-571] Translating synthesized netlist
Netlist sorting complete. Time (s): cpu = 00:00:00 ; elapsed = 00:00:00.399 . Memory (MB): peak = 1928.906 ; gain = 0.000
INFO: [Netlist 29-17] Analyzing 1519 Unisim elements for replacement
INFO: [Netlist 29-28] Unisim Transformation completed in 0 CPU seconds
INFO: [Project 1-570] Preparing netlist for logic optimization
INFO: [Opt 31-138] Pushed 0 inverter(s) to 0 load pin(s).
Netlist sorting complete. Time (s): cpu = 00:00:00 ; elapsed = 00:00:00.011 . Memory (MB): peak = 1935.629 ; gain = 0.000
INFO: [Project 1-111] Unisim Transformation Summary:
  A total of 156 instances were transformed.
  RAM16X1D => RAM32X1D (RAMD32(x2)): 4 instances
  RAM16X1S => RAM32X1S (RAMS32): 46 instances
  RAM32M => RAM32M (RAMD32(x6), RAMS32(x2)): 104 instances
  RAM32X1D => RAM32X1D (RAMD32(x2)): 2 instances

Synth Design complete | Checksum: f684bdc9
INFO: [Common 17-83] Releasing license: Synthesis
384 Infos, 165 Warnings, 2 Critical Warnings and 0 Errors encountered.
synth_design completed successfully
synth_design: Time (s): cpu = 00:01:15 ; elapsed = 00:02:46 . Memory (MB): peak = 1935.629 ; gain = 1369.664
INFO: [runtcl-6] Synthesis results are not added to the cache due to CRITICAL_WARNING
Write ShapeDB Complete: Time (s): cpu = 00:00:00 ; elapsed = 00:00:00.099 . Memory (MB): peak = 1935.629 ; gain = 0.000
INFO: [Common 17-1381] The checkpoint 'D:/AGH_Files/Eng_Proj/Matlab_float_model/fixed_model/hdl_prj/fil_prj/fpgaproj/Subsystem1_fil.runs/synth_1/Subsystem1_fil.dcp' has been generated.
INFO: [Vivado 12-24828] Executing command : report_utilization -file Subsystem1_fil_utilization_synth.rpt -pb Subsystem1_fil_utilization_synth.pb
INFO: [Common 17-206] Exiting Vivado at Thu Dec 19 13:22:24 2024...
[Thu Dec 19 13:22:25 2024] synth_1 finished
wait_on_runs: Time (s): cpu = 00:00:00 ; elapsed = 00:04:39 . Memory (MB): peak = 1009.586 ; gain = 0.000
# if {[get_property PROGRESS [get_runs synth_1]] != "100%"} {  
#   error "ERROR: Synthesis failed" 
# }
# close_project
INFO: [Common 17-206] Exiting Vivado at Thu Dec 19 13:22:25 2024...
